Date,Close,High,Low,Open,Volume,ret_fwd_1,y
2015-01-01 00:00:00+00:00,189.9998,190.8772,189.0904,189.6574,2963643,-0.0026468448914155835,0
2015-01-02 00:00:00+00:00,189.4969,191.7438,189.2295,190.0426,7331366,-0.010953741195766325,0
2015-01-05 00:00:00+00:00,187.4212,190.6418,187.0468,189.3792,10103941,-0.045384406886734265,0
2015-01-06 00:00:00+00:00,178.9152,186.8114,178.0379,186.1694,18627980,0.02176785426839082,1
2015-01-07 00:00:00+00:00,182.8098,183.7728,179.1078,179.1292,20720312,-0.014338946817949534,0
2015-01-08 00:00:00+00:00,180.1885,184.6501,179.7819,184.051,19872227,0.021673414230097828,1
2015-01-09 00:00:00+00:00,184.0938,184.4575,180.8198,181.5473,13392787,-0.011623965608836273,0
2015-01-12 00:00:00+00:00,181.9539,184.2435,180.0922,184.1365,10100113,-0.00840927289824513,0
2015-01-13 00:00:00+00:00,180.4238,182.9489,179.8568,182.5316,9948711,-0.009725435336136441,0
2015-01-14 00:00:00+00:00,178.6691,181.2477,177.8667,180.3917,11380041,0.03509224594515788,1
2015-01-15 00:00:00+00:00,184.939,186.4048,179.7498,179.7498,16927085,0.006305863014291218,1
2015-01-16 00:00:00+00:00,186.1052,187.2394,182.3283,184.0295,19136963,0.011440840986710728,1
2015-01-19 00:00:00+00:00,188.2344,189.5932,183.7621,186.2122,13339962,0.026601407606686212,1
2015-01-20 00:00:00+00:00,193.2417,193.7767,188.0632,188.6303,13361320,0.004097459295793791,1
2015-01-21 00:00:00+00:00,194.0335,195.0285,190.8879,193.659,17084297,-0.025365207554365693,0
2015-01-22 00:00:00+00:00,189.1118,194.1298,188.2023,193.6911,23721627,0.003564029320222253,1
2015-01-23 00:00:00+00:00,189.7858,192.1183,187.6674,190.4492,18080494,0.0024243120402053855,1
2015-01-27 00:00:00+00:00,190.2459,191.8829,188.4163,191.0697,17939876,0.020021456441374017,1
2015-01-28 00:00:00+00:00,194.0549,194.6862,189.6147,189.6147,19298126,0.024866159009641096,1
2015-01-29 00:00:00+00:00,198.8803,199.9716,194.0656,194.1084,36117653,-0.01522473568271979,0
2015-01-30 00:00:00+00:00,195.8524,199.2762,194.515,199.0087,21746801,-0.007867148934605807,0
2015-02-02 00:00:00+00:00,194.3116,196.8474,193.8088,196.0235,19302710,0.03254257594502846,1
2015-02-03 00:00:00+00:00,200.635,201.3305,195.4137,195.4137,17092333,-0.009385700401226032,0
2015-02-04 00:00:00+00:00,198.7519,201.9617,198.1314,200.956,14072894,-0.005490765119729764,0
2015-02-05 00:00:00+00:00,197.6606,201.1272,196.3553,200.2926,12365643,-0.014939750258776786,0
2015-02-06 00:00:00+00:00,194.7076,199.0087,193.231,197.7462,9045844,-0.014507394677968435,0
2015-02-09 00:00:00+00:00,191.8829,196.4408,190.8771,192.8458,8839692,-0.016393331557944986,0
2015-02-10 00:00:00+00:00,188.7373,193.552,184.3077,192.1611,13651008,0.021201956370044482,1
2015-02-11 00:00:00+00:00,192.7389,193.6055,188.9513,189.5932,9781008,0.009381603817392335,1
2015-02-12 00:00:00+00:00,194.5471,195.5742,189.8607,194.301,8709626,0.009183894285753919,1
2015-02-13 00:00:00+00:00,196.3338,197.04,194.5256,195.5849,7393680,-0.0160216936666025,0
2015-02-16 00:00:00+00:00,193.1882,197.7676,192.5891,196.5906,12266698,-0.001273369698563271,0
2015-02-18 00:00:00+00:00,192.9422,194.301,191.3907,192.5891,9835036,0.0004431378931099372,1
2015-02-19 00:00:00+00:00,193.0277,194.2154,189.9249,194.0762,9550637,-0.032093321321240514,0
2015-02-20 00:00:00+00:00,186.8328,191.7331,186.4476,191.5726,18717199,-0.02479650254130968,0
2015-02-23 00:00:00+00:00,182.2,187.6139,181.2691,186.1588,14104463,-0.011744785949505945,0
2015-02-24 00:00:00+00:00,180.0601,183.3448,179.1078,182.7991,19946218,0.0020198811396861067,1
2015-02-25 00:00:00+00:00,180.4238,183.2806,179.9745,181.6329,15274116,-0.0013634564841224347,0
2015-02-26 00:00:00+00:00,180.1778,181.8897,179.0222,181.0551,21459750,0.016092437581100544,1
2015-02-27 00:00:00+00:00,183.0773,184.2435,180.7341,181.3654,18659378,0.010168928643802288,1
2015-03-02 00:00:00+00:00,184.939,187.3464,183.0773,185.9554,14579511,0.042290701258252746,1
2015-03-03 00:00:00+00:00,192.7602,193.9693,185.613,185.9554,20636925,-0.014375892948855572,0
2015-03-04 00:00:00+00:00,189.9891,194.6541,188.32,193.873,14476047,-0.0032659768376186904,0
2015-03-05 00:00:00+00:00,189.3686,192.3216,187.9134,190.9842,10716702,-0.01728956120497261,0
2015-03-09 00:00:00+00:00,186.0945,190.8237,184.9176,189.4006,14065391,-0.012073435808151274,0
2015-03-10 00:00:00+00:00,183.8477,187.4106,183.0452,185.9447,15234060,-0.0037248222305745226,0
2015-03-11 00:00:00+00:00,183.1629,186.0838,182.4033,184.2329,11635873,0.0091710712158412,1
2015-03-12 00:00:00+00:00,184.8427,185.613,183.088,183.6016,11782380,-0.015859971748951963,0
2015-03-13 00:00:00+00:00,181.9111,186.0838,181.2477,185.9554,12936157,-0.009410640692074394,0
2015-03-16 00:00:00+00:00,180.1992,182.7349,179.814,182.2106,13839990,0.017515616051569684,1
2015-03-17 00:00:00+00:00,183.3555,184.0081,179.9638,182.0073,19070082,0.013771062226112692,1
2015-03-18 00:00:00+00:00,185.8805,186.6509,182.8954,183.3876,9269885,-0.014389890278969577,0
2015-03-19 00:00:00+00:00,183.2057,187.6031,182.767,187.357,13934612,-0.0023940303167423725,0
2015-03-20 00:00:00+00:00,182.7671,184.2757,181.5901,183.5802,10405717,-0.014225755072986299,0
2015-03-23 00:00:00+00:00,180.1671,184.8855,179.3432,183.2806,13251683,0.0071261623237538286,1
2015-03-24 00:00:00+00:00,181.451,182.8098,180.1992,180.1992,9238431,-0.0035971143724751126,0
2015-03-25 00:00:00+00:00,180.7983,181.7827,179.9638,181.6757,10264941,-0.01846366918273015,0
2015-03-26 00:00:00+00:00,177.4601,181.7292,176.3474,179.9852,20621346,-0.021222798815057568,0
2015-03-27 00:00:00+00:00,173.6939,178.6798,171.5005,178.4444,23326922,-0.00117044985460061,0
2015-03-30 00:00:00+00:00,173.4906,174.9778,170.4306,174.7425,17330588,0.01881024101593971,1
2015-03-31 00:00:00+00:00,176.754,178.2305,175.0421,175.0421,20235395,0.012166627063602648,1
2015-04-01 00:00:00+00:00,178.9045,179.5358,173.9935,176.5186,14588531,-0.013635207610764435,0
2015-04-06 00:00:00+00:00,176.4651,179.3218,175.7696,178.8939,12334096,0.009943609246247476,1
2015-04-07 00:00:00+00:00,178.2198,178.9153,176.7647,176.7647,21275454,0.0396830206295822,1
2015-04-08 00:00:00+00:00,185.2921,186.0624,178.2305,178.3589,24821205,0.033721891003448086,1
2015-04-09 00:00:00+00:00,191.5405,192.3751,183.7728,185.2065,27276420,0.010334106886011043,1
2015-04-10 00:00:00+00:00,193.5199,194.4722,190.2566,191.5084,25323219,0.020069770602403073,1
2015-04-13 00:00:00+00:00,197.4038,197.8853,192.3216,194.0442,20177342,0.0012466831945484973,1
2015-04-15 00:00:00+00:00,197.6499,201.063,194.1298,197.0828,22231264,0.005088289951069999,1
2015-04-16 00:00:00+00:00,198.6556,200.7206,196.6548,197.8318,20177302,-0.0016158618231753748,0
2015-04-17 00:00:00+00:00,198.3346,202.0687,197.4252,200.0893,23958678,-0.04445164888022556,0
2015-04-20 00:00:00+00:00,189.5183,200.6029,187.9883,200.5708,37628162,-0.010387915045671117,0
2015-04-21 00:00:00+00:00,187.5496,191.6261,186.6937,190.4813,17707007,0.00376540392514831,1
2015-04-22 00:00:00+00:00,188.2558,189.7537,185.5275,188.7159,14761313,-0.0030686969538255555,0
2015-04-23 00:00:00+00:00,187.6781,190.3208,185.9661,189.1332,13337818,0.0021089301308997075,1
2015-04-24 00:00:00+00:00,188.0739,189.2616,185.8805,187.6673,12709854,-0.004095730454890445,0
2015-04-27 00:00:00+00:00,187.3036,189.9142,186.4797,188.32,11042925,-0.011539020072224897,0
2015-04-28 00:00:00+00:00,185.1423,188.7373,183.7193,187.1752,14687371,-0.0175681084225485,0
2015-04-29 00:00:00+00:00,181.8897,186.2871,181.3333,184.4575,16387960,0.01452913496476156,1
2015-04-30 00:00:00+00:00,184.5324,185.2921,181.451,181.8896,34802149,0.033165449536233245,1
2015-05-04 00:00:00+00:00,190.6525,191.2837,184.1366,185.3563,15078502,0.0013464287119234997,1
2015-05-05 00:00:00+00:00,190.9092,192.9742,189.4006,191.2409,17846755,-0.013338278092412548,0
2015-05-06 00:00:00+00:00,188.3628,191.8936,186.5974,190.4492,22438208,-0.010792470700159394,0
2015-05-07 00:00:00+00:00,186.3299,187.9776,184.0295,187.2393,16735535,0.03463641637761841,1
2015-05-08 00:00:00+00:00,192.7837,193.6612,186.5865,188.7317,17104443,0.007024452793467454,1
2015-05-11 00:00:00+00:00,194.1379,194.8963,191.4185,193.4662,14214007,-0.03041446312131731,0
2015-05-12 00:00:00+00:00,188.2333,193.9104,187.4641,193.9104,16650201,0.018878699996228022,1
2015-05-13 00:00:00+00:00,191.7869,192.5562,185.7414,189.2409,16701434,-0.007795631505592968,0
2015-05-14 00:00:00+00:00,190.2918,192.0253,188.58,191.982,12329713,-0.004839409790647778,0
2015-05-15 00:00:00+00:00,189.3709,192.1878,188.5367,191.0935,8331715,0.020138785843020143,1
2015-05-18 00:00:00+00:00,193.1846,193.7154,188.9917,189.5768,9847540,0.004486382454916224,1
2015-05-19 00:00:00+00:00,194.0513,196.0448,192.112,193.1196,14513036,0.014851227484690912,1
2015-05-20 00:00:00+00:00,196.9332,197.399,194.5171,195.1022,8708891,-0.013313651532600957,0
2015-05-21 00:00:00+00:00,194.3113,198.3525,193.7371,197.4532,10759523,0.00791770730780968,1
2015-05-22 00:00:00+00:00,195.8498,196.229,194.3655,194.3655,8349048,-0.010345172678246214,0
2015-05-25 00:00:00+00:00,193.8237,196.749,193.3579,195.0155,6617337,-0.0110672740227331,0
2015-05-26 00:00:00+00:00,191.6786,194.1488,191.2669,193.9321,9510249,0.0007914289858127369,1
2015-05-27 00:00:00+00:00,191.8303,193.0437,190.7252,191.9819,8078236,-0.010730838663130803,0
2015-05-28 00:00:00+00:00,189.7718,193.7696,188.9484,191.9494,26538868,0.0013700665746965086,1
2015-05-29 00:00:00+00:00,190.0318,192.0795,189.1867,190.6602,29277517,0.028791497002080627,1
2015-06-01 00:00:00+00:00,195.5031,196.0773,190.2485,190.6819,19594976,-0.003990218057923256,0
2015-06-02 00:00:00+00:00,194.723,199.0892,193.1629,196.2614,20178960,-0.0025590197357271633,0
2015-06-03 00:00:00+00:00,194.2247,197.2799,192.5237,194.7989,15546279,0.018240213525880056,1
2015-06-04 00:00:00+00:00,197.7674,198.5258,193.4012,195.9256,15931395,-0.005423543010627751,0
2015-06-05 00:00:00+00:00,196.6948,198.6883,195.9798,197.1607,13066337,-0.024565977341546363,0
2015-06-08 00:00:00+00:00,191.8628,197.1824,191.3536,196.489,10846953,-0.001976412311297434,0
2015-06-09 00:00:00+00:00,191.4836,192.9895,190.1076,191.4511,9153355,0.02500840803076611,1
2015-06-10 00:00:00+00:00,196.2723,197.1607,191.7653,191.9819,13509379,-0.03162952693783075,0
2015-06-11 00:00:00+00:00,190.0643,197.074,189.3059,196.3156,14676438,0.014478784285107757,1
2015-06-12 00:00:00+00:00,192.8162,193.4337,190.3026,190.4652,21543824,0.01337283900419151,1
2015-06-15 00:00:00+00:00,195.3947,196.0989,192.8487,193.9104,12858570,0.0024396772276832172,1
2015-06-16 00:00:00+00:00,195.8714,196.099,193.5421,194.7988,13929305,0.030145799744117924,1
2015-06-17 00:00:00+00:00,201.7761,204.1921,193.7154,196.1098,26232634,0.05127762901552758,1
2015-06-18 00:00:00+00:00,212.1227,212.7836,202.0577,202.0686,49366799,0.018080573177693803,1
2015-06-19 00:00:00+00:00,215.958,218.0707,212.892,212.892,45710935,-0.00496670648922473,0
2015-06-22 00:00:00+00:00,214.8854,218.5691,213.7587,216.023,19394187,0.0033278203172482017,1
2015-06-23 00:00:00+00:00,215.6005,217.269,214.7338,215.0913,16007498,-0.004120584135936691,0
2015-06-24 00:00:00+00:00,214.7121,218.0815,213.7912,215.6005,18603004,0.013775190126686,1
2015-06-25 00:00:00+00:00,217.6698,218.6341,213.4337,213.867,27175118,-0.003832410375715923,0
2015-06-26 00:00:00+00:00,216.8356,219.7392,215.6872,216.6622,20966796,-0.009842940919295521,0
2015-06-29 00:00:00+00:00,214.7013,215.3513,210.6168,214.0621,20168946,0.009335295128627543,1
2015-06-30 00:00:00+00:00,216.7056,217.3015,214.0837,214.4954,23184864,0.005549464342407348,1
2015-07-01 00:00:00+00:00,217.9082,218.9483,216.9006,216.9006,14824266,0.005170525937068911,1
2015-07-02 00:00:00+00:00,219.0349,220.9634,218.2224,218.6341,15931202,-0.0036108400989978925,0
2015-07-03 00:00:00+00:00,218.244,219.6742,217.3448,218.7966,13831096,0.008290262275251587,1
2015-07-06 00:00:00+00:00,220.0533,220.7792,215.6438,215.8388,12237733,-0.012111156706125267,0
2015-07-07 00:00:00+00:00,217.3882,220.2809,216.6839,219.0675,11294999,-0.006628694657759724,0
2015-07-08 00:00:00+00:00,215.9472,218.5691,214.8746,215.7847,15190654,-0.00923142323679127,0
2015-07-09 00:00:00+00:00,213.9537,216.9006,213.0328,215.8172,16245867,0.014583996444090542,1
2015-07-10 00:00:00+00:00,217.074,217.5507,214.5713,214.7554,16110573,0.005190395901858351,1
2015-07-13 00:00:00+00:00,218.2007,219.3925,215.633,217.074,9860248,-0.009136084348033766,0
2015-07-14 00:00:00+00:00,216.2072,219.1758,215.6438,218.6124,9942927,0.01337929541661883,1
2015-07-15 00:00:00+00:00,219.0999,219.8042,216.5864,216.6297,13532911,0.012411689827334507,1
2015-07-16 00:00:00+00:00,221.8193,222.7077,219.1,219.2841,14854295,-0.001953391792328272,0
2015-07-17 00:00:00+00:00,221.386,223.4336,220.5842,222.1552,10195142,0.0029848319225244356,1
2015-07-20 00:00:00+00:00,222.0468,223.1736,220.5626,222.7077,6348354,-0.016540657194789546,0
2015-07-21 00:00:00+00:00,218.374,222.8486,217.2798,222.7511,7923338,0.04227059997985116,1
2015-07-22 00:00:00+00:00,227.6048,228.374,217.6807,217.7673,17309440,-0.004855345757207323,0
2015-07-23 00:00:00+00:00,226.4997,231.3859,225.6113,228.2765,18642915,-0.019372211089021305,0
2015-07-24 00:00:00+00:00,222.1119,227.4423,221.256,227.0848,13099664,-0.01921869111920611,0
2015-07-27 00:00:00+00:00,217.8432,223.1628,217.0631,222.0794,20118553,0.004874148011046501,1
2015-07-28 00:00:00+00:00,218.905,220.3026,216.7056,218.4824,13382878,-0.014105662273588941,0
2015-07-29 00:00:00+00:00,215.8172,219.4358,214.9721,218.7424,14790821,0.00416648904721208,1
2015-07-30 00:00:00+00:00,216.7164,218.4174,215.0154,216.7056,11701228,0.0016999174958609883,1
2015-07-31 00:00:00+00:00,217.0848,218.3957,214.5171,216.6839,16634259,0.0005988443225872813,1
2015-08-03 00:00:00+00:00,217.2148,219.685,216.5539,216.9006,9887787,-0.014414763634890457,0
2015-08-04 00:00:00+00:00,214.0837,217.9082,212.3503,217.4207,12006872,-0.00025317200702332904,0
2015-08-05 00:00:00+00:00,214.0295,216.8573,213.2386,214.1379,14345010,-0.008909052256815084,0
2015-08-06 00:00:00+00:00,212.1227,214.9504,211.8085,214.7337,8708037,0.005516147022454413,1
2015-08-07 00:00:00+00:00,213.2928,215.3838,211.7327,212.1335,8608888,-0.01569579470099322,0
2015-08-10 00:00:00+00:00,209.945,214.257,208.9916,213.3253,9288894,-0.002992688561289842,0
2015-08-11 00:00:00+00:00,209.3167,210.9743,207.5832,210.4001,8762464,-0.02391304659398896,0
2015-08-12 00:00:00+00:00,204.3113,209.3167,203.8021,208.7966,9650325,-0.010128661508198527,0
2015-08-13 00:00:00+00:00,202.2419,206.7056,201.386,205.1997,9340350,0.035999464008200185,1
2015-08-14 00:00:00+00:00,209.5225,210.6168,202.4478,203.7371,12739366,-0.016805355033469044,0
2015-08-17 00:00:00+00:00,206.0014,209.3167,204.9938,209.3167,10857430,-0.006942185829804951,0
2015-08-18 00:00:00+00:00,204.5713,207.1498,204.1596,207.1498,6630334,0.011121794699451897,1
2015-08-19 00:00:00+00:00,206.8465,208.2332,203.5637,204.5496,8877298,-0.040121539402406994,0
2015-08-20 00:00:00+00:00,198.5475,208.0057,197.9949,208.0057,19008087,-0.009112680844634192,0
2015-08-21 00:00:00+00:00,196.7382,197.5941,194.3655,197.1824,20050521,-0.08634876195878585,0
2015-08-24 00:00:00+00:00,179.7501,190.6818,177.2474,190.6818,35635706,0.022422240655220697,1
2015-08-25 00:00:00+00:00,183.7805,186.489,178.3742,182.1987,49504268,0.006189448826181326,1
2015-08-26 00:00:00+00:00,184.918,189.5551,182.0145,183.7046,18955515,0.018455747953146823,1
2015-08-27 00:00:00+00:00,188.3308,190.9527,185.7089,187.8216,26997546,0.0037391653409850427,1
2015-08-28 00:00:00+00:00,189.035,191.3319,187.6699,189.5984,10770215,-0.018912899727563656,0
2015-08-31 00:00:00+00:00,185.4598,189.1326,185.0047,189.1326,20708942,-0.018752311821753295,0
2015-09-01 00:00:00+00:00,181.982,185.0264,180.9528,185.0264,21645696,0.011549493905990688,1
2015-09-02 00:00:00+00:00,184.0838,185.7198,182.5779,184.1813,19652369,0.005061825103567015,1
2015-09-03 00:00:00+00:00,185.0156,186.5107,182.9679,185.0589,11659978,-0.02102255161186407,0
2015-09-04 00:00:00+00:00,181.1261,184.1163,178.7859,184.1163,16199949,-0.0032303461511069428,0
2015-09-07 00:00:00+00:00,180.541,182.8812,179.3493,181.6353,10234633,0.018483336195102437,1
2015-09-08 00:00:00+00:00,183.878,184.8205,178.7859,181.1477,12900468,0.029990537204015715,1
2015-09-09 00:00:00+00:00,189.3926,190.4001,184.2897,186.5648,17340694,-0.008065785041231698,0
2015-09-10 00:00:00+00:00,187.865,188.6234,185.3731,186.5649,11074406,-0.006978415351449216,0
2015-09-11 00:00:00+00:00,186.554,189.8368,185.5248,188.9484,10634833,0.0033684616786560416,1
2015-09-14 00:00:00+00:00,187.1824,187.5833,184.593,186.7274,7964072,0.003646710374479694,1
2015-09-15 00:00:00+00:00,187.865,188.515,185.3948,186.7815,11509788,0.006401405264418543,1
2015-09-16 00:00:00+00:00,189.0676,190.1077,187.475,188.9701,13424811,0.026187458877142356,1
2015-09-18 00:00:00+00:00,194.0188,194.9072,190.0643,190.346,34261453,-0.019321323500609142,0
2015-09-21 00:00:00+00:00,190.2701,192.4586,189.8259,190.6818,12732187,-0.03439216145889451,0
2015-09-22 00:00:00+00:00,183.7263,191.7436,182.9896,190.6818,15745524,0.0028896244032563796,1
2015-09-23 00:00:00+00:00,184.2572,185.6548,182.0145,182.6646,15221260,-0.0152878693478464,0
2015-09-24 00:00:00+00:00,181.4403,183.748,180.8769,183.748,29076982,-0.0037020441434456154,0
2015-09-28 00:00:00+00:00,180.7686,182.2095,179.566,181.9712,11624639,0.007791176122401791,1
2015-09-29 00:00:00+00:00,182.177,184.2355,179.0026,179.8477,15853471,0.025631665907331878,1
2015-09-30 00:00:00+00:00,186.8465,187.3883,181.6895,184.398,17292020,0.002783568330153434,1
2015-10-01 00:00:00+00:00,187.3666,189.3709,186.0448,189.3709,8663393,0.026945570875492198,1
2015-10-05 00:00:00+00:00,192.4153,192.8487,186.749,186.9549,16015412,0.011317707063835294,1
2015-10-06 00:00:00+00:00,194.593,195.1239,191.9278,194.073,12330294,0.017538143715344356,1
2015-10-07 00:00:00+00:00,198.0058,198.9267,193.0654,193.8671,11515191,-0.027030016292452077,0
2015-10-08 00:00:00+00:00,192.6537,198.2441,192.0362,198.2441,10753149,-0.0019682985585015877,0
2015-10-09 00:00:00+00:00,192.2745,196.1964,191.0069,193.7262,9327873,0.004958535843286636,1
2015-10-12 00:00:00+00:00,193.2279,195.3622,192.4153,192.4153,6212395,0.0020747521450060116,1
2015-10-13 00:00:00+00:00,193.6288,194.2138,191.3102,191.7761,6162561,0.010463319506189069,1
2015-10-14 00:00:00+00:00,195.6548,196.099,193.7046,194.1055,8002587,0.0008305444078039195,1
2015-10-15 00:00:00+00:00,195.8173,197.3991,195.0372,196.684,9048478,0.012282877968392007,1
2015-10-16 00:00:00+00:00,198.2225,198.2225,195.8173,195.9906,15246935,0.05323563167652516,1
2015-10-19 00:00:00+00:00,208.775,209.2083,203.8996,203.8996,33505855,-0.007057837384744348,0
2015-10-20 00:00:00+00:00,207.3015,209.4683,206.4998,209.1,18091895,-0.0017771217284969394,0
2015-10-21 00:00:00+00:00,206.9331,211.2235,206.4998,207.0415,14404450,0.0006808963863201017,1
2015-10-23 00:00:00+00:00,207.074,210.8443,203.9321,208.8725,12153422,-0.013394245535412538,0
2015-10-26 00:00:00+00:00,204.3004,208.6666,203.9646,208.4283,10938775,-0.0034997484096947603,0
2015-10-27 00:00:00+00:00,203.5854,205.4705,203.1195,203.4229,11601798,-0.002767389017090624,0
2015-10-28 00:00:00+00:00,203.022,204.7446,201.4944,203.0112,11958727,0.004322684241116732,1
2015-10-29 00:00:00+00:00,203.8996,204.7663,202.5886,202.8162,13280382,0.00712017090764288,1
2015-10-30 00:00:00+00:00,205.3514,207.1282,203.7046,204.1379,13366359,0.012767383129601156,1
2015-11-02 00:00:00+00:00,207.9732,208.3416,204.8096,205.633,7222044,0.007710128035727666,1
2015-11-03 00:00:00+00:00,209.5767,210.2809,208.2874,208.7208,11373522,-0.01643932746340588,0
2015-11-04 00:00:00+00:00,206.1314,211.2668,205.0263,209.75,10033187,-0.015452279468339169,0
2015-11-05 00:00:00+00:00,202.9462,206.0664,202.1661,205.633,10767454,0.016869495462344175,1
2015-11-06 00:00:00+00:00,206.3698,206.879,203.2279,203.5637,8367190,0.00929205726806923,1
2015-11-09 00:00:00+00:00,208.2874,209.1,200.0968,202.2744,17031699,-0.0400518706364379,0
2015-11-10 00:00:00+00:00,199.9451,207.9082,198.5475,207.3665,11486238,0.011162063986564276,1
2015-11-13 00:00:00+00:00,202.1769,203.3687,198.1575,198.2766,13682323,0.001339915687697317,1
2015-11-16 00:00:00+00:00,202.4478,204.1162,200.3785,200.6493,15346549,-0.007010696090547749,0
2015-11-17 00:00:00+00:00,201.0285,203.4445,200.6927,203.2604,8588142,-0.01697669733396013,0
2015-11-18 00:00:00+00:00,197.6157,201.7977,197.1715,200.996,11249222,0.024945386424256744,1
2015-11-19 00:00:00+00:00,202.5453,203.4012,198.7533,199.1109,12183206,0.012944264813846619,1
2015-11-20 00:00:00+00:00,205.1671,206.4564,200.5518,202.3828,11304265,0.007287718157540769,1
2015-11-23 00:00:00+00:00,206.6623,207.5615,205.0263,205.8497,10499517,0.014626276781009476,1
2015-11-24 00:00:00+00:00,209.685,210.5301,206.0772,206.4998,14806176,0.021649617283067493,1
2015-11-26 00:00:00+00:00,214.2246,214.9396,209.8042,210.4001,23805828,-0.009710369397352214,0
2015-11-27 00:00:00+00:00,212.1444,215.0588,211.0718,214.3004,10891864,-0.012205837156201077,0
2015-11-30 00:00:00+00:00,209.555,213.3036,208.5149,212.0252,29919205,-0.0012407243921644404,0
2015-12-01 00:00:00+00:00,209.295,212.0902,208.2874,208.8833,12981379,0.012475692204782828,1
2015-12-02 00:00:00+00:00,211.9061,212.2853,208.9916,209.3708,7573628,-0.0007673209973662751,0
2015-12-03 00:00:00+00:00,211.7435,214.2896,211.0718,211.2451,11361395,-0.01202398184595995,0
2015-12-04 00:00:00+00:00,209.1975,211.5269,208.32,210.6818,13443688,-0.013879706975465688,0
2015-12-07 00:00:00+00:00,206.2939,210.8335,205.7956,209.1975,14483909,-0.011711446630268742,0
2015-12-08 00:00:00+00:00,203.8779,206.6298,202.8378,205.6113,7532164,-0.02657031487964122,0
2015-12-09 00:00:00+00:00,198.4608,204.4304,197.7999,202.8595,9174419,0.03761347329044323,1
2015-12-10 00:00:00+00:00,205.9256,206.6731,199.3492,199.8909,18592203,0.0027359395820626548,1
2015-12-11 00:00:00+00:00,206.489,207.7999,204.3113,206.2289,18155513,0.0022558102368649253,1
2015-12-14 00:00:00+00:00,206.9548,208.7749,204.983,205.3297,10563900,0.021777702184245087,1
2015-12-15 00:00:00+00:00,211.4618,211.906,206.6406,207.3665,15718833,0.0028180030624916667,1
2015-12-16 00:00:00+00:00,212.0577,213.9862,210.9418,211.4618,12097338,0.03172721386679182,1
2015-12-17 00:00:00+00:00,218.7857,219.9342,211.9169,212.3611,19369032,-0.01762866585887467,0
2015-12-18 00:00:00+00:00,214.9288,218.6341,214.5171,217.5073,16016139,0.00020146206557714147,1
2015-12-21 00:00:00+00:00,214.9721,216.4672,213.2928,214.062,12331769,-0.004838302272713639,0
2015-12-22 00:00:00+00:00,213.932,217.2473,213.217,215.1238,11579277,0.01671231980255408,1
2015-12-23 00:00:00+00:00,217.5073,218.179,214.5171,214.9071,12919467,-0.003237592485401575,0
2015-12-24 00:00:00+00:00,216.8031,218.2441,215.8822,217.529,11901877,0.009844416431314848,1
2015-12-28 00:00:00+00:00,218.9374,219.6633,216.6839,216.8139,12885935,0.004948446450903371,1
2015-12-29 00:00:00+00:00,220.0208,220.7359,218.2332,218.9374,14913870,-0.010734439652978338,0
2015-12-30 00:00:00+00:00,217.659,220.1509,217.1173,219.9342,8151610,0.01005471861949198,1
2015-12-31 00:00:00+00:00,219.8475,220.9526,216.4889,217.4207,18483713,0.0007391487280955859,1
2016-01-01 00:00:00+00:00,220.01,220.7792,218.4607,218.8074,5416562,-0.019746829689559486,0
2016-01-04 00:00:00+00:00,215.6655,219.6742,213.802,217.7674,30170947,0.00989634410696192,1
2016-01-05 00:00:00+00:00,217.7998,218.8508,216.0339,216.7489,14946239,0.02691141130524454,1
2016-01-06 00:00:00+00:00,223.6611,225.0046,216.7706,218.3307,26759864,-0.018358579118138995,0
2016-01-07 00:00:00+00:00,219.555,222.7511,218.4282,221.2451,19739943,0.012336316640477268,1
2016-01-08 00:00:00+00:00,222.2635,223.8128,220.3025,221.0176,21313199,0.025201168882880046,1
2016-01-11 00:00:00+00:00,227.8648,229.8583,219.0674,220.14,29016443,-0.005848204724907109,0
2016-01-12 00:00:00+00:00,226.5322,230.8551,225.5896,228.6016,23373377,0.030035023718482403,1
2016-01-13 00:00:00+00:00,233.3361,236.1313,226.9114,228.1898,71802356,-0.014115261204759992,0
2016-01-14 00:00:00+00:00,230.0425,234.2353,228.179,230.5192,27823189,0.010973624438962428,1
2016-01-15 00:00:00+00:00,232.5669,236.0771,230.8984,231.7976,28767318,-0.05259518873924018,0
2016-01-18 00:00:00+00:00,220.335,234.8745,218.4391,232.9352,27254669,0.026307214015022604,1
2016-01-19 00:00:00+00:00,226.1314,227.4748,219.7392,222.9678,21489315,-0.037418951989860776,0
2016-01-20 00:00:00+00:00,217.6698,224.2462,214.5171,224.2462,45114225,-0.020257748203930948,0
2016-01-21 00:00:00+00:00,213.2603,222.2635,211.6352,220.4867,31768619,0.020270533240364024,1
2016-01-22 00:00:00+00:00,217.5832,219.0675,215.3947,215.3947,23682648,-0.00019946392920037586,0
2016-01-25 00:00:00+00:00,217.5398,220.7467,216.6839,218.8508,13099564,-0.0045816903389632796,0
2016-01-27 00:00:00+00:00,216.5431,218.8508,216.023,218.4391,17251028,0.0175614000169019,1
2016-01-28 00:00:00+00:00,220.3459,221.4077,216.0556,216.9006,23074633,0.01819230582461485,1
2016-01-29 00:00:00+00:00,224.3545,225.3513,220.5842,220.7901,19177163,-0.004925686803696797,0
2016-02-01 00:00:00+00:00,223.2494,225.7413,222.2202,225.3404,9918809,-0.028292573238718727,0
2016-02-02 00:00:00+00:00,216.9331,223.7912,214.6254,223.2495,14771279,-0.01972727997709886,0
2016-02-03 00:00:00+00:00,212.6536,215.3838,211.2668,214.0837,15691478,-0.008508203011846531,0
2016-02-04 00:00:00+00:00,210.8443,216.9006,209.2517,214.0837,18203784,-0.002209687432859247,0
2016-02-05 00:00:00+00:00,210.3784,212.7836,208.3199,212.1552,20998404,-0.010145052914177482,0
2016-02-08 00:00:00+00:00,208.2441,213.3904,207.5724,210.4218,12078110,-0.0036937421036178798,0
2016-02-09 00:00:00+00:00,207.4749,209.9234,205.8497,206.4781,19603494,0.005378481927211487,1
2016-02-10 00:00:00+00:00,208.5908,210.8335,205.5572,206.2181,16883350,-0.03957844737160023,0
2016-02-11 00:00:00+00:00,200.3351,209.3058,198.3741,208.6341,17114833,-0.019468879891741463,0
2016-02-12 00:00:00+00:00,196.4348,202.3611,192.437,202.3611,29319458,0.04434397571102474,1
2016-02-15 00:00:00+00:00,205.1455,206.1423,198.9158,198.9158,19283523,-0.01711126980606448,0
2016-02-16 00:00:00+00:00,201.6352,207.5832,200.866,206.0881,13024856,0.02369576343812979,1
2016-02-17 00:00:00+00:00,206.4131,207.464,198.5692,202.6211,15442221,-0.013121744695467423,0
2016-02-18 00:00:00+00:00,203.7046,209.9017,202.8162,208.6558,14433087,0.00452027101989849,1
2016-02-19 00:00:00+00:00,204.6254,206.4456,203.1087,203.6829,10235503,0.0190083928974603,1
2016-02-22 00:00:00+00:00,208.515,209.8151,204.5713,204.5713,12770834,-0.013145816847708745,0
2016-02-23 00:00:00+00:00,205.7739,209.5767,204.2788,208.6883,18989787,0.0031588068263273704,1
2016-02-24 00:00:00+00:00,206.4239,207.7024,204.1162,204.7446,15186204,-0.008974735968073442,0
2016-02-25 00:00:00+00:00,204.5713,207.269,203.8671,206.7598,24826958,0.0066201857249770365,1
2016-02-26 00:00:00+00:00,205.9256,207.7457,204.6146,206.4998,8349402,0.01715134009564623,1
2016-02-29 00:00:00+00:00,209.4575,215.5138,202.5995,206.1314,31032353,0.015155341775777861,1
2016-03-01 00:00:00+00:00,212.6319,213.4445,209.0241,209.035,16453192,0.02058534020530308,1
2016-03-02 00:00:00+00:00,217.009,217.9299,213.9212,215.1455,20105967,0.011332709703284257,1
2016-03-03 00:00:00+00:00,219.4683,220.5842,216.1422,218.8507,15880459,-0.00636811785574505,0
2016-03-04 00:00:00+00:00,218.0707,219.9342,217.4423,219.7175,8987660,0.02046904971644525,1
2016-03-08 00:00:00+00:00,222.5344,223.3795,218.3091,218.3091,13222993,0.014313292686434137,1
2016-03-09 00:00:00+00:00,225.7196,226.1963,220.7142,221.0176,11854901,-0.02875115851702744,0
2016-03-10 00:00:00+00:00,219.2299,226.6297,218.6341,225.7955,20706353,0.0027181511281079832,1
2016-03-11 00:00:00+00:00,219.8258,223.0869,218.9808,219.9125,15319044,0.005175006755349101,1
2016-03-14 00:00:00+00:00,220.9634,222.4044,219.49,220.8226,11880095,0.0007354159105082303,1
2016-03-15 00:00:00+00:00,221.1259,222.7186,219.9558,221.8843,10487788,0.00122509393969685,1
2016-03-16 00:00:00+00:00,221.3968,222.2743,217.8648,221.2343,11064129,0.005568282829742785,1
2016-03-17 00:00:00+00:00,222.6296,227.2093,221.7531,225.04,16832997,0.011023691368982317,1
2016-03-18 00:00:00+00:00,225.0838,225.7302,222.5638,223.1226,14030979,0.009832338000335863,1
2016-03-21 00:00:00+00:00,227.2969,228.2172,224.1087,225.2481,12708074,0.010170838229645918,1
2016-03-22 00:00:00+00:00,229.6087,230.5728,226.9353,227.2312,15333442,-0.017798541605784136,0
2016-03-23 00:00:00+00:00,225.522,229.4005,224.032,229.4005,16806372,-0.008550385328260563,0
2016-03-28 00:00:00+00:00,223.5937,226.0698,222.5529,225.6973,18070240,0.015533085234512366,1
2016-03-29 00:00:00+00:00,227.0668,228.3268,223.5499,224.3387,15871250,0.010422483603943884,1
2016-03-30 00:00:00+00:00,229.4334,230.4632,228.4802,228.4802,14453294,-0.001766961567060482,0
2016-03-31 00:00:00+00:00,229.028,231.3945,226.2889,228.1077,30833349,-0.010285205302408357,0
2016-04-01 00:00:00+00:00,226.6724,229.269,224.6017,227.6913,12381116,0.0005801323848866841,1
2016-04-04 00:00:00+00:00,226.8039,228.3706,224.6674,227.8886,8632568,-0.007825703173534504,0
2016-04-05 00:00:00+00:00,225.029,228.4144,223.9881,225.9931,10259495,0.006621368801354533,1
2016-04-06 00:00:00+00:00,226.519,227.1654,224.0758,226.1575,6990781,0.0033860294279949845,1
2016-04-07 00:00:00+00:00,227.286,229.6415,223.9662,226.771,8789163,-0.0008680693047526583,0
2016-04-08 00:00:00+00:00,227.0887,231.0549,225.9603,226.9901,13411752,0.003811726431125814,1
2016-04-11 00:00:00+00:00,227.9543,229.0937,226.3547,227.2312,10308361,0.006825052214413175,1
2016-04-12 00:00:00+00:00,229.5101,231.7123,227.4612,227.9543,11164859,0.017805752339439547,1
2016-04-13 00:00:00+00:00,233.5967,234.4403,230.6385,230.6385,16038542,-0.00121919530541309,0
2016-04-18 00:00:00+00:00,233.3119,233.7611,231.2631,233.5419,19065716,-0.025780939592022586,0
2016-04-20 00:00:00+00:00,227.2969,234.287,226.9682,234.287,21687934,0.003711445250683178,1
2016-04-21 00:00:00+00:00,228.1405,230.518,226.7929,228.1953,11380697,-0.0021127331622399323,0
2016-04-22 00:00:00+00:00,227.6585,229.532,225.5439,227.6694,11705087,-0.021223455306962017,0
2016-04-25 00:00:00+00:00,222.8268,228.8636,221.8188,228.8636,61157544,4.891691663669174e-05,1
2016-04-26 00:00:00+00:00,222.8377,224.3606,220.767,222.4981,26429236,0.0024093768693536793,1
2016-04-27 00:00:00+00:00,223.3746,224.8099,222.6296,223.0459,14502641,-0.02226797496223829,0
2016-04-28 00:00:00+00:00,218.4005,223.3308,217.1405,222.1913,61949033,-0.014046671138573425,0
2016-04-29 00:00:00+00:00,215.3327,218.8059,214.4891,217.6883,23479680,0.004325399718668019,1
2016-05-02 00:00:00+00:00,216.2641,217.4583,214.3029,214.522,10620873,-0.011297760469722076,0
2016-05-03 00:00:00+00:00,213.8208,218.017,213.1525,216.4941,17571826,0.0023571139945226054,1
2016-05-04 00:00:00+00:00,214.3248,215.5519,213.2072,213.4373,13546285,-0.0029138018558748768,0
2016-05-05 00:00:00+00:00,213.7003,215.4971,212.7471,214.7411,21665684,-0.006459981572323539,0
2016-05-06 00:00:00+00:00,212.3198,214.0399,211.8925,213.2073,14748329,0.014603442542805779,1
2016-05-09 00:00:00+00:00,215.4204,216.0559,213.1634,213.6455,15347096,-0.0005593713501599325,0
2016-05-10 00:00:00+00:00,215.2999,215.771,214.3029,215.4204,7248302,-0.007276826417476261,0
2016-05-11 00:00:00+00:00,213.7332,214.9055,212.5499,212.9443,12339923,0.017838595033434105,1
2016-05-12 00:00:00+00:00,217.5459,217.8527,213.6565,213.8646,12786216,-0.014756426115132422,0
2016-05-13 00:00:00+00:00,214.3357,217.0529,213.6455,216.7023,14648291,-0.002248808761209632,0
2016-05-16 00:00:00+00:00,213.8537,215.2889,212.7909,214.0837,9327335,-0.006967847645376313,0
2016-05-17 00:00:00+00:00,212.3636,215.4204,211.7501,214.7959,12157600,0.0014446920282007356,1
2016-05-18 00:00:00+00:00,212.6704,213.0977,211.2571,211.6515,8228838,-0.019936954084818617,0
2016-05-19 00:00:00+00:00,208.4304,212.9662,207.2033,212.9224,9134784,-0.017872153006471214,0
2016-05-20 00:00:00+00:00,204.7053,209.1535,204.0808,208.6057,18544619,-0.0044962196875215285,0
2016-05-23 00:00:00+00:00,203.7849,206.1296,202.8318,205.3955,18365734,0.011236848265008925,1
2016-05-24 00:00:00+00:00,206.0748,206.8527,203.3577,203.3577,12283217,0.011430800854835143,1
2016-05-25 00:00:00+00:00,208.4304,208.781,206.2282,208.1346,9240115,-0.004573229241031929,0
2016-05-26 00:00:00+00:00,207.4772,208.6933,206.8746,208.1674,14190024,0.02941335240691505,1
2016-05-27 00:00:00+00:00,213.5798,214.0619,207.8935,207.9593,13401594,-0.006156012881368086,0
2016-05-30 00:00:00+00:00,212.265,215.0698,211.4543,213.9523,9633652,-0.0112006218641792,0
2016-05-31 00:00:00+00:00,209.8875,213.2073,209.5917,212.3308,23332727,-0.004436662497766613,0
2016-06-01 00:00:00+00:00,208.9563,211.6953,208.5618,209.9094,9042808,0.0027785714046429997,1
2016-06-02 00:00:00+00:00,209.5369,209.7342,207.0937,209.1535,10253825,0.0035559369256680223,1
2016-06-03 00:00:00+00:00,210.282,210.9941,209.4493,210.3587,8643295,-0.00505416535889905,0
2016-06-06 00:00:00+00:00,209.2192,211.016,208.7262,210.5778,8672842,0.00026192624768663764,1
2016-06-07 00:00:00+00:00,209.274,210.5668,208.518,209.7561,18954268,-0.0009948679721322527,0
2016-06-08 00:00:00+00:00,209.0658,209.9204,207.9812,209.9204,12135516,0.01787045035582096,1
2016-06-09 00:00:00+00:00,212.8019,213.9632,209.526,210.3586,15643495,0.005714704614949451,1
2016-06-10 00:00:00+00:00,214.018,215.7053,212.1774,213.4264,16316760,0.004504761281761356,1
2016-06-13 00:00:00+00:00,214.9821,215.4971,211.027,212.528,10214469,-0.004943202248001144,0
2016-06-14 00:00:00+00:00,213.9194,215.9244,212.3965,214.9493,10923848,0.008553221446956203,1
2016-06-15 00:00:00+00:00,215.7491,216.1654,213.3716,214.7411,11129082,-0.008429699127366033,0
2016-06-16 00:00:00+00:00,213.9304,215.5409,211.9035,214.9603,9372207,-0.001434111281052068,0
2016-06-17 00:00:00+00:00,213.6236,214.4453,212.5718,214.0837,10534878,0.01569395890716192,1
2016-06-20 00:00:00+00:00,216.9762,217.5021,212.1117,213.021,10758608,-0.0031307581200150617,0
2016-06-21 00:00:00+00:00,216.2969,217.8418,214.6754,217.8308,13933068,-0.006686179968367576,0
2016-06-22 00:00:00+00:00,214.8507,216.0339,214.1056,215.8367,12788710,-5.119834378010256e-05,0
2016-06-23 00:00:00+00:00,214.8397,215.1794,212.5499,214.7302,9837526,-0.02957786666058462,0
2016-06-24 00:00:00+00:00,208.4852,211.4324,204.53,211.4324,24985097,0.004414222208578822,1
2016-06-27 00:00:00+00:00,209.4055,210.008,206.0857,206.0857,9163399,0.0022497021329430556,1
2016-06-28 00:00:00+00:00,209.8766,210.6983,209.263,209.5698,7604977,0.009500820958601388,1
2016-06-29 00:00:00+00:00,211.8706,212.3198,210.3587,210.7969,7523987,0.0023268919802936086,1
2016-06-30 00:00:00+00:00,212.3636,214.1933,211.9035,212.9881,12758283,0.004437201102260544,1
2016-07-01 00:00:00+00:00,213.3059,214.0399,212.5499,213.1525,6610193,0.013610969035549422,1
2016-07-04 00:00:00+00:00,216.2092,217.7212,213.7551,213.7551,7803505,0.0064863104807751015,1
2016-07-05 00:00:00+00:00,217.6116,219.759,214.8069,216.0778,11359882,-0.00523593411380654,0
2016-07-07 00:00:00+00:00,216.4722,219.2332,216.0887,217.4802,12029091,-0.0096164773120982,0
2016-07-08 00:00:00+00:00,214.3905,216.7132,213.9413,216.275,7140617,0.014411552750704874,1
2016-07-11 00:00:00+00:00,217.4802,218.017,215.9463,217.1515,8266601,0.01098214917955745,1
2016-07-12 00:00:00+00:00,219.8686,220.2192,217.1515,218.0828,9767494,0.005331820914855541,1
2016-07-13 00:00:00+00:00,221.0409,222.7829,220.0329,220.263,14915296,-0.003816488260769753,0
2016-07-14 00:00:00+00:00,220.1973,222.2132,218.7401,220.8985,10758372,0.00726439425006565,1
2016-07-15 00:00:00+00:00,221.7969,223.7252,219.8905,221.0957,13992989,-0.0058783508696469405,0
2016-07-18 00:00:00+00:00,220.4931,227.6146,219.507,225.259,32106850,0.011478363722039387,1
2016-07-19 00:00:00+00:00,223.024,224.1525,218.0937,220.4383,16649300,0.0051088672071167,1
2016-07-20 00:00:00+00:00,224.1634,225.3248,222.7501,223.4951,12265316,-0.016275627511003178,0
2016-07-21 00:00:00+00:00,220.515,224.6017,220.2192,224.3826,6711097,0.008446590934857107,1
2016-07-22 00:00:00+00:00,222.3776,223.024,220.2411,220.4383,6899519,0.00778450707265479,1
2016-07-25 00:00:00+00:00,224.1087,224.3278,220.7341,222.1913,8241568,0.0012708118872671607,1
2016-07-26 00:00:00+00:00,224.3935,226.7491,222.4543,224.1634,10516399,-0.010692823098708233,0
2016-07-27 00:00:00+00:00,221.9941,224.8208,221.0847,224.1744,11030767,0.013078725966140563,1
2016-07-28 00:00:00+00:00,224.8975,225.8069,221.9832,222.3995,15610838,-0.011156193376982912,0
2016-07-29 00:00:00+00:00,222.3885,224.5798,221.7531,224.3825,9629597,-0.0053208686600251485,0
2016-08-01 00:00:00+00:00,221.2052,223.5718,220.2301,223.0678,7978251,0.0032693625647137584,1
2016-08-02 00:00:00+00:00,221.9284,223.5061,220.5041,220.8766,7710138,-0.018611858599440232,0
2016-08-03 00:00:00+00:00,217.7979,222.279,217.2611,222.279,11872282,-0.0009559320819897945,0
2016-08-04 00:00:00+00:00,217.5897,219.1236,215.4862,218.9045,10187608,0.023413792105049156,1
2016-08-05 00:00:00+00:00,222.6843,223.2869,218.4772,218.6853,12109001,0.012792549811549262,1
2016-08-08 00:00:00+00:00,225.533,226.5738,223.2102,223.4842,13556347,0.0014086630337910731,1
2016-08-09 00:00:00+00:00,225.8507,226.6834,223.7252,225.0399,13290768,-0.026244328664910062,0
2016-08-10 00:00:00+00:00,219.9234,226.6943,219.5619,225.9712,13471958,0.010411807020080691,1
2016-08-11 00:00:00+00:00,222.2132,224.1306,219.0359,219.5509,14169454,0.021398368773772193,1
2016-08-12 00:00:00+00:00,226.9682,228.524,222.8487,222.8487,16365425,-0.010523060058633722,0
2016-08-16 00:00:00+00:00,224.5798,228.9403,222.52,227.0668,13367575,-0.011318471207116572,0
2016-08-17 00:00:00+00:00,222.0379,225.4343,220.7013,224.4045,15486572,0.004687938410514572,1
2016-08-18 00:00:00+00:00,223.0788,224.3059,222.6296,222.6296,7749690,-0.003094422240033601,0
2016-08-19 00:00:00+00:00,222.3885,223.9443,220.6794,223.0678,8177802,-0.0030051014328528135,0
2016-08-22 00:00:00+00:00,221.7202,223.4403,220.7013,221.7531,6684236,-0.0013832749564541545,0
2016-08-23 00:00:00+00:00,221.4135,222.4105,220.2192,221.7531,7320433,0.009945644687428732,1
2016-08-24 00:00:00+00:00,223.6156,223.9334,221.534,221.6873,8719596,-0.007643473890014873,0
2016-08-25 00:00:00+00:00,221.9064,225.4782,221.0957,223.769,14960746,0.015009481475072407,1
2016-08-26 00:00:00+00:00,225.2371,225.8726,222.3228,223.0459,9639663,0.028747928294228606,1
2016-08-29 00:00:00+00:00,231.7122,232.2162,224.8427,225.0947,16193208,0.008463947949223179,1
2016-08-30 00:00:00+00:00,233.6734,234.1336,230.7372,232.7093,18170724,-0.006001538900020286,0
2016-08-31 00:00:00+00:00,232.271,235.3387,229.4224,233.3447,23295502,-0.02905657615457804,0
2016-09-01 00:00:00+00:00,225.522,235.0648,224.7551,230.7371,42621045,-0.015400271370420571,0
2016-09-02 00:00:00+00:00,222.0489,226.2561,219.6276,225.9384,28124615,0.0064638915121848555,1
2016-09-06 00:00:00+00:00,223.4842,224.6017,222.4105,223.4842,11510431,-0.0022064199616796103,0
2016-09-07 00:00:00+00:00,222.9911,225.0509,221.9832,223.9443,12927438,0.015476850869832923,1
2016-09-08 00:00:00+00:00,226.4423,227.0011,223.5499,224.1744,12206479,0.010789503551235872,1
2016-09-09 00:00:00+00:00,228.8855,230.0579,225.6973,226.7929,15269894,0.0018668723007792213,1
2016-09-12 00:00:00+00:00,229.3128,231.3945,225.511,225.7849,33684893,-0.0016719520236115168,0
2016-09-14 00:00:00+00:00,228.9294,232.0519,228.0858,229.6415,18604842,0.019382394747026896,1
2016-09-15 00:00:00+00:00,233.3666,234.5061,229.4224,229.4224,31371009,0.009906301930096274,1
2016-09-16 00:00:00+00:00,235.6784,239.6883,232.0738,233.8049,39324529,0.006368848396798249,1
2016-09-19 00:00:00+00:00,237.1794,238.4065,234.6814,235.021,16678060,-0.007575700081878909,0
2016-09-20 00:00:00+00:00,235.3826,237.6943,234.2541,237.53,11531268,-0.0018153423405128607,0
2016-09-21 00:00:00+00:00,234.9553,237.7272,234.2431,235.3387,10943394,0.01557445182126133,1
2016-09-22 00:00:00+00:00,238.6146,240.1156,236.4343,237.3108,18761415,0.01271883614833289,1
2016-09-23 00:00:00+00:00,241.6495,243.1067,238.6256,238.6256,31085948,0.003989662713972104,1
2016-09-26 00:00:00+00:00,242.6136,247.5111,241.0907,241.781,38213411,0.002980871641161171,1
2016-09-27 00:00:00+00:00,243.3368,246.7222,242.4822,244.7611,19374535,-0.017874813838268645,0
2016-09-28 00:00:00+00:00,238.9872,242.789,238.034,242.7671,24820234,-0.01668750460275698,0
2016-09-29 00:00:00+00:00,234.9991,243.3915,233.8925,239.9403,21260295,0.010489827407849676,1
2016-09-30 00:00:00+00:00,237.4642,239.8417,233.6515,234.024,11199883,0.006459500000421068,1
2016-10-03 00:00:00+00:00,238.9981,242.778,235.8318,238.1873,18125170,0.005179957497570062,1
2016-10-04 00:00:00+00:00,240.2361,242.8547,239.283,239.513,13113580,-0.006339180497851875,0
2016-10-05 00:00:00+00:00,238.7132,242.4603,237.9244,241.9125,10789932,0.019644074982028657,1
2016-10-06 00:00:00+00:00,243.4025,246.7879,239.283,239.283,21111045,-0.0016203613356477041,0
2016-10-07 00:00:00+00:00,243.0081,246.0868,242.4603,244.1037,15280380,-0.011407027173168383,0
2016-10-10 00:00:00+00:00,240.2361,245.8567,239.7212,244.1037,11553662,-0.03575482618973581,0
2016-10-13 00:00:00+00:00,231.6465,238.6366,230.518,238.6256,21938040,0.01939161610471123,1
2016-10-14 00:00:00+00:00,236.1385,237.0917,232.6326,232.9284,15265659,-0.015775064210198666,0
2016-10-17 00:00:00+00:00,232.4134,236.8288,231.9971,236.6535,9826781,0.019280729940700483,1
2016-10-18 00:00:00+00:00,236.8945,237.2561,232.7202,233.5857,11073137,0.005781054435624366,1
2016-10-19 00:00:00+00:00,238.264,239.8746,236.9602,237.6286,17073242,0.00018424940402234243,1
2016-10-20 00:00:00+00:00,238.3079,240.5977,237.5409,239.7102,10125508,-0.021470542940456347,0
2016-10-21 00:00:00+00:00,233.1913,240.3786,231.9204,240.3786,43608816,-0.0008456576210176338,0
2016-10-24 00:00:00+00:00,232.9941,235.3388,232.4134,234.4623,10513017,-0.0023039210005746905,0
2016-10-25 00:00:00+00:00,232.4573,233.4214,231.0001,233.3666,7658966,-0.006410209530954771,0
2016-10-26 00:00:00+00:00,230.9672,232.1505,230.5399,231.4055,10945927,-0.00507561246791743,0
2016-10-27 00:00:00+00:00,229.7949,230.9344,228.6336,230.3208,12842476,0.0059600974608226345,1
2016-10-28 00:00:00+00:00,231.1645,231.8328,228.7212,230.0798,8127969,-0.0037445195953530954,0
2016-11-01 00:00:00+00:00,230.2989,231.3836,229.5101,230.3646,10223897,-0.02592760972805344,0
2016-11-02 00:00:00+00:00,224.3278,228.513,223.7252,228.1077,7039997,0.0001952499868496214,1
2016-11-03 00:00:00+00:00,224.3716,226.7381,223.6375,224.3497,7311872,-0.01796974305125964,0
2016-11-04 00:00:00+00:00,220.3397,225.018,219.1236,223.5608,11535892,-0.0043755165319731395,0
2016-11-07 00:00:00+00:00,219.3756,222.7501,218.9154,222.1913,9506040,0.0023471160876597555,1
2016-11-08 00:00:00+00:00,219.8905,220.3726,218.7511,220.3726,13432073,0.0010964548263794423,1
2016-11-09 00:00:00+00:00,220.1316,221.0957,203.785,208.1674,21640144,0.005773364660048861,1
2016-11-10 00:00:00+00:00,221.4025,225.4672,220.6574,223.1993,9764091,-0.00856133060828129,0
2016-11-11 00:00:00+00:00,219.507,222.9582,218.0499,218.6525,14775330,-0.01632111959983059,0
2016-11-15 00:00:00+00:00,215.9244,219.1236,214.6425,218.3567,14487470,0.0011670751429667494,1
2016-11-16 00:00:00+00:00,216.1764,218.4224,214.8945,218.028,16550762,-0.008920030123547284,0
2016-11-17 00:00:00+00:00,214.2481,218.7182,213.514,216.0559,12628378,0.009971617017840573,1
2016-11-18 00:00:00+00:00,216.3845,217.524,215.1793,215.8367,18163751,0.004050659820828169,1
2016-11-21 00:00:00+00:00,217.261,217.7102,215.4423,216.3955,13232434,0.010035395215892483,1
2016-11-22 00:00:00+00:00,219.4413,220.8328,217.6555,218.6196,17646355,0.007539146003965439,1
2016-11-23 00:00:00+00:00,221.0957,221.4244,219.025,220.2192,13107911,-0.02145677188656315,0
2016-11-24 00:00:00+00:00,216.3517,220.3397,215.2232,220.3397,18913793,0.0064311951327399065,1
2016-11-25 00:00:00+00:00,217.7431,218.2252,215.6943,216.9324,10454964,-0.007094599094070073,0
2016-11-28 00:00:00+00:00,216.1983,219.2551,215.6395,217.5897,8312777,0.011199440513639572,1
2016-11-29 00:00:00+00:00,218.6196,220.0658,216.5051,216.7132,9885281,-0.007667656513871573,0
2016-11-30 00:00:00+00:00,216.9433,219.1126,216.1983,219.1126,27596098,0.007777608250635043,1
2016-12-01 00:00:00+00:00,218.6306,222.4105,218.028,219.1236,12627845,-0.0030068983939119023,0
2016-12-02 00:00:00+00:00,217.9732,220.2192,217.3268,218.2252,12481430,-0.0009046983757635386,0
2016-12-05 00:00:00+00:00,217.776,219.0579,216.1654,218.028,3987213,0.011419991183601473,1
2016-12-06 00:00:00+00:00,220.263,220.5589,217.9403,218.2471,6726369,-0.0060187139919097256,0
2016-12-07 00:00:00+00:00,218.9373,220.7889,218.3238,220.0001,4930865,0.020917860958365717,1
2016-12-08 00:00:00+00:00,223.517,223.9005,220.0768,220.2302,8750556,0.00872506341799503,1
2016-12-09 00:00:00+00:00,225.4672,226.1027,223.5718,223.9443,8239158,-0.0017004690704456996,0
2016-12-12 00:00:00+00:00,225.0838,228.2611,223.6156,223.6156,9023848,0.012266098226527153,1
2016-12-13 00:00:00+00:00,227.8447,228.1077,225.1605,225.2591,10365823,0.018946238380791833,1
2016-12-14 00:00:00+00:00,232.1615,233.2461,227.4941,227.8447,24139260,-0.0061823342802315795,0
2016-12-15 00:00:00+00:00,230.7262,233.9363,229.7839,230.6057,19331986,0.003988710428204502,1
2016-12-16 00:00:00+00:00,231.6465,232.7093,230.518,230.518,14942206,0.005108214456078562,1
2016-12-19 00:00:00+00:00,232.8298,233.7939,231.033,231.1754,15009634,-0.004376158034753292,0
2016-12-20 00:00:00+00:00,231.8109,232.4901,230.77,231.1097,11688169,0.005057139245824968,1
2016-12-21 00:00:00+00:00,232.9832,233.8706,231.6575,232.2929,20367894,-0.009311400993719823,0
2016-12-22 00:00:00+00:00,230.8138,232.8517,230.2879,231.8328,28892834,0.0037502090429601723,1
2016-12-23 00:00:00+00:00,231.6794,234.2322,230.518,230.518,10265033,-0.00931632246975778,0
2016-12-26 00:00:00+00:00,229.521,233.5858,228.9075,231.033,15321770,0.016468645570557928,1
2016-12-27 00:00:00+00:00,233.3009,233.8268,229.4224,229.6087,17442849,-0.014088243980198959,0
2016-12-28 00:00:00+00:00,230.0141,234.3637,229.4443,234.0021,9637310,0.015003862806671401,1
2016-12-29 00:00:00+00:00,233.4652,234.1993,229.9702,230.0798,8772325,0.015909009137121836,1
2016-12-30 00:00:00+00:00,237.1794,237.7491,232.9503,233.3228,15711974,0.0024943144303426,1
2017-01-02 00:00:00+00:00,237.771,238.8447,234.9772,237.53,7097888,0.0039626363181380995,1
2017-01-03 00:00:00+00:00,238.7132,240.3786,236.8945,238.8119,6434204,-0.020423671585819356,0
2017-01-04 00:00:00+00:00,233.8378,239.5021,233.2133,239.4802,10392483,0.009604948387300982,1
2017-01-05 00:00:00+00:00,236.0838,236.6316,234.1884,234.6814,8734164,-0.0022741924689453612,0
2017-01-06 00:00:00+00:00,235.5469,237.7491,235.1415,235.3826,7845839,0.002558301552684393,1
2017-01-09 00:00:00+00:00,236.1495,237.9683,234.6814,235.9961,5228980,0.011273790543702257,1
2017-01-10 00:00:00+00:00,238.8118,239.8088,236.6534,236.6534,11349916,-0.003486427387591457,0
2017-01-11 00:00:00+00:00,237.9792,240.0937,237.53,239.9403,11475958,-0.002532154070607832,0
2017-01-12 00:00:00+00:00,237.3766,238.9214,236.6096,238.1873,4371992,0.006554142236429391,1
2017-01-13 00:00:00+00:00,238.9324,240.4881,237.6505,237.6505,7234429,-0.012976892208842393,0
2017-01-16 00:00:00+00:00,235.8318,239.7103,235.3278,238.8338,12013154,-0.03252063546985604,0
2017-01-17 00:00:00+00:00,228.1624,234.024,227.5599,233.3666,39234251,-0.008355013797190017,0
2017-01-18 00:00:00+00:00,226.2561,229.6416,225.4234,228.4583,15867619,0.001113782125653229,1
2017-01-19 00:00:00+00:00,226.5081,229.0499,225.9164,226.8258,15284274,-0.007642552297246881,0
2017-01-20 00:00:00+00:00,224.777,227.3298,224.3607,226.5629,8784907,-0.00965134333139065,0
2017-01-23 00:00:00+00:00,222.6076,225.9164,221.9284,223.9005,13708502,0.011221988826976358,1
2017-01-24 00:00:00+00:00,225.1057,225.4343,222.8487,222.8487,9419288,-0.009734538041462355,0
2017-01-25 00:00:00+00:00,222.9144,226.2889,222.6624,226.1355,23856654,0.007667517217371376,1
2017-01-27 00:00:00+00:00,224.6236,225.4563,223.2869,223.5608,21861796,0.019217482045519693,1
2017-01-30 00:00:00+00:00,228.9403,229.3019,224.5579,224.5907,15678126,0.0003830692979784857,1
2017-01-31 00:00:00+00:00,229.028,230.9125,227.9543,229.3895,15125194,0.004257558027839381,1
2017-02-01 00:00:00+00:00,230.0031,230.277,226.8367,229.2252,11312284,-0.005859051464958516,0
2017-02-02 00:00:00+00:00,228.6555,230.2551,227.5051,230.0798,9099129,-0.009439528023598822,0
2017-02-03 00:00:00+00:00,226.4971,230.1784,225.7192,229.2033,13219481,0.0077396134431743915,1
2017-02-06 00:00:00+00:00,228.2501,228.9622,226.1465,227.2312,9991907,-0.010320258348189155,0
2017-02-07 00:00:00+00:00,225.8945,228.4035,225.0838,228.3268,9905562,-0.005577382362120315,0
2017-02-08 00:00:00+00:00,224.6346,227.5051,223.9443,225.8945,16230826,0.0074133726505177825,1
2017-02-09 00:00:00+00:00,226.2999,226.5738,224.9961,225.2591,9861688,-0.0025174558185841515,0
2017-02-10 00:00:00+00:00,225.7302,226.9134,224.7222,226.7929,12518554,-0.0002914984348571696,0
2017-02-13 00:00:00+00:00,225.6644,226.5738,223.9443,226.3547,8565757,0.019371686451208067,1
2017-02-14 00:00:00+00:00,230.0359,230.7152,225.6754,226.7929,18244623,0.0014289074009752295,1
2017-02-15 00:00:00+00:00,230.3646,231.7232,229.0389,230.7152,15236663,0.015409485658820865,1
2017-02-16 00:00:00+00:00,233.9144,234.3417,230.6386,230.6386,19655195,0.007494194457459592,1
2017-02-17 00:00:00+00:00,235.6674,236.2591,231.9314,233.6953,14847356,-9.292757504851346e-05,0
2017-02-20 00:00:00+00:00,235.6455,236.4015,233.6953,234.5828,11650581,0.011902624917513809,1
2017-02-21 00:00:00+00:00,238.4503,239.0529,235.1306,235.6017,14186476,0.10963081195536335,1
2017-02-22 00:00:00+00:00,264.5918,265.5011,239.283,239.5021,127323130,-0.0204972338522961,0
2017-02-23 00:00:00+00:00,259.1684,267.769,258.4234,265.9284,62249698,0.04747453779087264,1
2017-02-27 00:00:00+00:00,271.4723,275.3945,260.8338,260.8667,83422197,-0.0006862578612993554,0
2017-02-28 00:00:00+00:00,271.286,273.4663,269.1933,269.9603,36111716,-0.0028674535361205085,0
2017-03-01 00:00:00+00:00,270.5081,272.6774,269.522,271.7352,24385665,0.0018224962579678574,1
2017-03-02 00:00:00+00:00,271.0011,274.9343,268.8756,271.253,18063590,0.017626865721209292,1
2017-03-03 00:00:00+00:00,275.778,282.1874,272.0529,272.0529,84305639,0.037185344733807496,1
2017-03-06 00:00:00+00:00,286.0329,287.4901,277.2461,278.0678,66724743,-0.0003062584758606755,0
2017-03-07 00:00:00+00:00,285.9453,290.777,284.017,288.9911,42071555,-0.010536630607322458,0
2017-03-08 00:00:00+00:00,282.9324,286.548,281.8149,286.548,43336972,-0.0034464062793798014,0
2017-03-09 00:00:00+00:00,281.9573,284.4224,280.8069,282.6695,31094457,-0.003963720747786923,0
2017-03-10 00:00:00+00:00,280.8397,283.9842,276.3586,282.7242,24785585,0.006125202384135982,1
2017-03-14 00:00:00+00:00,282.5599,289.024,281.6286,288.9692,27765035,0.011981176380653968,1
2017-03-15 00:00:00+00:00,285.9453,288.4323,282.7571,282.8995,24107889,-0.00559407690911497,0
2017-03-16 00:00:00+00:00,284.3457,287.1396,283.4583,287.0519,15924023,0.0023506597778688502,1
2017-03-17 00:00:00+00:00,285.0141,289.2322,284.4334,286.6137,22727289,-0.015299593949913275,0
2017-03-20 00:00:00+00:00,280.6535,286.2302,280.1167,286.1754,12869337,-0.013272950453138825,0
2017-03-21 00:00:00+00:00,276.9284,281.3328,275.9423,280.9603,22596181,-0.003244159862260562,0
2017-03-22 00:00:00+00:00,276.03,277.3886,273.1485,274.3427,20291685,0.010796290258305438,1
2017-03-23 00:00:00+00:00,279.0101,279.9414,275.6575,276.786,11807911,0.010563058469926187,1
2017-03-24 00:00:00+00:00,281.9573,283.1077,277.9473,279.1854,16282523,-0.027705613580495874,0
2017-03-27 00:00:00+00:00,274.1455,280.2043,273.291,278.528,32452615,-0.004275831629554495,0
2017-03-28 00:00:00+00:00,272.9733,276.9723,272.1734,275.6575,21707345,0.008749573676253283,1
2017-03-29 00:00:00+00:00,275.3617,276.0957,270.2561,274.277,18924345,0.011140619773919185,1
2017-03-30 00:00:00+00:00,278.4294,279.3279,274.5619,275.0002,27862325,0.039546829465566584,1
2017-03-31 00:00:00+00:00,289.4404,293.1107,277.4105,277.4105,45390562,0.04069196974575763,1
2017-04-03 00:00:00+00:00,301.2183,302.5002,292.9792,294.0639,44886623,0.029352798286159998,1
2017-04-05 00:00:00+00:00,310.0599,310.7173,302.4125,305.7212,40323877,0.01660775869436827,1
2017-04-06 00:00:00+00:00,315.2093,317.4882,307.2552,308.7452,50620850,-0.022176058891663363,0
2017-04-07 00:00:00+00:00,308.2192,314.2232,307.3318,311.4403,31875272,-0.017950860945716584,0
2017-04-10 00:00:00+00:00,302.6864,312.2292,301.799,308.9643,30768410,-0.006515654485962986,0
2017-04-11 00:00:00+00:00,300.7142,306.8716,300.2212,304.1106,32249647,-0.013371167706746083,0
2017-04-12 00:00:00+00:00,296.6933,303.8039,296.0688,303.0041,27448279,0.007976587270423718,1
2017-04-13 00:00:00+00:00,299.0599,300.9443,295.2362,296.6934,12713918,0.019819775235663306,1
2017-04-17 00:00:00+00:00,304.9872,305.7979,299.1037,299.1037,11837502,-0.01555507903282481,0
2017-04-18 00:00:00+00:00,300.2431,308.9642,299.5419,306.7621,16016414,-0.001021838636758046,0
2017-04-19 00:00:00+00:00,299.9363,302.9493,297.4712,299.9802,11572557,0.0005477829792524906,1
2017-04-20 00:00:00+00:00,300.1006,303.8805,298.9064,302.1714,8393496,0.024059598681242255,1
2017-04-21 00:00:00+00:00,307.3209,311.3747,302.0729,302.5002,30230907,0.010623748661415515,1
2017-04-24 00:00:00+00:00,310.5858,314.4424,306.8168,308.7561,25512511,0.010864952615348197,1
2017-04-25 00:00:00+00:00,313.9603,321.6186,312.4922,319.9204,36764315,-0.011411315379683498,0
2017-04-26 00:00:00+00:00,310.3776,315.5489,307.3427,314.4424,16763153,-0.004906604084830841,0
2017-04-27 00:00:00+00:00,308.8547,312.0649,307.2551,310.4981,12571594,-0.010145223627809435,0
2017-04-28 00:00:00+00:00,305.7213,311.2213,304.801,308.9095,11848658,-0.01766772547414906,0
2017-05-02 00:00:00+00:00,300.3199,307.2113,299.3886,307.2113,18591411,-0.00032864955002984483,0
2017-05-03 00:00:00+00:00,300.2212,302.5548,299.1037,301.7112,9500038,-0.008867794812624877,0
2017-05-04 00:00:00+00:00,297.5589,302.303,296.7043,301.295,14365934,-0.021871300102265404,0
2017-05-05 00:00:00+00:00,291.0509,299.6187,290.3388,298.3587,15598448,-0.005157173539061494,0
2017-05-08 00:00:00+00:00,289.5499,293.516,288.8815,291.4343,16066733,0.0067732712047216025,1
2017-05-09 00:00:00+00:00,291.5111,292.2342,289.2979,290.1196,21106150,0.021610840890792855,1
2017-05-10 00:00:00+00:00,297.8109,298.7969,291.5768,292.4862,22906024,0.0003310825762253036,1
2017-05-11 00:00:00+00:00,297.9095,300.1446,296.1784,298.9065,13783848,-0.006693643539397043,0
2017-05-12 00:00:00+00:00,295.9154,298.8845,294.5131,298.019,7523427,-0.0047020195636995445,0
2017-05-15 00:00:00+00:00,294.524,297.2192,292.2013,297.2192,6738085,0.00907701919028675,1
2017-05-16 00:00:00+00:00,297.1974,301.7113,293.8447,294.9513,12655992,-0.002359374610948913,0
2017-05-17 00:00:00+00:00,296.4962,299.3119,295.3238,296.4742,9844573,-0.019030260758822574,0
2017-05-18 00:00:00+00:00,290.8538,295.8169,290.1416,293.6805,9790379,-0.006404248457472316,0
2017-05-19 00:00:00+00:00,288.9911,292.6834,287.0519,292.0918,12813204,0.004018808883733643,1
2017-05-22 00:00:00+00:00,290.1525,292.2232,288.1914,290.6674,8801430,-0.014046751277345478,0
2017-05-23 00:00:00+00:00,286.0768,291.4016,285.299,290.4922,9223001,-0.006012721059519689,0
2017-05-24 00:00:00+00:00,284.3567,287.8627,283.787,286.5041,14326531,0.0036605432543000463,1
2017-05-25 00:00:00+00:00,285.3976,287.5778,284.0828,284.8607,25922008,0.026757057522557935,1
2017-05-26 00:00:00+00:00,293.034,294.5898,284.8607,285.7262,21430443,0.014656319744466545,1
2017-05-29 00:00:00+00:00,297.3288,299.2023,292.6615,292.9683,24022633,0.0018057450203276737,1
2017-05-30 00:00:00+00:00,297.8657,299.038,295.4882,297.1097,9658309,-0.013719941570983189,0
2017-05-31 00:00:00+00:00,293.779,299.7501,292.7053,299.542,16423338,-0.009286232167717854,0
2017-06-01 00:00:00+00:00,291.0509,293.6256,289.9005,292.026,9534069,-0.0026349343018696077,0
2017-06-02 00:00:00+00:00,290.284,293.3408,288.5858,292.53,11495005,0.003472461451543941,1
2017-06-05 00:00:00+00:00,291.292,293.8448,288.3338,290.6127,10835031,-0.012449706823393587,0
2017-06-06 00:00:00+00:00,287.6655,292.3,287.2711,292.3,9591064,0.019957207242439517,1
2017-06-07 00:00:00+00:00,293.4065,294.0638,286.8328,287.3148,11199223,-0.005451821960317885,0
2017-06-08 00:00:00+00:00,291.8069,294.6774,291.0071,293.6256,7903123,0.0030033559864416836,1
2017-06-09 00:00:00+00:00,292.6833,296.4632,291.6535,294.7431,13836547,-0.012165709488720393,0
2017-06-12 00:00:00+00:00,289.1226,291.3796,288.5858,290.6784,8432435,-0.0038651423306235834,0
2017-06-13 00:00:00+00:00,288.0051,290.777,287.271,289.3746,6025338,0.03282997419142921,1
2017-06-14 00:00:00+00:00,297.4603,298.0081,288.3447,288.3447,52939271,0.019484280759482813,1
2017-06-15 00:00:00+00:00,303.2561,305.6774,297.8108,298.0081,28290813,0.0035046285960941316,1
2017-06-16 00:00:00+00:00,304.3189,305.8528,300.046,304.3846,32710880,0.014724685190436725,1
2017-06-19 00:00:00+00:00,308.7999,310.2352,304.6256,304.6256,15236956,0.002199806411854447,1
2017-06-20 00:00:00+00:00,309.4792,311.6157,308.4055,308.7451,10142474,0.0068327693751308516,1
2017-06-21 00:00:00+00:00,311.5938,312.9085,307.7043,308.4822,19992472,0.007489558521382716,1
2017-06-22 00:00:00+00:00,313.9275,316.7213,312.8428,313.2263,22118609,0.0022333182024511923,1
2017-06-23 00:00:00+00:00,314.6286,315.9762,313.4782,314.6615,31143289,0.0009055120863138102,1
2017-06-27 00:00:00+00:00,314.9135,316.1954,312.2511,313.785,32591540,-0.026893416763651052,0
2017-06-28 00:00:00+00:00,306.4444,315.5271,305.798,315.5271,15567803,-0.0041475713049413145,0
2017-06-29 00:00:00+00:00,305.1734,308.9643,304.6037,306.773,12898245,-0.009119077875070502,0
2017-06-30 00:00:00+00:00,302.3905,305.1076,301.3059,305.02,7814271,0.0007609366034979603,1
2017-07-03 00:00:00+00:00,302.6206,305.6117,300.4185,304.1874,9195278,0.029615300478552996,1
2017-07-04 00:00:00+00:00,311.5828,312.7113,304.3627,304.5818,18816782,0.014557607159316782,1
2017-07-05 00:00:00+00:00,316.1187,317.1705,312.032,313.2262,27209010,-6.927777445629272e-05,0
2017-07-06 00:00:00+00:00,316.0968,317.7292,315.0997,317.4444,13590313,0.03368999622900339,1
2017-07-07 00:00:00+00:00,326.7461,328.1923,315.538,316.1953,35845310,0.0011403349573261231,1
2017-07-10 00:00:00+00:00,327.1187,328.8826,326.2969,327.6117,3504540,0.0010048340250802727,1
2017-07-11 00:00:00+00:00,327.4474,329.6496,325.8368,328.9046,20995547,0.011208823157551402,1
2017-07-12 00:00:00+00:00,331.1177,334.1636,328.1377,328.554,17104482,0.015286709227564619,1
2017-07-13 00:00:00+00:00,336.1794,336.8199,332.6566,333.2309,23010262,0.007653949052202518,1
2017-07-14 00:00:00+00:00,338.7525,339.2495,334.7327,335.7156,20530867,0.011736001948325062,1
2017-07-17 00:00:00+00:00,342.7281,344.4619,339.4703,339.4703,18749450,-0.020525308546337495,0
2017-07-18 00:00:00+00:00,335.6935,342.7391,333.7278,341.6348,19640167,0.008585808185145115,1
2017-07-19 00:00:00+00:00,338.5757,339.6911,334.0811,334.0811,11790198,-0.002641654436511427,0
2017-07-20 00:00:00+00:00,337.6813,342.3416,336.5328,340.0777,13626050,0.03669288172013071,1
2017-07-21 00:00:00+00:00,350.0718,351.5516,341.2262,342.3415,97142371,0.019085227659011637,1
2017-07-24 00:00:00+00:00,356.753,358.8844,350.0718,353.3848,43429394,-0.008110092977494264,0
2017-07-25 00:00:00+00:00,353.8597,358.8954,352.8548,358.8402,20063064,0.012857638210850246,1
2017-07-26 00:00:00+00:00,358.4095,359.9887,353.6278,354.3124,21954323,-0.017223594798686914,0
2017-07-27 00:00:00+00:00,352.2364,360.3421,350.8118,359.5691,18409364,-0.00021973878906328664,0
2017-07-28 00:00:00+00:00,352.159,354.699,348.5258,351.4522,14331863,0.013014007877123762,1
2017-07-31 00:00:00+00:00,356.742,357.5371,352.5014,353.8155,16567422,-0.007181941010590409,0
2017-08-01 00:00:00+00:00,354.1799,358.4095,351.5074,358.4095,12311920,0.015964203502231503,1
2017-08-02 00:00:00+00:00,359.8341,361.2697,355.1738,355.5935,20786240,0.012828133853906682,1
2017-08-03 00:00:00+00:00,364.4501,367.719,357.1505,359.315,19707381,-0.01693812129561779,0
2017-08-04 00:00:00+00:00,358.277,367.2994,356.7199,367.2994,18579866,-0.003575445814272214,0
2017-08-07 00:00:00+00:00,356.996,360.3641,356.1567,360.3641,9537088,-0.008537910788916407,0
2017-08-08 00:00:00+00:00,353.948,358.034,350.4694,357.3604,10961296,-0.0023398917355091178,0
2017-08-09 00:00:00+00:00,353.1198,357.8022,350.0719,353.7162,10436651,-0.009038009196878848,0
2017-08-10 00:00:00+00:00,349.9283,354.8536,348.5148,351.8498,10188164,-0.024047783503077527,0
2017-08-11 00:00:00+00:00,341.5133,348.9675,338.5868,342.5514,16996281,0.01733226787946469,1
2017-08-14 00:00:00+00:00,347.4325,349.9614,344.771,344.771,13440617,-0.004418124383873199,0
2017-08-16 00:00:00+00:00,345.8975,348.0841,342.3857,347.2006,13576650,0.0006383393924500669,1
2017-08-17 00:00:00+00:00,346.1183,352.8658,344.8042,346.538,15828719,0.005296454998190022,1
2017-08-18 00:00:00+00:00,347.9515,348.4816,343.0373,345.4337,7935890,-0.006982294946278486,0
2017-08-21 00:00:00+00:00,345.522,349.8841,344.6054,348.3049,7573558,-0.0027807201856900753,0
2017-08-22 00:00:00+00:00,344.5612,348.9454,343.6778,347.2006,9533641,0.014101994072460966,1
2017-08-23 00:00:00+00:00,349.4202,350.4141,343.0372,345.6214,8320052,-0.008848944623121505,0
2017-08-24 00:00:00+00:00,346.3282,351.8608,345.5441,351.1762,12654347,-0.0009566070565434719,0
2017-08-28 00:00:00+00:00,345.9969,349.3982,344.8152,348.7577,12316426,-0.021959156281458034,0
2017-08-29 00:00:00+00:00,338.3991,346.2067,337.9242,344.9588,15164812,0.020852892339252686,1
2017-08-30 00:00:00+00:00,345.4557,346.4938,340.409,341.8004,10334911,0.019436356094283614,1
2017-08-31 00:00:00+00:00,352.1701,352.8217,347.6423,347.8632,25104625,0.009783624447390568,1
2017-09-01 00:00:00+00:00,355.6156,357.0512,353.164,353.3517,15431918,0.0020184716306034132,1
2017-09-04 00:00:00+00:00,356.3334,361.3691,352.4682,356.8083,21560532,0.011931803193301633,1
2017-09-05 00:00:00+00:00,360.5851,361.082,358.0341,360.0108,25216776,0.007840035542233992,1
2017-09-06 00:00:00+00:00,363.4121,364.9803,358.4206,359.2157,48745984,-0.00559144838600581,0
2017-09-07 00:00:00+00:00,361.3801,367.7411,360.0108,363.5446,16205339,-0.0014665998487465954,0
2017-09-08 00:00:00+00:00,360.8501,363.6551,358.7298,362.2194,13248413,0.0012240539769838659,1
2017-09-11 00:00:00+00:00,361.2918,365.2453,360.6955,362.7937,12690592,0.0071526671792715825,1
2017-09-12 00:00:00+00:00,363.876,364.4281,360.8943,363.4342,6500191,0.03065220020006827,1
2017-09-13 00:00:00+00:00,375.0296,379.8445,363.1029,363.9863,29377106,-0.006065921196620219,0
2017-09-14 00:00:00+00:00,372.7547,380.5513,371.9375,378.0334,11867640,-0.0024292114894862967,0
2017-09-15 00:00:00+00:00,371.8492,376.7303,368.735,371.9375,28595395,0.00445476284472306,1
2017-09-18 00:00:00+00:00,373.5057,375.9352,372.4234,375.4714,5061995,-0.008219687142659316,0
2017-09-19 00:00:00+00:00,370.4356,374.9192,369.7289,374.8971,7718697,0.010195564357205355,1
2017-09-20 00:00:00+00:00,374.2124,385.4103,373.3069,378.1659,24942703,-0.0068463792220674995,0
2017-09-21 00:00:00+00:00,371.6504,376.2224,369.3976,374.1462,12950541,-0.028466268299455606,0
2017-09-22 00:00:00+00:00,361.0709,371.0099,359.2156,371.0099,12294087,0.0050771192029045635,1
2017-09-25 00:00:00+00:00,362.9041,365.7312,355.6818,360.0108,14229631,-0.0017649290818153647,0
2017-09-26 00:00:00+00:00,362.2636,365.3336,358.7739,362.9704,10564143,-0.02554576280918094,0
2017-09-27 00:00:00+00:00,353.0093,364.7373,351.397,364.6931,18448855,-0.01589164931348829,0
2017-09-28 00:00:00+00:00,347.3994,354.6659,344.6386,353.2302,29547622,-0.007057007006920684,0
2017-09-29 00:00:00+00:00,344.9478,350.4694,344.1526,349.7405,16666208,0.02234598974105657,1
2017-10-03 00:00:00+00:00,352.656,355.0855,346.9135,351.1762,18345748,0.025677997822240357,1
2017-10-04 00:00:00+00:00,361.7115,364.406,351.4412,353.0314,18907611,0.006472285232844361,1
2017-10-05 00:00:00+00:00,364.0526,365.9521,361.6231,364.4281,10631751,0.015652408470644127,1
2017-10-06 00:00:00+00:00,369.7509,370.7669,363.3679,363.9863,12997688,-0.007645687948291669,0
2017-10-09 00:00:00+00:00,366.9239,370.9657,365.7533,370.6123,8850408,0.015108582460831799,1
2017-10-10 00:00:00+00:00,372.4676,374.2787,367.0785,367.0785,14732024,-0.003617227377629674,0
2017-10-11 00:00:00+00:00,371.1203,379.1819,369.2871,373.3952,15420644,0.03880251228509998,1
2017-10-12 00:00:00+00:00,385.5207,387.3097,371.9817,371.9817,18642942,0.004239461071740189,1
2017-10-13 00:00:00+00:00,387.1551,393.4498,385.7858,388.4141,21509701,0.00039958145973019904,1
2017-10-16 00:00:00+00:00,387.3098,394.0241,380.4629,388.2816,32009221,-0.00279440385964924,0
2017-10-17 00:00:00+00:00,386.2275,390.4902,383.0691,387.8398,13898844,0.045920085959699854,1
2017-10-18 00:00:00+00:00,403.9631,405.4649,386.5147,387.5748,36671941,-0.005030162408398149,0
2017-10-19 00:00:00+00:00,401.9311,407.2319,398.8831,404.5373,8014767,0.032805622655226144,1
2017-10-23 00:00:00+00:00,415.1167,417.3033,401.5777,403.2563,27455320,-0.005852571096272354,0
2017-10-24 00:00:00+00:00,412.6872,418.6285,410.0148,418.6285,13857773,0.006047679695420585,1
2017-10-25 00:00:00+00:00,415.183,417.8334,410.589,415.2714,10011782,0.007979613808850526,1
2017-10-26 00:00:00+00:00,418.496,423.09,411.2516,415.2272,16840049,-0.018524430341030657,0
2017-10-27 00:00:00+00:00,410.7436,422.6041,408.9104,419.6445,11498547,0.01360435074338344,1
2017-10-30 00:00:00+00:00,416.3315,417.6788,411.0749,412.5768,7823263,-0.0017505281248235561,0
2017-10-31 00:00:00+00:00,415.6027,417.7671,411.7817,417.4138,9504986,0.012435434129758916,1
2017-11-01 00:00:00+00:00,420.7709,423.09,417.7671,418.6506,17571371,-0.006246392038993113,0
2017-11-02 00:00:00+00:00,418.1426,422.5157,417.1045,420.8813,10277678,-0.0013734548931393113,0
2017-11-03 00:00:00+00:00,417.5683,422.2727,415.2934,422.2727,4798537,-0.013540539356076665,0
2017-11-06 00:00:00+00:00,411.9142,416.3315,410.3681,416.3315,9757496,-0.02766765506020431,0
2017-11-07 00:00:00+00:00,400.5175,413.0185,398.9052,412.2897,20447574,-0.02084478206320575,0
2017-11-08 00:00:00+00:00,392.1688,400.2083,390.5344,398.6623,17752793,0.014305064553835017,1
2017-11-09 00:00:00+00:00,397.7788,401.931,394.0461,395.2388,15007224,-0.018489924551031846,0
2017-11-10 00:00:00+00:00,390.4239,397.9775,388.3699,397.9775,13923102,-0.009729937127312207,0
2017-11-13 00:00:00+00:00,386.6251,393.9799,385.852,390.9319,9088619,0.013081923548160849,1
2017-11-14 00:00:00+00:00,391.6829,395.3493,385.6312,386.5147,12481463,-0.0033833491326784888,0
2017-11-15 00:00:00+00:00,390.3577,393.4056,387.8178,390.7111,15272059,0.022801907071386008,1
2017-11-16 00:00:00+00:00,399.2586,400.2083,391.1528,391.1528,15160866,0.008906257748737306,1
2017-11-17 00:00:00+00:00,402.8145,408.557,401.3126,405.9287,12219276,0.009814691377792912,1
2017-11-20 00:00:00+00:00,406.768,408.3141,399.7666,400.2967,9231195,0.012705522558313372,1
2017-11-21 00:00:00+00:00,411.9362,415.0725,408.822,409.3963,13082246,-0.0019301532615972833,0
2017-11-22 00:00:00+00:00,411.1411,414.6308,407.9165,414.1007,11058315,0.017459212907685474,1
2017-11-23 00:00:00+00:00,418.3193,419.6003,409.3301,411.2516,16031638,0.004329467944701596,1
2017-11-24 00:00:00+00:00,420.1304,423.8409,418.496,419.6445,13987125,0.0002627755573030899,1
2017-11-27 00:00:00+00:00,420.2408,422.9575,416.9941,418.4297,10237135,-0.008408988370477082,0
2017-11-28 00:00:00+00:00,416.707,420.2408,414.3879,419.5782,10153618,0.0028089280957603402,1
2017-11-29 00:00:00+00:00,417.8775,419.6445,415.6689,416.0443,8038351,-0.02584561264964013,0
2017-11-30 00:00:00+00:00,407.0772,415.8677,406.1717,415.8677,20637767,-0.01242467030823634,0
2017-12-01 00:00:00+00:00,402.0194,411.362,400.9593,408.3582,11114967,-0.009339599034275494,0
2017-12-04 00:00:00+00:00,398.2647,403.6538,396.3873,403.5213,10103208,0.013420471359876975,1
2017-12-05 00:00:00+00:00,403.6096,406.7238,395.548,398.0217,18306627,0.014173101928199884,1
2017-12-06 00:00:00+00:00,409.33,410.9423,401.4451,401.9752,24078081,0.005287909510663847,1
2017-12-07 00:00:00+00:00,411.4945,413.4602,407.7177,410.8319,12095301,-0.01132506023774323,0
2017-12-08 00:00:00+00:00,406.8343,413.8799,405.9729,412.5105,12224184,-0.005266025996333174,0
2017-12-11 00:00:00+00:00,404.6919,409.0429,403.5434,407.4748,10792248,-0.0006004567919446745,0
2017-12-12 00:00:00+00:00,404.4489,410.3681,401.0918,404.6035,15782031,-0.0010374610982994456,0
2017-12-13 00:00:00+00:00,404.0293,408.5791,402.2845,405.0232,9147866,0.007489060818113943,1
2017-12-14 00:00:00+00:00,407.0551,408.557,401.4231,405.9508,10983157,-0.0018990058102698326,0
2017-12-15 00:00:00+00:00,406.2821,412.113,405.3766,411.2516,24408414,0.001359154144373997,1
2017-12-18 00:00:00+00:00,406.8343,411.9805,381.0593,402.8366,18581421,0.00537442393623159,1
2017-12-19 00:00:00+00:00,409.0208,409.4846,406.3925,407.9828,8891691,-0.008423776981512875,0
2017-12-20 00:00:00+00:00,405.5753,409.6613,405.0673,408.9988,10443493,-0.005663559886413263,0
2017-12-21 00:00:00+00:00,403.2783,408.1374,401.9752,405.7078,9071450,0.008160369650437482,1
2017-12-22 00:00:00+00:00,406.5692,407.4527,401.666,404.0293,10658428,0.010213021547131381,1
2017-12-26 00:00:00+00:00,410.7215,414.7412,405.5753,408.5349,11596338,-0.006506842227640904,0
2017-12-27 00:00:00+00:00,408.049,414.1228,405.9508,412.1351,9520350,0.0004871963906295706,1
2017-12-28 00:00:00+00:00,408.2478,412.7535,405.995,408.7116,15511891,-0.0034082241227018886,0
2017-12-29 00:00:00+00:00,406.8564,411.8258,405.7299,409.2638,11089700,-0.012268702176001177,0
2018-01-01 00:00:00+00:00,401.8648,407.5852,400.8709,407.5852,9453202,0.0015388259932196308,1
2018-01-02 00:00:00+00:00,402.4832,406.1938,400.385,403.3005,9499419,0.00400588148772422,1
2018-01-03 00:00:00+00:00,404.0955,409.0429,403.3225,408.6012,13507800,0.006012192662377982,1
2018-01-04 00:00:00+00:00,406.525,407.1876,404.4931,405.5753,9008932,0.003205706906094346,1
2018-01-05 00:00:00+00:00,407.8282,409.4405,406.503,407.1877,7441284,0.005740407357804193,1
2018-01-08 00:00:00+00:00,410.1693,411.2516,407.9386,409.0871,8827020,0.013354241772848342,1
2018-01-09 00:00:00+00:00,415.6468,416.9499,408.1595,409.9926,14294571,0.001487801662372977,1
2018-01-10 00:00:00+00:00,416.2652,418.496,413.2394,416.5523,11727682,-0.004881263194713388,0
2018-01-11 00:00:00+00:00,414.2333,416.3978,413.0185,416.0223,7849171,0.011996621227699482,1
2018-01-12 00:00:00+00:00,419.2027,420.8813,414.4541,416.5523,15071161,0.0001581573782802746,1
2018-01-15 00:00:00+00:00,419.269,423.3992,417.5242,419.6445,11120925,-0.027603757969227375,0
2018-01-16 00:00:00+00:00,407.6956,418.6285,406.3925,418.6285,10825151,0.0016796845489624995,1
2018-01-17 00:00:00+00:00,408.3804,410.3682,400.6501,409.043,13204016,-0.005192217843951418,0
2018-01-18 00:00:00+00:00,406.26,410.6331,404.228,410.3681,9381821,0.01261285876039974,1
2018-01-19 00:00:00+00:00,411.3841,412.7534,407.3201,407.7177,9973533,0.04316549910412198,1
2018-01-22 00:00:00+00:00,429.1417,430.3785,415.2271,418.761,45700733,0.012094606513419644,1
2018-01-23 00:00:00+00:00,434.332,437.7333,430.6877,430.6877,22526810,-0.017187773408360384,0
2018-01-24 00:00:00+00:00,426.8668,433.6694,425.2324,433.6694,14289485,-0.0004657190486587517,0
2018-01-25 00:00:00+00:00,426.668,429.3625,422.3611,427.5514,13669901,-0.0014493704707172984,0
2018-01-29 00:00:00+00:00,426.0496,431.7037,423.7526,426.8005,9897064,-0.01461895516390585,0
2018-01-30 00:00:00+00:00,419.8212,426.6238,419.2027,426.6238,9182956,0.011468691909794094,1
2018-01-31 00:00:00+00:00,424.636,426.0496,415.9118,419.6445,12551686,-0.018152488248759015,0
2018-02-01 00:00:00+00:00,416.9278,429.6276,413.7253,425.4974,16524809,-0.04184969196105421,0
2018-02-02 00:00:00+00:00,399.4795,416.972,397.9997,413.0185,28965593,-0.0024326655059896023,0
2018-02-05 00:00:00+00:00,398.5077,403.0796,389.5185,394.9076,19191099,-0.011140060781761501,0
2018-02-06 00:00:00+00:00,394.0683,396.6745,384.7477,387.3981,24062503,0.002578233265654615,1
2018-02-07 00:00:00+00:00,395.0843,399.9433,393.1406,398.6844,15532284,0.01134821100205701,1
2018-02-08 00:00:00+00:00,399.5678,402.2624,394.1787,396.6303,13825894,-0.007407003267029942,0
2018-02-09 00:00:00+00:00,396.6082,398.4414,391.3737,392.6989,11580639,0.0196581916359773,1
2018-02-12 00:00:00+00:00,404.4048,405.5974,398.4635,398.8831,11877059,0.019824937785110307,1
2018-02-14 00:00:00+00:00,412.4221,416.3315,406.8342,407.7177,22247829,0.0021422227373364,1
2018-02-15 00:00:00+00:00,413.3056,417.7671,409.9926,414.1891,13363743,-0.015336835503801662,0
2018-02-16 00:00:00+00:00,406.9668,416.3757,405.5533,415.0505,9628162,0.006186745454420416,1
2018-02-19 00:00:00+00:00,409.4846,411.6933,403.5434,406.8343,8941900,-0.006364586116303278,0
2018-02-20 00:00:00+00:00,406.8784,410.6111,405.8625,410.3681,8458450,0.008956730069721044,1
2018-02-21 00:00:00+00:00,410.5227,411.9142,407.3423,410.8099,11917390,-0.005379970462047507,0
2018-02-22 00:00:00+00:00,408.3141,411.2516,406.3926,407.276,11196908,0.010710137122377165,1
2018-02-23 00:00:00+00:00,412.6872,414.3437,407.6073,408.7779,10610664,0.00476341403367975,1
2018-02-26 00:00:00+00:00,414.653,417.3917,413.7253,414.7855,8435611,0.012570269598917577,1
2018-02-27 00:00:00+00:00,419.8653,422.2065,414.4983,414.7854,14021366,0.004261128509548227,1
2018-02-28 00:00:00+00:00,421.6544,422.7808,416.6407,417.8555,56650480,-0.006442954229814756,0
2018-03-01 00:00:00+00:00,418.9377,424.0176,417.8555,419.5341,8956590,-0.025622186783380945,0
2018-03-05 00:00:00+00:00,408.2036,419.7107,407.0993,416.5524,12325694,-0.014338188100251876,0
2018-03-06 00:00:00+00:00,402.3507,413.5486,399.8107,410.3681,16019726,-0.023165114413868395,0
2018-03-07 00:00:00+00:00,393.0302,401.6439,392.2792,401.6439,15853546,0.024388965529875312,1
2018-03-08 00:00:00+00:00,402.6158,403.9631,394.5984,396.5199,13283967,0.0018101624427060122,1
2018-03-09 00:00:00+00:00,403.3446,406.1055,402.4391,404.1398,10638527,0.018836994470732983,1
2018-03-12 00:00:00+00:00,410.9424,412.1792,405.3103,406.3925,8315150,0.0016659269036244228,1
2018-03-13 00:00:00+00:00,411.627,413.4602,406.9889,411.6491,11148731,-0.0030046619876733464,0
2018-03-14 00:00:00+00:00,410.3902,411.7154,406.0392,410.2798,14724464,-0.01856745117207958,0
2018-03-15 00:00:00+00:00,402.7703,410.5669,401.9752,408.6012,12711836,-0.012886501313527924,0
2018-03-16 00:00:00+00:00,397.58,401.8427,391.3958,401.5335,30814962,-0.005055334775391013,0
2018-03-19 00:00:00+00:00,395.5701,400.6058,394.0241,397.9996,12630833,-0.0063652434802327,0
2018-03-20 00:00:00+00:00,393.0522,399.3248,391.8375,394.5983,15192983,0.007979601691581883,1
2018-03-21 00:00:00+00:00,396.1886,398.596,394.5984,395.283,14715126,0.01254326853422835,1
2018-03-22 00:00:00+00:00,401.1581,402.8366,395.6806,395.791,22129723,-0.015691319706619355,0
2018-03-23 00:00:00+00:00,394.8634,397.5579,392.7431,393.4057,23469999,0.008054430975370123,1
2018-03-26 00:00:00+00:00,398.0438,399.4574,394.2449,394.8854,13227705,-0.001442554814319334,0
2018-03-27 00:00:00+00:00,397.4696,402.3065,396.2327,400.7384,15179544,-0.019004220700149187,0
2018-03-28 00:00:00+00:00,389.916,395.7247,388.7233,395.7026,19160609,0.011611988223104417,1
2018-04-02 00:00:00+00:00,394.4437,397.9775,391.5945,394.4658,12494499,0.007391168879107548,1
2018-04-03 00:00:00+00:00,397.3591,398.3089,391.0424,393.5823,13922126,-0.005169127874509557,0
2018-04-04 00:00:00+00:00,395.3051,402.7703,394.0462,399.634,14214534,0.014861938285137228,1
2018-04-05 00:00:00+00:00,401.1801,401.9752,399.104,399.8108,8527915,0.003083153925132357,1
2018-04-06 00:00:00+00:00,402.417,405.7299,399.7666,401.0918,9664888,0.005488336725337267,1
2018-04-09 00:00:00+00:00,404.6256,405.9508,403.1017,403.1017,7813897,0.001146244824845467,1
2018-04-10 00:00:00+00:00,405.0894,408.1153,403.8084,405.6858,8455132,0.01504853002818638,1
2018-04-11 00:00:00+00:00,411.1854,412.0246,404.6477,407.1877,13140816,-0.002309906917901362,0
2018-04-12 00:00:00+00:00,410.2356,413.7474,408.2478,410.7436,10822592,0.010929329390233378,1
2018-04-13 00:00:00+00:00,414.7192,415.9781,410.2356,412.0025,12616816,-0.0019174419703742256,0
2018-04-16 00:00:00+00:00,413.924,415.2272,410.1473,412.7755,8934275,0.007683777698321419,1
2018-04-17 00:00:00+00:00,417.1045,418.4077,413.4603,415.2272,9599816,-0.006618725043724021,0
2018-04-18 00:00:00+00:00,414.3438,418.8494,413.0406,417.5463,7360987,0.004584115896026474,1
2018-04-19 00:00:00+00:00,416.2432,417.4358,413.0185,414.8296,9802587,-0.015281931332451773,0
2018-04-20 00:00:00+00:00,409.8822,416.0443,406.9226,414.3437,7326696,0.00872958132848903,1
2018-04-23 00:00:00+00:00,413.4603,417.1487,410.1473,410.8099,7674482,0.036378099662772855,1
2018-04-24 00:00:00+00:00,428.5012,430.997,413.0185,413.3719,19921115,0.0004639426914090454,1
2018-04-25 00:00:00+00:00,428.7,433.6915,425.63,430.0914,14079382,0.004997434103102424,1
2018-04-26 00:00:00+00:00,430.8424,436.4303,425.0557,429.8043,34096999,0.021479315870490057,1
2018-04-27 00:00:00+00:00,440.0966,446.5901,435.3259,437.2254,25518647,-0.03312250083277178,0
2018-04-30 00:00:00+00:00,425.5195,438.4622,424.0618,433.7799,19406069,0.009758189695184416,1
2018-05-02 00:00:00+00:00,429.6718,432.543,426.2925,427.1539,13381914,-0.01141150059184714,0
2018-05-03 00:00:00+00:00,424.7686,431.9688,423.7305,431.9688,8634812,-0.007955625721863624,0
2018-05-04 00:00:00+00:00,421.3893,426.1379,419.6445,425.3207,8302649,0.01787302145545697,1
2018-05-07 00:00:00+00:00,428.9208,429.9147,422.4495,423.5538,7683268,-0.004016359197315623,0
2018-05-08 00:00:00+00:00,427.1981,433.7799,426.3588,431.7921,10792648,0.009926542276288149,1
2018-05-09 00:00:00+00:00,431.4387,434.7958,425.0557,426.668,9831044,0.00455615131419603,1
2018-05-10 00:00:00+00:00,433.4044,434.9284,430.3564,432.8964,8781584,0.00825556916358019,1
2018-05-11 00:00:00+00:00,436.9824,437.8879,431.9025,433.4485,8774740,-0.002678826424130535,0
2018-05-14 00:00:00+00:00,435.8118,438.1751,431.4387,438.1751,5642499,-0.007753805656478383,0
2018-05-15 00:00:00+00:00,432.4326,441.731,431.4166,434.2437,10501479,-0.0232903347249952,0
2018-05-16 00:00:00+00:00,422.3611,430.246,420.7267,430.246,18840763,-0.011295074285960525,0
2018-05-17 00:00:00+00:00,417.5905,424.0618,415.8898,423.7747,10353948,-0.012165027700582367,0
2018-05-18 00:00:00+00:00,412.5105,421.1905,411.6933,417.7008,11440117,-0.0026770227666931302,0
2018-05-21 00:00:00+00:00,411.4062,413.3277,407.3202,411.1412,14491208,-0.004939157455575631,0
2018-05-22 00:00:00+00:00,409.3742,412.5768,408.6012,412.2013,11310073,-0.01564607637706516,0
2018-05-23 00:00:00+00:00,402.9691,409.043,401.5998,409.043,9991028,0.0039464564404564926,1
2018-05-24 00:00:00+00:00,404.5594,406.8343,402.0415,403.7422,11632489,0.005404645152232339,1
2018-05-25 00:00:00+00:00,406.7459,407.8944,403.9409,404.6256,17782410,-0.00043442355534495256,0
2018-05-28 00:00:00+00:00,406.5692,409.4846,405.5532,408.557,11369679,-0.0032051124384238376,0
2018-05-29 00:00:00+00:00,405.2661,409.9264,403.9188,407.0551,17878384,-0.001471378928560729,0
2018-05-30 00:00:00+00:00,404.6698,407.8061,400.4733,404.1176,13105124,0.005730845247161986,1
2018-05-31 00:00:00+00:00,406.9889,407.4085,403.9851,406.8343,37080158,0.009985284610956194,1
2018-06-01 00:00:00+00:00,411.0528,413.3498,405.7079,406.3925,19174278,0.011068894312360933,1
2018-06-04 00:00:00+00:00,415.6027,416.9941,411.0528,412.3118,12250151,0.007227335144839002,1
2018-06-05 00:00:00+00:00,418.6064,421.8531,415.6689,416.464,17436812,0.007122920242022075,1
2018-06-06 00:00:00+00:00,421.5881,422.2949,416.3978,418.3193,9164022,0.017759751757699054,1
2018-06-07 00:00:00+00:00,429.0754,431.1295,421.6102,421.8089,14999572,0.013383661706077724,1
2018-06-08 00:00:00+00:00,434.818,435.7897,424.3268,426.8668,14289325,-0.001727159409224035,0
2018-06-11 00:00:00+00:00,434.067,441.7089,432.4767,436.0327,15018718,0.014756016928262236,1
2018-06-12 00:00:00+00:00,440.4721,441.731,433.0289,434.3983,16285583,0.005365379555254421,1
2018-06-13 00:00:00+00:00,442.8354,444.3373,437.0929,441.7311,12962502,0.005436331422465313,1
2018-06-14 00:00:00+00:00,445.2428,446.9434,436.1652,440.6046,11997529,0.006200661751296186,1
2018-06-15 00:00:00+00:00,448.0036,452.1117,441.3997,444.3814,24705890,0.0013310160900492432,1
2018-06-18 00:00:00+00:00,448.5999,450.7644,444.8231,445.6183,12363932,-0.019201297191550854,0
2018-06-19 00:00:00+00:00,439.9862,448.2687,438.926,447.8711,13881382,0.02329209416113505,1
2018-06-20 00:00:00+00:00,450.2344,451.8467,439.4561,439.9641,15735681,0.012459954192749336,1
2018-06-21 00:00:00+00:00,455.8443,457.6333,451.1399,452.0896,22988909,-0.01884766355529722,0
2018-06-22 00:00:00+00:00,447.2527,454.6296,445.4636,454.2762,35370008,-0.007950762510768483,0
2018-06-25 00:00:00+00:00,443.6967,449.0196,442.747,446.7667,11369371,-0.025386936616837677,0
2018-06-26 00:00:00+00:00,432.4326,444.3814,430.7982,444.3814,17649122,-0.0067862598703242755,0
2018-06-27 00:00:00+00:00,429.498,438.1915,428.0972,435.1232,19595831,-0.021639216014975583,0
2018-06-28 00:00:00+00:00,420.204,430.6763,418.1362,427.7859,18770484,0.029102055192239906,1
2018-06-29 00:00:00+00:00,432.4328,433.7891,422.005,422.0494,17425606,-0.012185708392147852,0
2018-07-02 00:00:00+00:00,427.1633,432.3883,425.5625,432.3883,14570004,0.01113883144923736,1
2018-07-03 00:00:00+00:00,431.9214,435.1009,427.0521,429.1199,11084063,0.019355604978127938,1
2018-07-04 00:00:00+00:00,440.2815,441.1264,431.788,432.1438,10938521,-0.025855958063193622,0
2018-07-05 00:00:00+00:00,428.8976,448.4192,426.274,443.3498,40946479,0.013530269229764802,1
2018-07-06 00:00:00+00:00,434.7007,437.1242,428.8976,429.0087,20039239,0.01999904762058125,1
2018-07-09 00:00:00+00:00,443.3943,444.6839,437.3466,438.9475,11309207,0.028683048022944784,1
2018-07-10 00:00:00+00:00,456.1122,457.3573,444.6838,445.9067,22846197,0.01277185745086407,1
2018-07-11 00:00:00+00:00,461.9376,462.8714,452.6215,455.801,18953870,0.041923411300574025,1
2018-07-12 00:00:00+00:00,481.3036,488.7076,463.6274,464.4056,52736376,0.01612225630558344,1
2018-07-13 00:00:00+00:00,489.0633,493.1544,480.2586,480.4809,39301408,-0.0214583674546833,0
2018-07-16 00:00:00+00:00,478.5688,493.1099,477.168,489.0633,14427529,0.01500641078148012,1
2018-07-17 00:00:00+00:00,485.7504,487.3512,475.6338,479.5026,14150770,0.0001832216710475146,1
2018-07-18 00:00:00+00:00,485.8394,491.1978,479.0579,488.4407,10241565,0.011258041237495383,1
2018-07-19 00:00:00+00:00,491.309,495.8225,483.0823,486.1729,11885426,0.021541433191738717,1
2018-07-20 00:00:00+00:00,501.8925,506.2726,494.444,495.1111,17538801,-0.007398397067100967,0
2018-07-23 00:00:00+00:00,498.1793,502.4038,494.9776,502.4038,12779803,-0.008345991091962289,0
2018-07-24 00:00:00+00:00,494.0215,501.0475,492.4429,498.9353,9775749,0.0037806046902817254,1
2018-07-25 00:00:00+00:00,495.8892,499.38,491.0199,493.5991,13014255,-0.004035175599710648,0
2018-07-26 00:00:00+00:00,493.8882,498.713,492.6208,493.6436,14053674,0.0172871107266787,1
2018-07-27 00:00:00+00:00,502.4261,505.7834,494.5552,497.8236,14610585,0.019073451797189615,1
2018-07-30 00:00:00+00:00,512.0091,514.6327,501.6035,502.4928,30344461,0.03005024715381029,1
2018-07-31 00:00:00+00:00,527.3951,529.3517,510.1192,511.8312,30350826,0.005354240113341982,1
2018-08-01 00:00:00+00:00,530.2189,534.9103,527.1283,529.3517,21227054,-0.02012847901121596,0
2018-08-02 00:00:00+00:00,519.5464,529.8409,518.4792,529.8409,13668930,0.007360843997764412,1
2018-08-03 00:00:00+00:00,523.3707,526.2834,520.08,522.5035,14536058,0.013297076049538089,1
2018-08-06 00:00:00+00:00,530.33,531.8418,522.6592,523.2594,8785462,-0.007043538928591682,0
2018-08-07 00:00:00+00:00,526.5946,534.2432,523.3929,531.3527,8879612,0.028289124119388918,1
2018-08-08 00:00:00+00:00,541.4915,543.6259,526.9503,526.9503,17307566,0.00020554339264795178,1
2018-08-09 00:00:00+00:00,541.6028,547.7172,538.9569,543.1814,14976885,-0.011289823464723587,0
2018-08-10 00:00:00+00:00,535.4882,540.2908,534.6433,538.5121,7833494,-0.013701702483826841,0
2018-08-13 00:00:00+00:00,528.1511,533.5984,525.9276,532.5312,10211072,0.01928084595487909,1
2018-08-14 00:00:00+00:00,538.3343,541.2692,526.6391,529.1738,11592139,-0.008095341500625072,0
2018-08-16 00:00:00+00:00,533.9763,540.7356,531.6195,535.0659,13086024,0.0024570378872620594,1
2018-08-17 00:00:00+00:00,535.2883,540.4688,533.6429,537.6228,8379864,0.025877270248574294,1
2018-08-20 00:00:00+00:00,549.1401,549.985,537.0225,537.1337,16639535,0.00996011764575204,1
2018-08-21 00:00:00+00:00,554.6096,556.5218,545.627,550.1851,15923396,0.017840116723547596,1
2018-08-23 00:00:00+00:00,564.5039,566.5272,550.6965,554.2094,17429373,0.006341320228257063,1
2018-08-24 00:00:00+00:00,568.0836,569.1731,560.3239,562.6362,14550512,0.010958774377573824,1
2018-08-27 00:00:00+00:00,574.3091,576.2435,568.6394,568.9284,12188510,0.021293237387323426,1
2018-08-28 00:00:00+00:00,586.538,588.3168,575.8656,576.3103,19018790,-0.01880219184434763,0
2018-08-29 00:00:00+00:00,575.5098,590.9849,573.7311,585.3374,24230135,-0.015260383055162616,0
2018-08-30 00:00:00+00:00,566.7273,576.8216,564.9486,575.243,21545859,-0.025736363856126262,0
2018-08-31 00:00:00+00:00,552.1418,564.7485,549.8961,564.7485,33479841,-0.01006752250961627,0
2018-09-03 00:00:00+00:00,546.5831,559.3678,545.2046,553.6314,26686176,0.010413969989193037,1
2018-09-04 00:00:00+00:00,552.2752,557.9894,546.5166,549.2513,19333815,-0.012037839106300786,0
2018-09-05 00:00:00+00:00,545.627,557.0332,537.4004,552.5196,22584608,0.028036185892560423,1
2018-09-06 00:00:00+00:00,560.9243,562.8365,544.8935,547.028,24487897,0.013635529785391742,1
2018-09-07 00:00:00+00:00,568.5728,569.7957,557.8559,562.4806,23389269,-0.017792972157655206,0
2018-09-10 00:00:00+00:00,558.4562,567.8613,555.8993,566.9719,15440786,-0.01445234200999096,0
2018-09-11 00:00:00+00:00,550.3852,564.037,548.851,559.857,23787332,0.011957625314052669,1
2018-09-12 00:00:00+00:00,556.9665,559.7235,546.4497,556.6552,17642490,0.0005190617389016433,1
2018-09-14 00:00:00+00:00,557.2556,567.2387,554.8098,560.0348,17233514,-0.021744958686821542,0
2018-09-17 00:00:00+00:00,545.1381,556.1885,543.2259,556.1885,14773803,-0.007137824342125511,0
2018-09-18 00:00:00+00:00,541.247,551.1413,540.0019,545.1825,16660044,-0.0052584125177598745,0
2018-09-19 00:00:00+00:00,538.4009,544.293,534.0653,544.293,24642640,0.005575213562978866,1
2018-09-21 00:00:00+00:00,541.4026,550.2518,526.2834,542.0696,41713856,0.011950810727543565,1
2018-09-24 00:00:00+00:00,547.8728,551.3636,535.6217,540.0464,22098277,-0.0011769155176165563,0
2018-09-25 00:00:00+00:00,547.228,553.6315,531.3973,549.407,21250513,0.0169022783921876,1
2018-09-26 00:00:00+00:00,556.4774,557.6113,545.6938,550.9633,13992341,0.00187770428772127,1
2018-09-27 00:00:00+00:00,557.5223,561.6357,550.2962,558.0782,23642923,0.0033500005291268414,1
2018-09-28 00:00:00+00:00,559.39,565.5045,554.6541,560.2572,24220992,-0.020867194622714077,0
2018-10-01 00:00:00+00:00,547.7171,559.2789,535.3994,559.2789,16039441,-0.02159618532998137,0
2018-10-03 00:00:00+00:00,535.8885,551.2301,533.6429,546.7388,16135428,-0.06874956264222877,0
2018-10-04 00:00:00+00:00,499.0464,529.3516,491.8203,528.9514,50774608,-0.06540413877346876,0
2018-10-05 00:00:00+00:00,466.4067,495.9559,461.6485,488.9299,47998260,0.057729873949066285,1
2018-10-08 00:00:00+00:00,493.3323,496.7119,456.0455,466.9181,53983473,-0.017441995993369947,0
2018-10-09 00:00:00+00:00,484.7276,499.5134,480.7922,498.7796,24042005,0.011054662453716257,1
2018-10-10 00:00:00+00:00,490.0861,496.2005,482.1707,486.4397,20784941,-0.012975271079918367,0
2018-10-11 00:00:00+00:00,483.7271,495.7114,463.8053,473.1437,28926389,0.035622358143672296,1
2018-10-12 00:00:00+00:00,500.9586,502.048,489.9971,491.3534,19814528,0.011717335524332809,1
2018-10-15 00:00:00+00:00,506.8285,510.0079,497.2233,502.4483,19406012,0.02110102332445784,1
2018-10-16 00:00:00+00:00,517.5231,519.1239,506.9396,509.6077,16358598,-0.01074058336719652,0
2018-10-17 00:00:00+00:00,511.9646,524.438,506.9396,524.2823,27967162,-0.04342936992127975,0
2018-10-19 00:00:00+00:00,489.7303,494.0438,475.9229,489.1522,55606079,-0.035094826683176455,0
2018-10-22 00:00:00+00:00,472.5433,495.7336,470.1865,493.5991,28798142,-0.007481219181395599,0
2018-10-23 00:00:00+00:00,469.0081,473.4549,464.0943,468.1409,23128845,-0.008485994165132795,0
2018-10-24 00:00:00+00:00,465.0281,478.4576,458.6469,477.9906,29869514,-0.01429591029015229,0
2018-10-25 00:00:00+00:00,458.3801,462.7603,451.9767,460.6925,30833933,0.01367882244451702,1
2018-10-26 00:00:00+00:00,464.6502,470.0309,454.4669,459.314,20085933,0.0410564764633697,1
2018-10-29 00:00:00+00:00,483.7271,486.4175,465.1394,465.1394,16781215,-0.028313898477054587,0
2018-10-30 00:00:00+00:00,470.0309,482.7044,467.8519,482.7044,19263668,0.00402058673163836,1
2018-10-31 00:00:00+00:00,471.9207,473.9663,465.584,470.9202,35999348,-0.004711384772907877,0
2018-11-01 00:00:00+00:00,469.6973,474.8779,466.9181,474.8779,20552752,0.017656903712241948,1
2018-11-02 00:00:00+00:00,477.9907,480.7032,472.7656,474.4777,36739798,0.01432684778176644,1
2018-11-05 00:00:00+00:00,484.8388,485.906,473.5883,477.3459,16585905,0.012657196577501674,1
2018-11-06 00:00:00+00:00,490.9755,494.4885,485.4169,486.4841,18886485,0.005977691351197708,1
2018-11-07 00:00:00+00:00,493.9104,495.8225,492.1317,495.8225,2808599,-0.015530752136419856,0
2018-11-09 00:00:00+00:00,486.2396,495.2889,482.482,491.9315,23712291,-0.012300520155084026,0
2018-11-12 00:00:00+00:00,480.2586,488.6186,477.8351,488.1295,12690610,0.01800925584674585,1
2018-11-13 00:00:00+00:00,488.9077,490.4863,475.834,477.5905,14899604,-0.0013642656885951546,0
2018-11-14 00:00:00+00:00,488.2407,494.7775,482.7044,491.3979,17034346,-0.0010019648095703256,0
2018-11-15 00:00:00+00:00,487.7515,490.4863,483.149,487.796,14943663,0.02785250276011443,1
2018-11-16 00:00:00+00:00,501.3366,502.4706,487.8627,488.2407,24131016,0.020046012998053614,1
2018-11-19 00:00:00+00:00,511.3864,512.1424,502.9374,503.7823,15987574,-0.010956490043536568,0
2018-11-20 00:00:00+00:00,505.7834,514.0101,502.4928,509.1631,12511640,-0.0215402482564671,0
2018-11-21 00:00:00+00:00,494.8887,509.3854,492.2873,505.8279,16422494,-0.009030515346177775,0
2018-11-22 00:00:00+00:00,490.4196,500.425,489.1967,495.6002,12670591,0.006256479145613312,1
2018-11-26 00:00:00+00:00,493.4879,496.9342,487.996,493.1544,13969873,0.016625534283616673,1
2018-11-27 00:00:00+00:00,501.6924,502.4928,491.5758,492.6653,14896607,0.0216714464879276,1
2018-11-28 00:00:00+00:00,512.5648,514.8327,500.8474,503.5822,17507771,0.013751041819492951,1
2018-11-29 00:00:00+00:00,519.6131,524.6825,515.8333,516.2779,27640198,-0.000813104981379441,0
2018-11-30 00:00:00+00:00,519.1906,527.395,516.856,521.3028,23443212,-0.00950710586824961,0
2018-12-03 00:00:00+00:00,514.2546,522.459,510.7194,522.459,12182825,-0.0035884948817179797,0
2018-12-04 00:00:00+00:00,512.4092,514.9439,507.9179,514.9439,11358720,0.0024732186697662283,1
2018-12-05 00:00:00+00:00,513.6765,515.2996,506.6282,508.6071,12729759,-0.027268913411456465,0
2018-12-06 00:00:00+00:00,499.6691,510.9417,497.2678,510.9417,12831451,0.00903297802485678,1
2018-12-07 00:00:00+00:00,504.1826,505.5833,492.8653,502.2482,15779984,-0.03841068692176205,0
2018-12-10 00:00:00+00:00,484.8166,495.5112,481.6371,493.5991,20521072,0.0066957278278012506,1
2018-12-11 00:00:00+00:00,488.0628,490.0861,469.1415,474.033,29518062,0.011798891454132545,1
2018-12-12 00:00:00+00:00,493.8214,495.1555,483.7049,488.7075,27572962,-0.0031065887383575656,0
2018-12-13 00:00:00+00:00,492.2873,501.6034,486.9511,501.6034,20337275,0.004651958317835937,1
2018-12-14 00:00:00+00:00,494.5774,495.778,485.5058,490.5308,15795834,0.01591419260160285,1
2018-12-17 00:00:00+00:00,502.4482,503.8268,494.2661,496.2449,11077711,0.0057528318342070514,1
2018-12-18 00:00:00+00:00,505.3387,506.4949,498.2682,499.5134,12841994,0.00035204111618596703,1
2018-12-19 00:00:00+00:00,505.5166,510.1858,503.9157,507.6066,16118419,-0.007345159387446421,0
2018-12-20 00:00:00+00:00,501.8035,503.6045,496.3339,498.4906,12609700,-0.02503430127529998,0
2018-12-21 00:00:00+00:00,489.2412,503.0486,487.3735,500.2693,18115814,-0.010043512279832537,0
2018-12-24 00:00:00+00:00,484.3275,490.5753,483.1713,489.5525,9065704,0.008446763811677032,1
2018-12-26 00:00:00+00:00,488.4185,489.1522,473.8773,482.8377,15771193,0.019893595349070564,1
2018-12-27 00:00:00+00:00,498.1349,501.1587,490.931,492.354,27294221,0.004775814744158584,1
2018-12-28 00:00:00+00:00,500.5139,504.8274,498.5795,500.4917,16768547,-0.0038202735228730963,0
2018-12-31 00:00:00+00:00,498.6018,504.2048,496.3561,502.9152,15799099,-0.00022302366337236142,0
2019-01-01 00:00:00+00:00,498.4906,501.2921,493.6436,500.3805,9746670,-0.01302411720501846,0
2019-01-02 00:00:00+00:00,491.9982,501.1587,489.5969,495.6002,15628818,-0.012337240258196104,0
2019-01-03 00:00:00+00:00,485.9283,495.6446,484.7498,492.4873,16288287,0.005399150450796981,1
2019-01-04 00:00:00+00:00,488.5519,491.1311,480.7478,487.9961,18516544,0.005552327193896921,1
2019-01-07 00:00:00+00:00,491.2645,497.3566,489.5969,492.265,12060290,-9.058256804627832e-05,0
2019-01-08 00:00:00+00:00,491.22,493.5768,487.3735,491.4201,12304389,0.005522169292781141,1
2019-01-09 00:00:00+00:00,493.9326,496.7119,488.5742,494.4885,12614237,-0.0029259052753351365,0
2019-01-10 00:00:00+00:00,492.4874,494.0438,490.4863,492.5985,8925160,-0.008532807133745919,0
2019-01-11 00:00:00+00:00,488.2851,495.2889,484.0829,492.5319,14139060,-0.0011384742233584606,0
2019-01-14 00:00:00+00:00,487.7292,489.3746,483.1045,486.9288,8994060,0.029950841573561784,1
2019-01-15 00:00:00+00:00,502.3371,503.3821,491.3757,491.3757,22011407,0.005532738871964618,1
2019-01-16 00:00:00+00:00,505.1164,509.1631,502.6484,504.7162,13961606,-0.0012763394734362223,0
2019-01-17 00:00:00+00:00,504.4717,510.4527,502.4928,508.9185,16379077,0.04398601546925221,1
2019-01-18 00:00:00+00:00,526.6614,529.1294,504.8274,510.8529,56181172,0.04504564032982121,1
2019-01-21 00:00:00+00:00,550.3852,551.3857,528.5734,530.9525,48206814,-0.0020601934790398426,0
2019-01-22 00:00:00+00:00,549.2513,554.4986,542.3364,548.2285,36207430,-0.007165208348164214,0
2019-01-23 00:00:00+00:00,545.3158,553.2756,543.4037,548.4286,19313542,0.017247070413144203,1
2019-01-24 00:00:00+00:00,554.7209,557.2778,542.5588,544.7378,28775487,-0.0011623863459985589,0
2019-01-25 00:00:00+00:00,554.0761,562.3917,549.3625,556.055,18703992,-0.0132023380903815,0
2019-01-28 00:00:00+00:00,546.761,558.5007,543.5816,556.0772,18744303,-0.01537143285640341,0
2019-01-29 00:00:00+00:00,538.3565,547.6949,534.2209,547.4058,20405845,-0.012348880342301059,0
2019-01-30 00:00:00+00:00,531.7084,544.7377,529.6629,540.2909,17164298,0.026302762942996626,1
2019-01-31 00:00:00+00:00,545.6938,546.8278,534.0654,534.51,22279301,0.01857946709308402,1
2019-02-01 00:00:00+00:00,555.8325,558.0782,545.6493,548.7399,20187323,0.032761488398033695,1
2019-02-04 00:00:00+00:00,574.0424,576.7328,552.3196,554.5208,25528059,0.0005036213352880591,1
2019-02-05 00:00:00+00:00,574.3315,580.0457,568.5728,574.5316,20479210,0.014478572044194064,1
2019-02-06 00:00:00+00:00,582.647,585.9377,575.5321,576.4214,20586783,-0.015149653220560687,0
2019-02-07 00:00:00+00:00,573.8201,587.5163,571.9079,582.647,20150710,-0.009842109051251447,0
2019-02-08 00:00:00+00:00,568.1725,578.3113,565.749,571.3298,14230054,-0.019135913828986897,0
2019-02-11 00:00:00+00:00,557.3,567.4166,556.2995,567.3722,16457901,0.002513547460972553,1
2019-02-12 00:00:00+00:00,558.7008,565.7935,556.5219,556.5219,13998153,-0.025628744401296744,0
2019-02-14 00:00:00+00:00,544.382,551.8527,541.6249,551.8527,14496604,0.01654132576021993,1
2019-02-15 00:00:00+00:00,553.3868,555.8104,539.8462,546.85,20994460,-0.0195667840288203,0
2019-02-18 00:00:00+00:00,542.5588,556.9665,540.2909,555.8548,21106139,-0.0032785386579298804,0
2019-02-19 00:00:00+00:00,540.78,551.2746,538.6011,541.6249,13658461,0.015007026887089015,1
2019-02-20 00:00:00+00:00,548.8955,551.408,542.0696,544.2263,13776558,0.010167326931993554,1
2019-02-21 00:00:00+00:00,554.4763,559.3234,546.6721,549.6292,23142949,-0.011668848605431832,0
2019-02-22 00:00:00+00:00,548.0062,553.7649,545.1825,553.4536,19152470,-4.0875449949401086e-05,0
2019-02-25 00:00:00+00:00,547.9838,552.742,542.8033,549.6292,17176522,-0.009778208771865127,0
2019-02-26 00:00:00+00:00,542.6255,549.0957,536.2888,537.8452,22160532,0.0026633470045178487,1
2019-02-27 00:00:00+00:00,544.0707,553.587,537.6228,546.0941,24308835,0.006170705388104909,1
2019-02-28 00:00:00+00:00,547.428,551.3412,545.4269,548.6286,24688859,-0.004061538686366006,0
2019-03-01 00:00:00+00:00,545.2046,552.453,543.5148,550.0739,17329606,0.009461402196533244,1
2019-03-05 00:00:00+00:00,550.363,551.319,541.8917,544.0262,15577500,0.021936794442940256,1
2019-03-06 00:00:00+00:00,562.4362,566.127,549.2291,551.3191,26332276,0.004308755375276369,1
2019-03-07 00:00:00+00:00,564.8596,569.1063,559.4789,562.0803,17738092,-0.0024795542113474817,0
2019-03-08 00:00:00+00:00,563.459,566.7274,561.1911,562.992,13211934,0.029200527456301195,1
2019-03-11 00:00:00+00:00,579.9123,583.4253,563.8592,564.7708,21258869,0.02089557334790112,1
2019-03-12 00:00:00+00:00,592.0299,593.2083,584.4258,585.6042,24561597,0.01198047598609464,1
2019-03-13 00:00:00+00:00,599.1227,604.7701,590.5848,594.5424,24577591,-0.004268073968821397,0
2019-03-14 00:00:00+00:00,596.5656,605.6594,594.1421,600.212,22753310,-0.014833406418338605,0
2019-03-15 00:00:00+00:00,587.7165,604.2365,583.0695,598.0998,34764353,0.021488251563466433,1
2019-03-18 00:00:00+00:00,600.3455,603.8585,590.9849,591.8742,22104063,0.01962886371264541,1
2019-03-19 00:00:00+00:00,612.1296,613.6637,597.2549,604.77,21448030,-0.0007991771677108615,0
2019-03-20 00:00:00+00:00,611.6404,617.2212,606.5488,612.6854,21639437,-0.024500997645021554,0
2019-03-22 00:00:00+00:00,596.6546,614.064,594.409,610.3286,25078643,-0.012893724442918832,0
2019-03-25 00:00:00+00:00,588.9615,594.4756,585.5152,591.6963,17394088,0.03231535507838802,1
2019-03-26 00:00:00+00:00,607.994,609.9284,591.4295,591.5629,20734876,-0.013165097023983883,0
2019-03-27 00:00:00+00:00,599.9897,612.7522,597.7663,612.7522,22079870,0.00796730343870905,1
2019-03-28 00:00:00+00:00,604.77,609.128,597.1215,600.4344,22930248,0.023419151082229733,1
2019-04-01 00:00:00+00:00,618.9332,625.5812,605.904,609.2169,22088854,-0.001544754748977928,0
2019-04-02 00:00:00+00:00,617.9771,623.9359,613.7082,621.668,17526740,-0.010433881773289019,0
2019-04-03 00:00:00+00:00,611.5292,623.8915,610.1062,619.3334,17169813,-0.01610650807843664,0
2019-04-04 00:00:00+00:00,601.6796,615.3091,599.1004,613.2191,18320845,0.0006279089402399205,1
2019-04-05 00:00:00+00:00,602.0574,606.5043,597.2104,605.1925,14717266,-0.018206569672592723,0
2019-04-08 00:00:00+00:00,591.096,603.6584,588.6281,602.9913,19081843,0.003912054894636446,1
2019-04-09 00:00:00+00:00,593.4084,596.1876,587.4274,590.9404,20774977,-0.0022856097082549435,0
2019-04-10 00:00:00+00:00,592.0521,599.4339,589.8732,594.9648,16651949,0.011566887441155973,1
2019-04-11 00:00:00+00:00,598.9003,601.6574,590.9849,592.7414,12558520,-0.002747368802453422,0
2019-04-12 00:00:00+00:00,597.2549,603.3916,594.3867,600.3232,12948769,-0.002196214715023641,0
2019-04-15 00:00:00+00:00,595.9432,599.8564,593.653,598.0999,9285737,0.0026859942356921946,1
2019-04-16 00:00:00+00:00,597.5439,604.77,595.8763,598.0998,17360317,0.03140472189574697,1
2019-04-18 00:00:00+00:00,616.3096,617.9993,606.9934,611.4403,39286534,-0.029293880867667908,0
2019-04-22 00:00:00+00:00,598.2555,607.8829,596.4545,604.7701,23607922,0.013750980977191121,1
2019-04-23 00:00:00+00:00,606.4821,610.5509,598.5445,599.4338,19807450,0.018806985399898925,1
2019-04-24 00:00:00+00:00,617.8882,620.245,607.5493,609.3503,16101112,-0.012306433429218956,0
2019-04-25 00:00:00+00:00,610.2842,628.0716,605.9263,617.7104,30469914,0.014864222275457771,1
2019-04-26 00:00:00+00:00,619.3556,620.7564,609.5281,611.4403,15069884,0.0,0
2019-04-30 00:00:00+00:00,619.3556,620.9565,607.7938,620.9565,22348580,0.008795431897281611,1
2019-05-02 00:00:00+00:00,624.8031,628.7385,614.5976,618.9999,18992003,0.0027045320357725355,1
2019-05-03 00:00:00+00:00,626.4929,630.3395,623.7359,626.0927,14240262,-0.016999713803620007,0
2019-05-06 00:00:00+00:00,615.8427,623.8026,612.8188,621.6681,15832114,-0.029893672523844186,0
2019-05-07 00:00:00+00:00,597.4329,620.3341,595.9654,620.2451,19417647,-0.03278778252754421,0
2019-05-08 00:00:00+00:00,577.8444,595.8763,574.6205,595.8763,31958919,-0.033090742075202094,0
2019-05-09 00:00:00+00:00,558.7231,573.1086,556.6331,573.1086,42670173,-0.004218189654231265,0
2019-05-10 00:00:00+00:00,556.3663,568.1726,553.6315,562.5251,24557430,-0.015266021683915866,0
2019-05-13 00:00:00+00:00,547.8728,560.6574,545.8495,554.921,17603659,0.02305097095530207,1
2019-05-14 00:00:00+00:00,560.5018,564.4595,547.6282,549.8516,28438234,-0.00281640487149203,0
2019-05-15 00:00:00+00:00,558.9232,568.3061,556.1217,566.0827,24419559,0.006722748313185157,1
2019-05-16 00:00:00+00:00,562.6807,565.5933,559.4567,560.2794,14451308,0.0016201017735280796,1
2019-05-17 00:00:00+00:00,563.5923,567.839,556.7442,563.4145,17276949,0.04615747944036852,1
2019-05-20 00:00:00+00:00,589.6063,594.8536,579.6454,584.1367,26979100,0.01048360575523021,1
2019-05-21 00:00:00+00:00,595.7875,607.8829,591.4518,592.4079,30343560,0.00044781067075087887,1
2019-05-22 00:00:00+00:00,596.0543,604.6367,593.6974,598.3889,24689918,-0.004849390399498795,0
2019-05-23 00:00:00+00:00,593.1638,618.9999,589.2061,610.1063,38766006,0.002211530777839019,1
2019-05-24 00:00:00+00:00,594.4756,602.013,585.4263,599.4338,22269265,-0.019598113026001302,0
2019-05-27 00:00:00+00:00,582.825,594.7648,581.2019,594.5869,16076686,0.009994766868270912,1
2019-05-28 00:00:00+00:00,588.6502,593.564,584.0255,586.8937,42594251,-0.00808289880815472,0
2019-05-29 00:00:00+00:00,583.8922,592.897,579.9345,587.4274,15558515,0.012718443575714822,1
2019-05-30 00:00:00+00:00,591.3184,596.7658,585.3152,585.3152,23494381,0.0003008531444311937,1
2019-05-31 00:00:00+00:00,591.4963,596.7214,587.0717,594.9426,25724066,0.02259135010650112,1
2019-06-03 00:00:00+00:00,604.859,607.994,587.5163,593.6529,18556942,-0.006285927794742238,0
2019-06-04 00:00:00+00:00,601.0569,611.1067,599.4783,603.636,15442761,-0.017977832048845958,0
2019-06-06 00:00:00+00:00,590.2512,605.615,587.4719,605.615,16764835,-0.009379735272033451,0
2019-06-07 00:00:00+00:00,584.7148,590.2067,580.5793,589.6286,14722419,0.003232174044508556,1
2019-06-10 00:00:00+00:00,586.6047,590.0954,582.5803,587.3829,11768468,0.0075807438978924445,1
2019-06-11 00:00:00+00:00,591.0516,593.4307,586.0934,587.8054,11492074,0.0022569941439968123,1
2019-06-12 00:00:00+00:00,592.3856,595.1648,589.2061,593.5195,10297599,-0.003678347346728168,0
2019-06-13 00:00:00+00:00,590.2066,593.5195,581.9355,591.4295,15686169,-0.0073082883180228785,0
2019-06-14 00:00:00+00:00,585.8932,589.2061,582.2691,587.8276,14942768,-0.026754193426378612,0
2019-06-17 00:00:00+00:00,570.2181,586.9827,568.5283,586.9827,14908257,-0.0010136472342777056,0
2019-06-18 00:00:00+00:00,569.6401,572.7306,564.3483,568.7062,16797371,-0.00284969404366015,0
2019-06-19 00:00:00+00:00,568.0168,578.9783,561.4578,572.2636,14492763,0.015187755010063043,1
2019-06-20 00:00:00+00:00,576.6437,578.089,568.3059,569.1953,10748848,-0.013302321693621227,0
2019-06-21 00:00:00+00:00,568.973,576.3103,567.2165,576.288,23236832,-0.01336443029809838,0
2019-06-24 00:00:00+00:00,561.369,567.6168,559.0122,565.7047,11267228,0.02649700998808268,1
2019-06-25 00:00:00+00:00,576.2436,577.1997,557.7447,559.8125,14966899,-0.0013117716188084292,0
2019-06-26 00:00:00+00:00,575.4877,580.1346,572.0191,574.0869,11593027,-0.015454370267166536,0
2019-06-27 00:00:00+00:00,566.5939,576.7105,565.1931,575.0429,24905533,-0.016520650857695437,0
2019-06-28 00:00:00+00:00,557.2334,570.4628,555.2545,567.9058,18942165,0.01256870101469168,1
2019-07-01 00:00:00+00:00,564.2371,565.9269,554.2762,559.4345,13478857,0.007605313440041233,1
2019-07-02 00:00:00+00:00,568.5283,569.6401,561.7691,566.505,10146746,0.003167828233000969,1
2019-07-03 00:00:00+00:00,570.3293,572.0858,566.9942,570.4849,8806492,0.0011305749152288546,1
2019-07-04 00:00:00+00:00,570.9741,574.0869,569.1953,569.8179,9351405,-0.016082515826900148,0
2019-07-05 00:00:00+00:00,561.7914,573.8646,560.3017,571.4632,10926753,-0.008944601145549715,0
2019-07-08 00:00:00+00:00,556.7664,563.9036,555.0544,559.4123,14009219,0.022403111969400445,1
2019-07-09 00:00:00+00:00,569.2397,570.7517,553.8537,555.3879,17535754,-0.0009762144137171067,0
2019-07-10 00:00:00+00:00,568.684,573.3531,564.1704,569.2176,12018196,0.002111190045789944,1
2019-07-11 00:00:00+00:00,569.8846,573.5533,568.884,572.3081,8608376,-0.0008191132029184875,0
2019-07-12 00:00:00+00:00,569.4178,578.0891,568.3283,570.5295,15692436,-0.0034363168836662092,0
2019-07-15 00:00:00+00:00,567.4611,573.4198,564.9041,571.4187,10659498,0.013243550967634698,1
2019-07-16 00:00:00+00:00,574.9763,575.8212,567.8835,569.1731,10070773,-0.00862331195216226,0
2019-07-17 00:00:00+00:00,570.0181,576.755,569.1954,575.5544,9482233,-0.015602662441771683,0
2019-07-18 00:00:00+00:00,561.1243,572.0413,559.4123,570.0847,11942908,-0.010183305196370781,0
2019-07-19 00:00:00+00:00,555.4102,566.0603,552.6086,563.9481,16336536,0.025220278633701763,1
2019-07-22 00:00:00+00:00,569.4178,571.1965,545.7606,556.2996,29092589,-0.005427649082975819,0
2019-07-23 00:00:00+00:00,566.3272,575.3765,560.4796,571.4188,20316348,-0.011346444246364967,0
2019-07-24 00:00:00+00:00,559.9014,568.6617,557.4334,566.3049,15189179,-0.021920466710745767,0
2019-07-25 00:00:00+00:00,547.6281,564.326,545.627,562.0803,21805071,-0.014372710238937714,0
2019-07-26 00:00:00+00:00,539.7572,552.5196,538.0674,547.6281,20387504,-0.002347907540649717,0
2019-07-29 00:00:00+00:00,538.4899,543.4036,535.8885,541.1358,17626045,-0.02481532151299401,0
2019-07-30 00:00:00+00:00,525.1271,542.5143,522.926,539.824,20853117,-0.012405568099608643,0
2019-07-31 00:00:00+00:00,518.6126,526.9504,516.9005,522.8371,21229950,0.01200433618465881,1
2019-08-01 00:00:00+00:00,524.8382,528.3734,511.5421,517.3452,22628222,0.009497022129867713,1
2019-08-02 00:00:00+00:00,529.8226,536.0408,519.869,525.953,23766807,-0.034618002327571465,0
2019-08-05 00:00:00+00:00,511.4812,522.061,504.6143,522.061,30399133,-0.013163142653141547,0
2019-08-06 00:00:00+00:00,504.7485,514.2772,501.9302,507.634,29067994,-0.01675091654556672,0
2019-08-07 00:00:00+00:00,496.2935,509.3339,493.4752,503.9433,25349369,0.03871479275872033,1
2019-08-08 00:00:00+00:00,515.5074,518.0349,489.9859,495.8238,31198568,0.008460790281575137,1
2019-08-09 00:00:00+00:00,519.869,525.8635,515.4849,519.7572,21970009,0.09693653593501426,1
2019-08-13 00:00:00+00:00,570.2633,582.8115,548.4548,551.6534,104827144,0.010590546507201148,1
2019-08-14 00:00:00+00:00,576.3027,583.5498,572.7686,583.3485,31688983,-0.00795675605892513,0
2019-08-16 00:00:00+00:00,571.7172,577.8907,569.4805,577.6223,21977767,0.011424179646860304,1
2019-08-19 00:00:00+00:00,578.2486,580.1275,572.6119,573.0817,16317602,-0.012880965038220572,0
2019-08-20 00:00:00+00:00,570.8002,578.2486,569.3016,576.996,14969299,-0.003918534015930691,0
2019-08-21 00:00:00+00:00,568.5635,572.0081,566.5728,570.666,10677848,-0.019040969038638642,0
2019-08-22 00:00:00+00:00,557.7375,568.5858,554.2258,568.5634,14031953,0.023340729285730347,1
2019-08-23 00:00:00+00:00,570.7555,574.4014,548.6786,554.2706,21307915,-0.007093229938213456,0
2019-08-26 00:00:00+00:00,566.707,578.8749,563.2176,578.8749,19202504,0.006354430067036359,1
2019-08-27 00:00:00+00:00,570.3081,574.8487,564.2017,574.8487,28401906,-0.009060015104116383,0
2019-08-28 00:00:00+00:00,565.1411,573.0593,561.8978,569.816,11605488,-0.017058217850374046,0
2019-08-29 00:00:00+00:00,555.5008,563.7768,552.6154,562.0769,18890222,0.00547595971058897,1
2019-08-30 00:00:00+00:00,558.5427,561.1598,546.2182,557.1783,24735240,-0.03375910203463409,0
2019-09-03 00:00:00+00:00,539.6868,556.0599,536.8237,555.7244,18730619,-0.00435196858622426,0
2019-09-04 00:00:00+00:00,537.3381,539.1722,530.5831,537.0697,32949395,-0.002122871986929715,0
2019-09-05 00:00:00+00:00,536.1974,542.7287,533.8264,539.8657,22995486,0.01994004446869743,1
2019-09-06 00:00:00+00:00,546.8892,549.7971,534.6989,538.1658,23186819,-0.0002453879140417554,0
2019-09-09 00:00:00+00:00,546.755,551.5864,542.7065,546.0616,11747929,0.009981801721063286,1
2019-09-11 00:00:00+00:00,552.2126,554.7178,546.8891,546.8891,12127900,-0.01948307590228827,0
2019-09-12 00:00:00+00:00,541.4538,554.9191,539.3736,552.4811,11880005,0.01259978228982778,1
2019-09-13 00:00:00+00:00,548.276,549.5733,539.9105,542.192,12947715,-0.012116707643595478,0
2019-09-16 00:00:00+00:00,541.6327,545.3681,530.6054,531.9028,20547730,-0.01098493499376973,0
2019-09-17 00:00:00+00:00,535.6829,541.7446,533.9159,541.7446,15640772,0.00688989698943156,1
2019-09-18 00:00:00+00:00,539.3737,544.1156,535.5711,539.0381,14933909,-0.022103413644380558,0
2019-09-19 00:00:00+00:00,527.4517,541.1631,524.5887,540.3355,13766222,0.06386480506177158,1
2019-09-20 00:00:00+00:00,561.1373,568.0936,525.3267,531.433,48165560,-0.01207779272559491,0
2019-09-23 00:00:00+00:00,554.36,573.0594,552.4812,569.995,21610844,0.031875315679341897,1
2019-09-24 00:00:00+00:00,572.0304,581.0222,555.9481,556.3283,34958974,0.0006646499906299716,1
2019-09-25 00:00:00+00:00,572.4106,579.3223,567.624,574.4013,18192270,0.013481231829040064,1
2019-09-26 00:00:00+00:00,580.1274,581.0221,574.1776,577.9801,18350457,0.009446545707029321,1
2019-09-27 00:00:00+00:00,585.6076,588.2694,574.4014,578.2039,19058663,0.01772261835399663,1
2019-09-30 00:00:00+00:00,595.9861,597.5519,584.0418,586.0326,25263770,-0.020529170059503048,0
2019-10-01 00:00:00+00:00,583.751,600.3478,578.5617,598.1111,17920384,0.004713139677705074,1
2019-10-03 00:00:00+00:00,586.5023,588.1351,573.1936,575.2961,13524851,-0.0022501190532415844,0
2019-10-04 00:00:00+00:00,585.1826,594.3534,583.2814,590.4614,14992253,0.001528924475881643,1
2019-10-07 00:00:00+00:00,586.0773,590.8639,582.3195,585.1825,10061584,0.0111823133228329,1
2019-10-09 00:00:00+00:00,592.631,594.9573,578.2039,585.4511,17588647,0.028684628377523346,1
2019-10-10 00:00:00+00:00,609.6304,612.4263,590.9534,592.7428,35006390,-0.007448119385122593,0
2019-10-11 00:00:00+00:00,605.0898,610.9054,597.9098,610.0554,16597126,0.003992465250612373,1
2019-10-14 00:00:00+00:00,607.5056,610.6147,604.307,610.6147,13394275,0.004528517926419222,1
2019-10-15 00:00:00+00:00,610.2567,612.8737,605.8503,609.5186,9672791,0.006011076977933926,1
2019-10-16 00:00:00+00:00,613.925,617.1906,610.0553,612.829,19403660,0.017597589282078552,1
2019-10-17 00:00:00+00:00,624.7286,625.847,613.7685,615.1106,16038940,0.014214172362206557,1
2019-10-18 00:00:00+00:00,633.6086,638.7755,625.7128,628.0838,28121951,-0.0015531670498159466,0
2019-10-22 00:00:00+00:00,632.6245,642.7793,627.793,637.4782,27786502,-0.015380371768719071,0
2019-10-23 00:00:00+00:00,622.8945,637.9032,618.7565,633.5863,18446160,0.031635854867878836,1
2019-10-24 00:00:00+00:00,642.6003,644.8147,620.2774,626.7416,22642488,-0.0036546823896595514,0
2019-10-25 00:00:00+00:00,640.2518,644.8371,631.3271,644.6806,13539957,0.0021310365702994446,1
2019-10-27 00:00:00+00:00,641.6162,646.4253,639.7149,644.6358,3014841,0.022869123317023402,1
2019-10-29 00:00:00+00:00,656.2894,662.0826,645.128,646.649,25768505,0.008213754480873758,1
2019-10-30 00:00:00+00:00,661.68,664.1181,653.2698,662.0826,16341366,-0.009972343126586786,0
2019-10-31 00:00:00+00:00,655.0815,666.3996,653.896,663.872,19463741,-0.005087611236159196,0
2019-11-01 00:00:00+00:00,651.7487,653.9407,644.6358,650.8988,13904301,0.0005147689592630174,1
2019-11-04 00:00:00+00:00,652.0842,658.0564,646.47,655.7749,14063434,-0.007100310051984077,0
2019-11-05 00:00:00+00:00,647.4542,657.1394,644.6359,654.5224,12685356,-0.00856786472309557,0
2019-11-06 00:00:00+00:00,641.9069,647.0739,639.0439,645.3963,14625505,0.016516881186352746,1
2019-11-07 00:00:00+00:00,652.5092,654.4775,640.6991,641.9517,14084039,-0.008981022796306878,0
2019-11-08 00:00:00+00:00,646.649,652.979,644.7701,648.2147,12019353,-0.012245128346289942,0
2019-11-11 00:00:00+00:00,638.7307,646.0897,636.3821,643.7858,11357841,0.031166812554962505,1
2019-11-13 00:00:00+00:00,658.6379,660.2484,639.7149,639.7149,25225749,-0.006486265063094471,0
2019-11-14 00:00:00+00:00,654.3658,662.7984,651.2567,660.2932,14258133,0.00553742264647682,1
2019-11-15 00:00:00+00:00,657.9893,665.1246,654.5447,655.6631,15691605,-0.007920645518095737,0
2019-11-18 00:00:00+00:00,652.7776,664.7666,651.0776,658.7945,14076051,0.03464242645580971,1
2019-11-19 00:00:00+00:00,675.3914,677.6953,655.3724,656.267,30176255,0.025103369690523195,1
2019-11-20 00:00:00+00:00,692.346,703.418,690.3553,695.6564,43538120,-0.006493574022237481,0
2019-11-21 00:00:00+00:00,687.8502,696.0815,683.8016,691.1606,14897371,0.0057880334991543695,1
2019-11-22 00:00:00+00:00,691.8315,702.1207,687.8501,689.8632,22352865,0.009731849445999492,1
2019-11-25 00:00:00+00:00,698.5643,700.0182,693.8447,693.9118,15146156,-0.0008325647331247537,0
2019-11-26 00:00:00+00:00,697.9827,705.1851,696.0814,701.4944,35330983,0.006152874562650257,1
2019-11-27 00:00:00+00:00,702.2773,704.8048,696.1261,697.8485,9642739,0.006656629795666192,1
2019-11-28 00:00:00+00:00,706.9521,708.6744,699.6379,703.5298,13747479,-0.01844580417824631,0
2019-11-29 00:00:00+00:00,693.9118,707.6902,692.4355,707.6902,18559594,0.022789351615003544,1
2019-12-02 00:00:00+00:00,709.7256,722.2291,705.4758,715.7649,31225364,-0.004790161155240756,0
2019-12-03 00:00:00+00:00,706.3259,713.0809,703.5076,712.5217,12990426,-0.01659389808585538,0
2019-12-04 00:00:00+00:00,694.6052,705.6995,686.1278,703.6864,20987607,-0.0011914681894117137,0
2019-12-05 00:00:00+00:00,693.7776,706.7061,690.7133,704.1338,19942460,0.002611499708263784,1
2019-12-06 00:00:00+00:00,695.5894,701.4497,689.4159,694.7394,13085234,0.011383439713141215,1
2019-12-09 00:00:00+00:00,703.5076,705.6549,691.8316,696.1486,12642677,-0.006772350433740905,0
2019-12-10 00:00:00+00:00,698.7432,703.9549,695.2539,703.2615,10173333,0.00028808867120273443,1
2019-12-11 00:00:00+00:00,698.9445,704.3574,693.6657,695.9024,12364641,0.0037123119217621755,1
2019-12-12 00:00:00+00:00,701.5392,704.0667,696.3723,702.4563,10326606,0.00937367434350056,1
2019-12-13 00:00:00+00:00,708.1152,711.2915,703.418,706.8179,12668303,-0.010297477020688112,0
2019-12-16 00:00:00+00:00,700.8234,713.0361,699.8168,712.1861,11892718,-0.002489500207898261,0
2019-12-17 00:00:00+00:00,699.0787,706.3706,695.8802,700.8905,20324601,0.008414932396023509,1
2019-12-18 00:00:00+00:00,704.9614,706.8179,698.7656,699.213,14742077,0.021639057117169756,1
2019-12-19 00:00:00+00:00,720.2161,722.4305,703.1496,703.9996,20507816,-0.006739227295807472,0
2019-12-20 00:00:00+00:00,715.3624,723.616,714.0203,722.4753,21271510,-0.01732240889372993,0
2019-12-23 00:00:00+00:00,702.9706,705.7218,696.8866,697.9155,25107772,-0.015877335410613164,0
2019-12-24 00:00:00+00:00,691.8093,703.2615,690.0422,701.8523,18048449,-0.020078365526453604,0
2019-12-26 00:00:00+00:00,677.9189,694.717,675.5703,689.6619,29761019,0.01778413317581202,1
2019-12-27 00:00:00+00:00,689.9751,691.6974,680.5583,683.1082,17677571,0.001199463574844891,1
2019-12-30 00:00:00+00:00,690.8027,692.346,683.5779,691.5855,17123749,-0.01952482235521082,0
2019-12-31 00:00:00+00:00,677.3149,690.579,674.6308,689.8184,22203005,-0.002939105577036541,0
2020-01-01 00:00:00+00:00,675.3242,683.1529,673.4901,679.0819,14004468,0.017024415828723386,1
2020-01-02 00:00:00+00:00,686.8212,689.3488,676.3979,676.3979,17710316,0.0012051171396573808,1
2020-01-03 00:00:00+00:00,687.6489,689.662,681.3188,685.7923,20984698,-0.023192358774950475,0
2020-01-06 00:00:00+00:00,671.7007,683.5108,670.1349,679.9767,24519177,0.015384530639911492,1
2020-01-07 00:00:00+00:00,682.0345,686.4633,677.0689,679.5293,16683622,-0.007510030650942045,0
2020-01-08 00:00:00+00:00,676.9124,686.4409,675.5032,677.74,16047902,0.023031340539780305,1
2020-01-09 00:00:00+00:00,692.5026,693.3973,685.0095,688.2975,14982742,-0.00022613633508383337,0
2020-01-10 00:00:00+00:00,692.346,696.9537,688.7672,694.2472,12478359,-0.0025521921120365437,0
2020-01-13 00:00:00+00:00,690.579,697.2893,688.2081,691.183,18282382,-0.009263531036999385,0
2020-01-14 00:00:00+00:00,684.1818,693.3973,680.8043,688.9238,15816535,-0.003628860048601114,0
2020-01-15 00:00:00+00:00,681.699,688.879,679.1938,687.0672,15817859,0.009220051665031058,1
2020-01-16 00:00:00+00:00,687.9843,690.4223,683.5555,684.0029,12847975,0.02802534883426855,1
2020-01-17 00:00:00+00:00,707.2653,709.0323,694.8288,694.963,29463471,-0.030771762731750106,0
2020-01-20 00:00:00+00:00,685.5015,719.7911,682.8398,719.7911,32545850,0.0010115222213226331,1
2020-01-21 00:00:00+00:00,686.1949,691.5408,680.8714,683.824,18922720,-0.00035849872973404626,0
2020-01-22 00:00:00+00:00,685.9489,691.9434,684.9423,690.7132,10322817,-0.004239091279248282,0
2020-01-23 00:00:00+00:00,683.0411,689.7962,680.2899,687.3581,11247739,-0.0034710941991631336,0
2020-01-24 00:00:00+00:00,680.6702,687.291,679.3281,683.1082,14628445,-0.009858518853917872,0
2020-01-27 00:00:00+00:00,673.9598,681.9675,673.2664,677.6953,13387750,-0.023099152204627056,0
2020-01-28 00:00:00+00:00,658.3919,675.5032,654.746,674.8768,24532236,0.005503864795420456,1
2020-01-29 00:00:00+00:00,662.0156,668.5245,654.9473,659.4209,24746565,-0.024394591305703317,0
2020-01-30 00:00:00+00:00,645.866,661.9484,644.1885,661.6352,22402689,-0.022233714114073218,0
2020-01-31 00:00:00+00:00,631.506,650.1159,629.5153,650.0041,34750310,-0.01852444790706663,0
2020-02-03 00:00:00+00:00,619.8077,626.272,609.7646,612.829,30712290,0.029520123741605786,1
2020-02-04 00:00:00+00:00,638.1045,640.8333,625.3102,626.2943,25383901,0.01549323034079842,1
2020-02-05 00:00:00+00:00,647.9908,649.9145,639.8491,641.9068,18472100,0.00642061584824963,1
2020-02-06 00:00:00+00:00,652.1513,656.267,644.2332,650.4961,15538577,-0.016565941063063104,0
2020-02-07 00:00:00+00:00,641.3478,649.7133,638.9544,649.1093,12209212,0.0013602603766629752,1
2020-02-10 00:00:00+00:00,642.2202,646.649,630.9693,638.8203,15142476,0.011946214086694875,1
2020-02-11 00:00:00+00:00,649.8923,655.9092,646.4476,647.4989,13999816,0.012080309306634384,1
2020-02-12 00:00:00+00:00,657.7432,659.7787,650.8987,651.4132,13533565,0.002618499134616699,1
2020-02-13 00:00:00+00:00,659.4655,661.076,654.2986,661.076,13565659,0.009124055769407101,1
2020-02-14 00:00:00+00:00,665.4825,671.6783,650.0488,660.8524,21227841,-0.006285364378477164,0
2020-02-17 00:00:00+00:00,661.2997,673.7809,659.5327,666.1088,13149130,-0.007339788601144048,0
2020-02-18 00:00:00+00:00,656.4459,660.2484,651.9723,660.2484,11127161,0.024805852241593637,1
2020-02-19 00:00:00+00:00,672.7296,673.9151,659.8906,661.7918,14084409,-0.011869999476758644,0
2020-02-20 00:00:00+00:00,664.7443,674.6084,663.7825,669.6876,16892268,-0.027591812370561127,0
2020-02-24 00:00:00+00:00,646.4028,660.7404,643.9871,657.4971,21370214,-0.019758423076137604,0
2020-02-25 00:00:00+00:00,633.6309,649.2882,630.7678,649.2882,27745062,-0.017226748253596814,0
2020-02-26 00:00:00+00:00,622.7155,631.8191,620.6353,630.7678,29362748,-0.004130778822752992,0
2020-02-27 00:00:00+00:00,620.1432,623.5208,612.4264,620.9261,25054993,-0.04155088695643188,0
2020-02-28 00:00:00+00:00,594.3757,607.0582,592.7428,606.1187,39315769,-0.009408022568890366,0
2020-03-02 00:00:00+00:00,588.7838,612.4264,582.0511,606.2082,29500495,0.020286393749284537,1
2020-03-03 00:00:00+00:00,600.7281,605.6713,591.4008,594.8454,27398798,-0.002345820014079673,0
2020-03-04 00:00:00+00:00,599.3189,605.6266,585.0931,604.8214,22105261,-0.021310524330202144,0
2020-03-05 00:00:00+00:00,586.5471,607.4832,584.2432,604.9109,30510390,-0.03062209326412159,0
2020-03-06 00:00:00+00:00,568.5858,576.2579,555.2099,568.1384,33734039,-0.12340688072055253,0
2020-03-09 00:00:00+00:00,498.4184,555.1652,489.8516,554.7402,88187018,0.03536366233670346,1
2020-03-11 00:00:00+00:00,516.0443,527.1833,495.6673,495.6673,59578576,-0.0784971367768233,0
2020-03-12 00:00:00+00:00,475.5363,492.5358,469.1392,485.3781,55970485,0.0397931766723172,1
2020-03-13 00:00:00+00:00,494.4594,509.9825,421.5856,446.4584,73297403,-0.081064087364908,0
2020-03-16 00:00:00+00:00,454.3765,483.0071,449.5898,474.4403,38482258,-0.007580937834593199,0
2020-03-17 00:00:00+00:00,450.9319,474.1943,448.7847,468.4905,45445979,-0.039186404865124806,0
2020-03-18 00:00:00+00:00,433.2615,463.4131,429.9063,458.6711,44730415,-0.052452387299586935,0
2020-03-19 00:00:00+00:00,410.5359,432.5904,399.1284,411.6095,61404010,0.10924062913864532,1
2020-03-20 00:00:00+00:00,455.3831,462.9657,416.0384,420.2882,63360475,-0.13153891745214083,0
2020-03-23 00:00:00+00:00,395.4825,424.9854,391.7247,409.8649,40670949,0.06713419683551097,1
2020-03-24 00:00:00+00:00,422.0329,433.9325,400.7389,416.0384,45734887,0.14718046863171097,1
2020-03-25 00:00:00+00:00,484.1479,515.1494,430.9129,431.1589,73130298,-0.014830178959776561,0
2020-03-26 00:00:00+00:00,476.9679,499.6487,466.2985,490.2095,45744488,-0.0005627213068216657,0
2020-03-27 00:00:00+00:00,476.6995,495.3541,468.0208,489.8517,41657940,-0.03298618941282711,0
2020-03-30 00:00:00+00:00,460.975,480.8151,456.3002,465.5157,30229866,0.08083844026248711,1
2020-03-31 00:00:00+00:00,498.2395,505.4195,468.826,480.4348,44292810,-0.02989887393512566,0
2020-04-01 00:00:00+00:00,483.3427,503.0933,467.5735,502.042,41597459,-0.0027767048100653213,0
2020-04-03 00:00:00+00:00,482.0006,507.4997,472.5391,507.4997,41367807,0.11940234099293644,1
2020-04-07 00:00:00+00:00,539.5526,543.0867,492.0884,493.0279,54373624,-0.011566249518582566,0
2020-04-08 00:00:00+00:00,533.312,549.7969,518.9296,527.8766,49880330,0.02331918276731057,1
2020-04-09 00:00:00+00:00,545.7484,551.4969,533.6923,543.0866,33032857,-0.0252469819425946,0
2020-04-13 00:00:00+00:00,531.9699,543.534,527.8766,538.5907,23673784,-0.033048862351046586,0
2020-04-15 00:00:00+00:00,514.3889,552.9284,511.3245,535.504,35321842,0.015828296450409337,1
2020-04-16 00:00:00+00:00,522.5308,531.2095,512.2194,514.389,37455706,0.04790033429608362,1
2020-04-17 00:00:00+00:00,547.5602,550.2443,533.5357,543.9814,33269335,0.01617648616535688,1
2020-04-20 00:00:00+00:00,556.4178,562.3229,537.7185,548.4549,36030932,-0.005185671630203067,0
2020-04-21 00:00:00+00:00,553.5324,560.0861,520.7191,541.2973,61371628,0.10203250975010675,1
2020-04-22 00:00:00+00:00,610.0107,619.5393,581.5591,590.5061,142683366,0.005353512651499267,1
2020-04-23 00:00:00+00:00,613.2764,619.9643,605.4029,611.6883,65464502,0.03362757803822232,1
2020-04-24 00:00:00+00:00,633.8994,668.7706,602.6742,603.9938,134986308,0.008997799966366944,1
2020-04-27 00:00:00+00:00,639.6031,659.8458,636.5835,641.5043,58482901,-0.0011189751894574674,0
2020-04-28 00:00:00+00:00,638.8874,651.1001,622.7827,648.662,78453401,-0.0008403671758121166,0
2020-04-29 00:00:00+00:00,638.3505,650.2948,635.2414,646.3805,37494672,0.02736600033993868,1
2020-04-30 00:00:00+00:00,655.8196,668.7705,643.3161,650.429,71345899,-0.021009436131521585,0
2020-05-04 00:00:00+00:00,642.0412,655.3723,634.1006,644.1885,53456868,0.017732506885850926,1
2020-05-05 00:00:00+00:00,653.4262,661.6352,647.4093,650.3172,44903763,6.856168301792807e-05,1
2020-05-06 00:00:00+00:00,653.471,664.2969,646.6489,654.9249,40489094,0.03162772334196918,1
2020-05-07 00:00:00+00:00,674.1388,677.1361,646.4253,650.8988,50026966,0.0363978456662042,1
2020-05-08 00:00:00+00:00,698.676,706.7731,687.6264,691.1605,84262770,0.00960445184892559,1
2020-05-11 00:00:00+00:00,705.3864,722.4752,703.3733,706.8178,67085063,-0.061865808583777535,0
2020-05-12 00:00:00+00:00,661.7471,701.6063,655.3723,700.0181,100683202,0.021216715570041695,1
2020-05-13 00:00:00+00:00,675.7872,689.5833,656.617,689.5833,66430125,-0.04042899895114918,0
2020-05-14 00:00:00+00:00,648.4658,675.9001,645.8014,663.391,49266771,0.01633069932138296,1
2020-05-15 00:00:00+00:00,659.0557,662.3523,639.0501,652.1011,62152260,-0.012779344750375348,0
2020-05-18 00:00:00+00:00,650.6334,669.2616,644.8756,663.8425,62796089,-0.022106611803206038,0
2020-05-19 00:00:00+00:00,636.2501,660.0943,633.6986,657.9717,42315854,0.01760251196817106,1
2020-05-20 00:00:00+00:00,647.4497,653.3882,629.0698,636.7469,55320985,0.005266200602147093,1
2020-05-21 00:00:00+00:00,650.8593,659.9814,643.5208,648.0368,39167981,-0.006730333268649589,0
2020-05-22 00:00:00+00:00,646.4788,658.4234,644.1982,655.6236,37828973,-0.005238996236226105,0
2020-05-26 00:00:00+00:00,643.0919,654.6752,639.592,653.9752,33216635,0.015097686660335808,1
2020-05-27 00:00:00+00:00,652.8011,656.617,637.6501,646.2304,35667956,0.018470557111499933,1
2020-05-28 00:00:00+00:00,664.8587,668.2456,654.3592,657.0687,40126278,-0.005332110416845034,0
2020-05-29 00:00:00+00:00,661.3136,664.7457,656.0074,662.9393,40022527,0.03820683560719153,1
2020-06-01 00:00:00+00:00,686.5803,694.709,666.5296,668.3585,39943702,0.010096415524884732,1
2020-06-02 00:00:00+00:00,693.5123,695.4542,686.7835,689.1319,22153960,0.0038743364753588898,1
2020-06-03 00:00:00+00:00,696.1992,704.4859,692.4509,697.712,25381289,0.024746222058284452,1
2020-06-04 00:00:00+00:00,713.4275,717.808,695.9057,697.2604,34202350,0.0012026449779409221,1
2020-06-05 00:00:00+00:00,714.2855,730.6783,710.6727,720.2916,33076685,-0.00771302231390661,0
2020-06-08 00:00:00+00:00,708.7762,730.8592,706.744,730.8592,31414953,-0.02061172482936082,0
2020-06-09 00:00:00+00:00,694.1671,714.8726,692.2929,704.6214,25857161,0.022769445570093968,1
2020-06-10 00:00:00+00:00,709.9729,713.3147,695.4767,696.8541,22132647,-0.02191266737082504,0
2020-06-11 00:00:00+00:00,694.4155,708.0761,691.3898,707.1955,20385805,0.03323140108479727,1
2020-06-12 00:00:00+00:00,717.4919,719.3886,676.0356,677.3904,38548899,0.016207151606868357,1
2020-06-15 00:00:00+00:00,729.1204,734.7201,704.9827,706.7439,53107403,0.0019508437838250566,1
2020-06-16 00:00:00+00:00,730.5428,744.4745,715.9112,741.9682,51187003,-0.0014524816342040606,0
2020-06-17 00:00:00+00:00,729.4817,738.5587,723.4981,726.2754,41782053,0.02510289154614843,1
2020-06-18 00:00:00+00:00,747.7938,751.9033,725.0786,725.7109,40471557,0.06250386135857239,1
2020-06-19 00:00:00+00:00,794.5338,807.8106,750.5486,754.1613,105804173,-0.00753108300741894,0
2020-06-22 00:00:00+00:00,788.5501,814.7651,783.5148,800.856,60198705,-0.014460336762369436,0
2020-06-23 00:00:00+00:00,777.1474,796.4982,774.9797,790.2888,37962078,0.00403848742207723,1
2020-06-24 00:00:00+00:00,780.2859,800.5399,772.9927,783.9212,51586221,-0.005758658460956364,0
2020-06-25 00:00:00+00:00,775.7925,789.8371,773.6023,779.902,39679374,0.013825088538494554,1
2020-06-26 00:00:00+00:00,786.5179,791.192,775.3862,780.715,30921913,-0.010622008729871315,0
2020-06-29 00:00:00+00:00,778.1635,785.66,774.7314,780.3763,25621946,-0.011055260237726393,0
2020-06-30 00:00:00+00:00,769.5607,786.2244,765.6995,784.4181,30276420,0.019658228389261553,1
2020-07-01 00:00:00+00:00,784.6889,789.8371,771.3443,776.7409,28464103,0.017215612454821318,1
2020-07-02 00:00:00+00:00,798.1978,801.4851,786.7259,790.3307,28789533,0.015650130832232295,1
2020-07-03 00:00:00+00:00,810.6897,813.0022,801.6664,807.0169,29434266,0.035740185178126715,1
2020-07-06 00:00:00+00:00,839.6639,842.4752,812.5941,818.4433,47016185,-0.015309339844192396,0
2020-07-07 00:00:00+00:00,826.8092,845.3546,819.0329,843.3822,35189589,-0.013957029021931557,0
2020-07-08 00:00:00+00:00,815.2694,832.0236,811.6419,827.0813,26204095,0.014599468592835733,1
2020-07-09 00:00:00+00:00,827.1719,832.0463,809.9416,820.2571,36418942,0.029491693322754246,1
2020-07-10 00:00:00+00:00,851.5666,854.5366,827.1719,829.0991,43759967,0.030323993449249895,1
2020-07-13 00:00:00+00:00,877.3895,883.1481,861.5194,863.0384,69608392,-0.009302367990499055,0
2020-07-14 00:00:00+00:00,869.2277,880.4275,855.7608,876.9361,67331128,-0.038080240655009076,0
2020-07-15 00:00:00+00:00,836.1273,897.2498,815.2695,878.7271,139669773,-0.0003254289149511362,0
2020-07-16 00:00:00+00:00,835.8552,847.4631,821.8215,837.4876,60961724,0.0370510346768196,1
2020-07-17 00:00:00+00:00,866.8245,870.588,833.4066,836.5807,49726765,0.004289449594468113,1
2020-07-20 00:00:00+00:00,870.5427,876.0292,861.3607,869.5905,36592938,0.026902298991192574,1
2020-07-21 00:00:00+00:00,893.9623,896.4336,878.0696,879.2032,42173371,0.016459195203198128,1
2020-07-22 00:00:00+00:00,908.6762,911.3968,889.0426,899.1541,59771457,0.026846416798415165,1
2020-07-23 00:00:00+00:00,933.0709,943.001,902.9403,908.6535,58333751,0.0429341435897314,1
2020-07-24 00:00:00+00:00,973.1315,980.7718,933.0708,933.1615,120597372,0.004682717597775883,1
2020-07-27 00:00:00+00:00,977.6884,997.0046,964.8563,987.936,80304827,0.009971377383632709,1
2020-07-28 00:00:00+00:00,987.4373,994.8282,975.1719,977.6885,55114422,-0.03721816058599374,0
2020-07-29 00:00:00+00:00,950.6867,989.7498,938.8068,987.528,72663399,0.005818741337182876,1
2020-07-30 00:00:00+00:00,956.2185,970.2068,939.5095,951.7522,72857444,-0.01979756718783414,0
2020-07-31 00:00:00+00:00,937.2877,965.3551,930.8037,958.7804,74958061,-0.028106951579541666,0
2020-08-03 00:00:00+00:00,910.9434,932.7081,908.2681,930.1235,46715383,0.07048275447190237,1
2020-08-04 00:00:00+00:00,975.1492,982.5855,906.9759,916.2032,92041055,-0.0112293585432875,0
2020-08-05 00:00:00+00:00,964.1989,995.735,960.5034,983.4924,74549993,0.0035973905384045113,1
2020-08-06 00:00:00+00:00,967.6675,982.9028,955.7423,978.0511,49322975,0.005787111792015359,1
2020-08-07 00:00:00+00:00,973.2675,978.414,961.365,965.7179,32984416,-0.012392482025753439,0
2020-08-10 00:00:00+00:00,961.2063,981.6787,955.8785,979.0035,26958997,0.006580585250013415,1
2020-08-11 00:00:00+00:00,967.5316,979.4115,952.3643,967.985,46828306,-0.002905641531501476,0
2020-08-12 00:00:00+00:00,964.7203,972.6101,955.289,961.7277,30264617,-0.0026084244314128935,0
2020-08-13 00:00:00+00:00,962.2039,969.8441,956.74,964.9018,24830322,-0.003887845393268527,0
2020-08-14 00:00:00+00:00,958.463,978.0512,947.3313,962.4305,33224635,-0.01062054560269931,0
2020-08-17 00:00:00+00:00,948.2836,954.4729,938.6481,954.4729,30979066,0.013005813872558836,1
2020-08-18 00:00:00+00:00,960.6168,967.7584,944.2026,945.4042,30547672,0.006136265782568,1
2020-08-19 00:00:00+00:00,966.5114,976.691,961.8864,970.7964,34087543,-0.016185427300702226,0
2020-08-20 00:00:00+00:00,950.868,963.0427,946.7645,961.2743,22537845,-0.007248219521531934,0
2020-08-21 00:00:00+00:00,943.9759,962.1812,941.7767,960.3674,25280895,0.006676759438455959,1
2020-08-24 00:00:00+00:00,950.2786,954.2461,938.8294,948.3062,32717218,-0.006513247799119098,0
2020-08-25 00:00:00+00:00,944.0892,957.3295,942.2302,954.9262,19388008,0.026511795707439494,1
2020-08-26 00:00:00+00:00,969.1187,973.9477,928.1738,945.4042,59870421,-0.012492484150806343,0
2020-08-27 00:00:00+00:00,957.012,974.8772,953.6793,973.9703,28085062,0.0026295386055765913,1
2020-08-28 00:00:00+00:00,959.5285,967.1235,955.0395,961.2742,27166900,-0.01675208188188266,0
2020-08-31 00:00:00+00:00,943.4544,985.7595,934.2271,985.7595,62076132,0.0031480058813653606,1
2020-09-01 00:00:00+00:00,946.4244,962.3624,935.1566,952.2056,38616258,0.019619105340056727,1
2020-09-02 00:00:00+00:00,964.9924,969.4361,945.4042,948.5782,26949439,-0.007565033672804074,0
2020-09-03 00:00:00+00:00,957.6922,969.7761,953.566,964.9017,18586429,-0.01650029101208089,0
2020-09-04 00:00:00+00:00,941.89,950.8226,939.6002,944.7467,28475945,0.0025996666277379055,1
2020-09-07 00:00:00+00:00,944.3386,954.8128,926.9268,944.9507,21926473,0.011739856869135618,1
2020-09-08 00:00:00+00:00,955.425,961.7277,943.3637,948.5782,27397082,0.025746238584922976,1
2020-09-09 00:00:00+00:00,980.0236,982.9483,943.7945,945.4042,55310877,0.07062717673329504,1
2020-09-10 00:00:00+00:00,1049.2399,1063.2736,986.3716,989.8857,140304404,0.0024850370253741497,1
2020-09-11 00:00:00+00:00,1051.8473,1060.0544,1037.0429,1048.3333,59470807,-0.00741476448149834,0
2020-09-14 00:00:00+00:00,1044.0481,1070.0977,1034.73,1054.2277,44063445,0.007079271539309397,1
2020-09-15 00:00:00+00:00,1051.4392,1054.5679,1037.5188,1048.3106,27178393,0.00245805939135609,1
2020-09-16 00:00:00+00:00,1054.0237,1074.3374,1047.6757,1051.9605,33952295,-0.011098991417365608,0
2020-09-17 00:00:00+00:00,1042.3251,1058.1725,1039.1963,1051.9604,25828669,0.003023336960800418,1
2020-09-18 00:00:00+00:00,1045.4764,1051.7111,1032.2589,1049.3533,33074915,-0.02162019152225719,0
2020-09-21 00:00:00+00:00,1022.873,1059.2155,1019.0188,1042.8919,33627381,-0.019815167669886724,0
2020-09-22 00:00:00+00:00,1002.6046,1032.4629,998.2516,1032.4629,34792254,0.008886554081240046,1
2020-09-23 00:00:00+00:00,1011.5143,1032.3495,999.9519,1024.7546,42988708,-0.02223389229395969,0
2020-09-24 00:00:00+00:00,989.0244,1009.338,986.6891,1001.1309,29826318,0.009398352558339332,1
2020-09-25 00:00:00+00:00,998.3196,1003.3527,982.7216,992.561,28374935,0.0066085049316872,1
2020-09-28 00:00:00+00:00,1004.917,1014.7792,1000.7454,1009.7914,19666849,0.012995003567458798,1
2020-09-29 00:00:00+00:00,1017.9759,1026.5684,1004.9171,1008.8846,25842539,-0.004766124620435538,0
2020-09-30 00:00:00+00:00,1013.1241,1027.9286,1008.8845,1024.7546,24465159,-0.004072748836988519,0
2020-10-01 00:00:00+00:00,1008.9979,1026.4777,1003.8968,1026.4777,20783227,-0.005864531531730596,0
2020-10-05 00:00:00+00:00,1003.0806,1019.8349,1000.2694,1017.4997,18922799,-0.0008362239285656526,0
2020-10-06 00:00:00+00:00,1002.2418,1012.92,998.2969,1008.9979,18412175,0.02133147909017559,1
2020-10-07 00:00:00+00:00,1023.6211,1046.9728,1006.6174,1013.4188,53170865,-0.008084339019584398,0
2020-10-08 00:00:00+00:00,1015.3458,1028.382,1007.5695,1024.3011,21077808,-0.002590053556138259,0
2020-10-09 00:00:00+00:00,1012.716,1021.5806,1005.3024,1013.4188,18545499,0.0016119030409314768,1
2020-10-12 00:00:00+00:00,1014.3484,1022.8275,1009.4514,1013.4189,14226473,0.019512329294352863,1
2020-10-13 00:00:00+00:00,1034.1407,1036.4306,1009.27,1011.4238,23112012,0.002981605887864179,1
2020-10-14 00:00:00+00:00,1037.2241,1044.7057,1028.6089,1033.3246,26742011,-0.035409898400933754,0
2020-10-15 00:00:00+00:00,1000.4961,1038.3576,995.2816,1038.3576,20036197,-0.013913497513883336,0
2020-10-16 00:00:00+00:00,986.5757,1012.2852,985.1474,1004.3503,21583600,0.00018386830326355422,1
2020-10-19 00:00:00+00:00,986.7571,1010.5622,977.2124,993.0371,31200385,-0.009328131512811033,0
2020-10-20 00:00:00+00:00,977.5525,994.3748,975.8974,988.0268,18482288,-0.014518299528669837,0
2020-10-21 00:00:00+00:00,963.3601,993.9214,951.1855,983.039,34082321,-0.008307589238956432,0
2020-10-22 00:00:00+00:00,955.3569,966.9421,948.1247,964.6296,30802210,0.0028952530724381254,1
2020-10-23 00:00:00+00:00,958.1229,968.0757,950.5733,954.9262,23422125,-0.0397293499612627,0
2020-10-26 00:00:00+00:00,920.0573,953.0898,915.2509,953.0898,37324416,0.0026613559829370866,1
2020-10-27 00:00:00+00:00,922.5059,934.0004,909.1297,922.6873,36478896,-0.011329575236320966,0
2020-10-28 00:00:00+00:00,912.0543,933.0254,910.2179,925.8158,29924017,0.007681011974835252,1
2020-10-29 00:00:00+00:00,919.0598,925.9067,902.7817,905.5022,30655304,0.013616850611897015,1
2020-10-30 00:00:00+00:00,931.5745,936.3809,916.7473,922.0524,34021563,-0.08617668259489711,0
2020-11-02 00:00:00+00:00,851.2945,919.1051,842.9967,919.1051,99366895,-0.014407822439825496,0
2020-11-03 00:00:00+00:00,839.0292,865.6003,832.0918,856.9851,88691623,0.03393862811925975,1
2020-11-04 00:00:00+00:00,867.5047,874.669,832.9533,832.9533,80180117,0.021848181341265344,1
2020-11-05 00:00:00+00:00,886.4581,889.156,876.0292,886.4355,37205373,0.03792835780957961,1
2020-11-06 00:00:00+00:00,920.08,924.9997,896.955,902.3282,66674086,0.010620163464046574,1
2020-11-09 00:00:00+00:00,929.8514,938.1492,923.186,935.0206,35838510,0.01650661600337431,1
2020-11-10 00:00:00+00:00,945.2001,947.6714,925.5439,941.7767,36934242,-0.04190350805083499,0
2020-11-11 00:00:00+00:00,905.5929,949.9385,896.9324,947.2179,56724780,-0.008612147908845081,0
2020-11-12 00:00:00+00:00,897.7938,910.694,890.9924,898.2473,40046527,0.008282970989552317,1
2020-11-13 00:00:00+00:00,905.2302,923.4808,898.5874,898.7008,45388670,0.002955270383157807,1
2020-11-14 00:00:00+00:00,907.9054,913.8,904.7541,913.6187,5226220,-0.0045198541610172475,0
2020-11-17 00:00:00+00:00,903.8018,945.4042,900.061,945.4042,46542562,-0.0030351787305579626,0
2020-11-18 00:00:00+00:00,901.0586,909.8099,888.7706,903.8018,30402290,-0.007070239382876922,0
2020-11-19 00:00:00+00:00,894.6879,911.6008,892.4434,901.0586,27796343,-0.037326088795880716,0
2020-11-20 00:00:00+00:00,861.2927,899.517,859.2523,895.5267,57471248,0.02695448364998343,1
2020-11-23 00:00:00+00:00,884.5084,893.2596,873.422,884.6444,45327567,0.006843688539306039,1
2020-11-24 00:00:00+00:00,890.5617,895.0733,876.0292,890.539,30936268,-0.008273766994470992,0
2020-11-25 00:00:00+00:00,883.1934,903.6659,880.6543,897.7939,32637879,0.0024643526548092784,1
2020-11-26 00:00:00+00:00,885.3699,890.9925,875.1451,885.574,25838637,-0.011676814402658147,0
2020-11-27 00:00:00+00:00,875.0316,886.9568,871.2227,879.8833,47336811,0.013006501708052539,1
2020-12-01 00:00:00+00:00,886.4127,891.5592,875.145,879.8153,19750687,0.0016625438692383448,1
2020-12-02 00:00:00+00:00,887.8864,889.6321,877.3895,888.0451,22188887,0.0030131106862319244,1
2020-12-03 00:00:00+00:00,890.5617,898.2927,888.1132,894.1665,27785372,-0.008808373411971288,0
2020-12-04 00:00:00+00:00,882.7173,892.8062,879.6567,892.8062,18464552,0.005881611247451414,1
2020-12-07 00:00:00+00:00,887.9091,890.9924,879.9287,879.9287,18242188,0.018154448467754207,1
2020-12-08 00:00:00+00:00,904.0286,913.3239,884.191,889.2467,43403061,0.016652017425112433,1
2020-12-09 00:00:00+00:00,919.0825,922.1886,906.5225,911.3742,29175254,-0.009842424374308004,0
2020-12-10 00:00:00+00:00,910.0365,919.7853,907.3159,916.6566,16065507,-0.0005978881066859091,0
2020-12-11 00:00:00+00:00,909.4924,924.0929,895.1866,912.7571,26944202,-0.007228977394423535,0
2020-12-14 00:00:00+00:00,902.9177,913.6641,900.6732,910.4673,17312747,-0.008512071476724841,0
2020-12-15 00:00:00+00:00,895.232,902.1921,889.224,902.1921,18551265,0.0011142363096940896,1
2020-12-16 00:00:00+00:00,896.2295,904.5727,891.3098,901.4213,18561011,0.004578737923712525,1
2020-12-17 00:00:00+00:00,900.3331,909.1297,896.5017,899.8344,20252358,0.0029965576074010877,1
2020-12-18 00:00:00+00:00,903.031,909.0844,890.9924,897.8393,18466344,-0.026034986617292213,0
2020-12-21 00:00:00+00:00,879.5206,916.838,841.2284,911.3969,44135540,-0.0015466380207580567,0
2020-12-22 00:00:00+00:00,878.1603,888.2265,856.2823,883.7375,28140001,0.0036919227617098344,1
2020-12-23 00:00:00+00:00,881.4024,884.8485,870.8827,875.1224,19501410,0.02587648955800449,1
2020-12-24 00:00:00+00:00,904.21,906.3184,882.3319,882.8307,20776988,0.004588425255195046,1
2020-12-28 00:00:00+00:00,908.3589,915.0244,904.7315,909.9006,17221499,-0.00661412576020329,0
2020-12-29 00:00:00+00:00,902.3509,912.4397,898.9501,910.9434,18611939,0.00273862418710942,1
2020-12-30 00:00:00+00:00,904.8221,910.1272,895.7761,904.7087,22043630,-0.005111502028962379,0
2020-12-31 00:00:00+00:00,900.1971,912.2583,897.1591,903.9152,18781189,0.0011082017482616129,1
2021-01-01 00:00:00+00:00,901.1947,905.5023,898.7008,901.4214,10015175,0.0016855403166485614,1
2021-01-04 00:00:00+00:00,902.7137,906.3638,892.3528,904.6408,24513534,-0.012431959324423644,0
2021-01-05 00:00:00+00:00,891.4912,899.4262,886.9115,892.8061,24123091,-0.02637199335226192,0
2021-01-06 00:00:00+00:00,867.9808,891.4458,863.8546,891.4005,46401468,-0.0016195058692542788,0
2021-01-07 00:00:00+00:00,866.5751,881.9238,863.8546,870.8147,32325918,0.011799208170186213,1
2021-01-08 00:00:00+00:00,876.8,878.9312,867.0059,869.6812,27540187,-0.018849908759124095,0
2021-01-11 00:00:00+00:00,860.2724,879.1124,858.1186,879.1124,33307825,0.031519435006865326,1
2021-01-12 00:00:00+00:00,887.3877,888.7253,861.4741,862.8797,41161546,-0.009325348999090297,0
2021-01-13 00:00:00+00:00,879.1125,895.5041,869.8853,890.335,26619458,0.011244180921099424,1
2021-01-14 00:00:00+00:00,888.9974,891.854,879.2259,881.9238,21553242,-0.011807683577027286,0
2021-01-15 00:00:00+00:00,878.5004,894.9826,870.6107,888.9973,20593268,0.024000672054332612,1
2021-01-18 00:00:00+00:00,899.585,905.5023,872.1071,883.783,35100458,0.016356208696232142,1
2021-01-19 00:00:00+00:00,914.2988,920.9189,904.4367,904.4367,32006615,0.018994228145109673,1
2021-01-20 00:00:00+00:00,931.6652,933.1615,907.4973,916.566,30924537,0.02175491796838602,1
2021-01-21 00:00:00+00:00,951.9335,961.2742,940.8698,944.0438,39087742,-0.023720879662287312,0
2021-01-22 00:00:00+00:00,929.3528,959.1659,922.8007,957.1934,30532660,-0.052986121094163584,0
2021-01-25 00:00:00+00:00,880.11,922.7099,876.0292,922.7099,54207104,-0.023698969447000968,0
2021-01-27 00:00:00+00:00,859.2523,872.8552,856.0783,872.8552,42370131,-0.009736255579414812,0
2021-01-28 00:00:00+00:00,850.8864,872.0843,847.9164,852.5187,34067814,-0.018437948943595704,0
2021-01-29 00:00:00+00:00,835.1978,867.4594,829.7792,858.9349,43712383,0.02896379755789578,1
2021-02-01 00:00:00+00:00,859.3883,863.7865,837.941,843.1101,34180952,0.016092492764911977,1
2021-02-02 00:00:00+00:00,873.218,879.6567,841.0923,867.9808,41470034,0.002518386015863214,1
2021-02-03 00:00:00+00:00,875.4171,885.0978,861.5194,874.3515,30301696,-0.0032890607231684846,0
2021-02-04 00:00:00+00:00,872.5378,879.6567,863.7866,872.4018,25626981,-0.0002859474970596095,0
2021-02-05 00:00:00+00:00,872.2883,881.7651,870.588,875.145,20248046,0.014399023808985997,1
2021-02-08 00:00:00+00:00,884.8484,892.8062,874.6916,876.5053,21183400,0.0024085481761621937,1
2021-02-09 00:00:00+00:00,886.9796,902.1469,885.2339,889.6095,19604141,0.009278454656679765,1
2021-02-10 00:00:00+00:00,895.2094,899.9477,873.8981,885.8914,21234156,0.04122979495076798,1
2021-02-11 00:00:00+00:00,932.1187,935.9729,894.2798,897.7939,42539278,-0.006859104961632051,0
2021-02-12 00:00:00+00:00,925.7252,942.2301,913.8453,932.0279,30497029,-0.004408219631484542,0
2021-02-15 00:00:00+00:00,921.6444,934.6579,918.1983,928.6499,15791099,0.013234279945714342,1
2021-02-16 00:00:00+00:00,933.8417,942.8649,922.7326,924.8864,21421660,0.011532040173404224,1
2021-02-17 00:00:00+00:00,944.6108,950.3693,929.8062,934.0685,23742994,-0.007464449908893741,0
2021-02-18 00:00:00+00:00,937.5598,956.0144,933.6603,945.4042,18646877,0.006093584643880907,1
2021-02-19 00:00:00+00:00,943.2729,954.45,931.0303,932.708,23403483,-0.03470639302793501,0
2021-02-22 00:00:00+00:00,910.5353,947.626,904.5727,943.137,23804335,0.007643965039027055,1
2021-02-23 00:00:00+00:00,917.4954,930.8489,913.0291,928.6271,25644108,0.0185574772363981,1
2021-02-24 00:00:00+00:00,934.5218,936.4489,918.7197,920.4654,10807663,0.04044153919148809,1
2021-02-25 00:00:00+00:00,972.3153,975.784,939.963,941.3233,34855693,-0.027304311677498045,0
2021-02-26 00:00:00+00:00,945.7669,967.5769,938.9201,959.914,37481215,0.007623020006303904,1
2021-03-01 00:00:00+00:00,952.9765,957.6469,935.202,956.8306,17680764,0.00204590564405314,1
2021-03-02 00:00:00+00:00,954.9262,965.8086,947.2633,962.1811,17150760,0.045631589121756196,1
2021-03-03 00:00:00+00:00,998.501,1006.5721,955.4704,961.7504,31924461,-0.011920568932830295,0
2021-03-04 00:00:00+00:00,986.5983,992.9917,978.3686,988.4801,21435754,0.0013098542740241441,1
2021-03-05 00:00:00+00:00,987.8906,1002.9673,976.2601,977.5978,25511666,0.005691520903225554,1
2021-03-08 00:00:00+00:00,993.5132,1012.0132,983.039,983.2657,19506841,-2.2848211780161728e-05,0
2021-03-09 00:00:00+00:00,993.4905,1003.8061,973.3356,997.5488,15154484,-0.004153235486398753,0
2021-03-10 00:00:00+00:00,989.3643,1004.3956,984.0592,1000.7228,11519358,-0.020325778886503183,0
2021-03-12 00:00:00+00:00,969.2547,1000.4507,963.0427,995.2816,16864952,-0.013426295482497953,0
2021-03-15 00:00:00+00:00,956.2412,974.3784,943.3637,970.3656,16698099,-0.003935722493446237,0
2021-03-16 00:00:00+00:00,952.4777,963.9949,950.1652,958.5537,13873801,-0.021541396717214473,0
2021-03-17 00:00:00+00:00,931.96,953.566,922.778,951.3215,19210236,-0.02250236061633551,0
2021-03-18 00:00:00+00:00,910.9887,945.3135,907.3159,939.9176,20647480,0.036284862808945974,1
2021-03-19 00:00:00+00:00,944.0438,950.3239,899.0635,902.7816,41787429,-0.00941396998740949,0
2021-03-22 00:00:00+00:00,935.1566,940.4164,921.9164,939.0561,18572478,0.012170368043170439,1
2021-03-23 00:00:00+00:00,946.5378,956.604,932.2547,934.9526,17421165,-0.019257551045504948,0
2021-03-24 00:00:00+00:00,928.3098,943.0236,925.1811,943.0236,16822814,-0.027279793879155478,0
2021-03-25 00:00:00+00:00,902.9857,931.3479,900.0611,931.3479,22001648,0.001606780705386638,1
2021-03-26 00:00:00+00:00,904.4366,913.0745,894.9373,912.3037,20180202,0.017371477447949393,1
2021-03-30 00:00:00+00:00,920.148,929.0353,903.031,910.4899,20441701,-0.012910749140355731,0
2021-03-31 00:00:00+00:00,908.2682,929.4888,906.4091,915.0244,16250796,0.009360451020964956,1
2021-04-01 00:00:00+00:00,916.77,920.4655,908.2908,915.0243,11723312,-0.014466987357788699,0
2021-04-05 00:00:00+00:00,903.5071,918.1983,889.6775,918.1756,14875099,-0.004165324212726217,0
2021-04-06 00:00:00+00:00,899.7437,909.1071,892.8062,908.6763,14009194,0.009348328862986241,1
2021-04-07 00:00:00+00:00,908.1548,928.1285,903.8246,906.8625,24266353,0.0012481352298088677,1
2021-04-08 00:00:00+00:00,909.2883,916.8379,903.6885,911.8502,15369188,-0.0116187572192451,0
2021-04-09 00:00:00+00:00,898.7235,909.7419,897.7939,906.1598,14037885,-0.035771179901270996,0
2021-04-12 00:00:00+00:00,866.5751,889.3601,861.6327,888.2718,20901482,0.010805064673563729,1
2021-04-13 00:00:00+00:00,875.9385,879.9288,869.6132,872.4017,19411189,0.006470659755222577,1
2021-04-15 00:00:00+00:00,881.6064,889.1787,867.414,873.4446,19723716,-0.00627479564576671,0
2021-04-16 00:00:00+00:00,876.0745,884.1456,873.5126,878.115,15656948,-0.015734050015152757,0
2021-04-19 00:00:00+00:00,862.2903,868.9557,856.9851,863.3332,18478808,-0.0002893457110673886,0
2021-04-20 00:00:00+00:00,862.0408,870.1345,857.1891,866.2804,17203668,0.0027615862265451454,1
2021-04-22 00:00:00+00:00,864.4214,868.0715,850.9545,858.0053,14490954,-0.0010752857344808468,0
2021-04-23 00:00:00+00:00,863.4919,870.0893,859.411,864.24,11828857,0.017591247815989898,1
2021-04-26 00:00:00+00:00,878.6818,889.6322,866.7338,870.5881,20846778,0.02621460920210255,1
2021-04-27 00:00:00+00:00,901.7161,905.5929,878.8632,879.6567,19992524,0.0043495951774621755,1
2021-04-28 00:00:00+00:00,905.6382,910.49,897.8619,905.8877,17122437,0.013393096713455835,1
2021-04-29 00:00:00+00:00,917.7675,927.0402,910.1726,917.246,17412606,-0.014599340246849066,0
2021-04-30 00:00:00+00:00,904.3687,923.186,901.2173,910.7167,19828769,-0.017774056090176488,0
2021-05-03 00:00:00+00:00,888.2944,897.3404,881.0622,891.4458,23640186,-0.021668604462664654,0
2021-05-04 00:00:00+00:00,869.0463,892.262,866.5071,884.1909,21849830,0.0018262548266991963,1
2021-05-05 00:00:00+00:00,870.6334,878.9765,865.1696,872.1071,12393609,0.005676671719692734,1
2021-05-06 00:00:00+00:00,875.5757,877.3895,864.512,871.4269,14624666,0.0003885443600136249,1
2021-05-07 00:00:00+00:00,875.9159,886.7529,873.3087,878.6365,12288548,-0.00287310688160807,0
2021-05-10 00:00:00+00:00,873.3993,882.74,871.0188,879.2032,13941237,0.003608200739341063,1
2021-05-11 00:00:00+00:00,876.5507,878.9992,866.0537,868.3209,13478264,-0.010345893283754192,0
2021-05-12 00:00:00+00:00,867.482,876.4373,864.6934,875.1677,13177961,0.01262320140360268,1
2021-05-14 00:00:00+00:00,878.4324,880.5635,864.24,874.2381,13291616,0.011898012869288502,1
2021-05-17 00:00:00+00:00,888.884,890.2896,875.3037,878.4324,11873078,0.01407900243451336,1
2021-05-18 00:00:00+00:00,901.3986,908.0414,894.3931,898.2473,12064918,0.004577664087785376,1
2021-05-19 00:00:00+00:00,905.5249,914.3215,894.1665,897.7939,16317002,-0.005833522634220277,0
2021-05-20 00:00:00+00:00,900.2425,911.805,898.2474,905.9104,11422532,0.008637894789459526,1
2021-05-21 00:00:00+00:00,908.0187,911.2154,900.5145,903.235,10785605,-0.008439143378875262,0
2021-05-24 00:00:00+00:00,900.3558,911.3062,898.7008,910.49,8551760,-0.011331298137913991,0
2021-05-25 00:00:00+00:00,890.1536,905.5022,888.7252,905.2301,14780102,0.0035147866615379423,1
2021-05-26 00:00:00+00:00,893.2823,897.5672,891.1285,895.5268,7480204,0.0030709217007882073,1
2021-05-27 00:00:00+00:00,896.0255,903.6885,889.7455,893.3956,26819294,0.06006782173051999,1
2021-05-28 00:00:00+00:00,949.8478,954.4728,902.3282,902.3282,56469931,0.031267851544215824,1
2021-05-31 00:00:00+00:00,979.5475,993.7853,945.4269,953.1125,59124142,0.003981021849374292,1
2021-06-01 00:00:00+00:00,983.4471,998.4556,973.2902,982.1321,28013832,0.014915291325786633,1
2021-06-02 00:00:00+00:00,998.1155,1001.8563,978.0512,978.0512,24630162,0.0038160914242890667,1
2021-06-03 00:00:00+00:00,1001.9244,1020.2203,995.7804,1007.0708,23974257,-0.008666522144784519,0
2021-06-04 00:00:00+00:00,993.2412,1005.0077,990.4072,1004.2596,14468646,0.016845354381191578,1
2021-06-07 00:00:00+00:00,1009.9727,1016.5928,990.7473,998.4556,16336573,-0.00574649195963418,0
2021-06-08 00:00:00+00:00,1004.1689,1009.8594,996.7099,1009.6101,9674735,-0.017881354421552035,0
2021-06-09 00:00:00+00:00,986.213,1007.0708,978.482,1006.164,11409161,0.0036781101040039826,1
2021-06-10 00:00:00+00:00,989.8404,1011.1517,987.3692,994.556,14155653,0.017345624607765044,1
2021-06-11 00:00:00+00:00,1007.0098,1013.7668,991.9717,993.2458,13762778,0.01434603714879437,1
2021-06-14 00:00:00+00:00,1021.4564,1027.5308,998.774,1007.8516,20332436,0.0022720499866660613,1
2021-06-15 00:00:00+00:00,1023.7772,1035.107,1019.3636,1028.7824,15174215,-0.017066799299691324,0
2021-06-16 00:00:00+00:00,1006.3046,1022.4347,1003.6882,1021.4565,10797349,0.001831155298306221,1
2021-06-17 00:00:00+00:00,1008.1473,1016.9519,991.8807,1001.0264,15745975,0.004513427750091696,1
2021-06-18 00:00:00+00:00,1012.6975,1016.9519,993.9055,1012.6293,29369026,0.005211921625164469,1
2021-06-21 00:00:00+00:00,1017.9756,1022.6395,1001.0948,1002.619,12186448,-0.005140201788726502,0
2021-06-22 00:00:00+00:00,1012.743,1028.7823,1009.831,1025.5971,12871913,-0.009165405241013863,0
2021-06-23 00:00:00+00:00,1003.4608,1024.05,1001.7999,1023.777,16653951,-0.02351103301693499,0
2021-06-24 00:00:00+00:00,979.8684,1007.6696,973.7258,1004.1433,91461975,-0.022776936168162988,0
2021-06-25 00:00:00+00:00,957.55,979.8684,946.9255,979.8684,55355022,-0.008767061772231223,0
2021-06-28 00:00:00+00:00,949.1551,967.5831,946.88,965.5355,20277042,0.0008628726748663877,1
2021-06-29 00:00:00+00:00,949.9741,959.6203,948.2905,950.7476,27144063,0.010944508908190164,1
2021-06-30 00:00:00+00:00,960.3711,965.8312,951.4528,953.8189,19762858,-0.00601704903448259,0
2021-07-01 00:00:00+00:00,954.5925,966.0588,953.2502,963.7155,12534407,0.01482391701170919,1
2021-07-02 00:00:00+00:00,968.7433,970.4952,952.3174,954.1602,14086620,0.009934004188725781,1
2021-07-05 00:00:00+00:00,978.3668,979.8911,969.8581,972.1104,11702287,-0.011812849741017433,0
2021-07-06 00:00:00+00:00,966.8095,977.7753,964.7165,975.978,10070124,-0.006941801875136635,0
2021-07-07 00:00:00+00:00,960.0981,968.1519,954.6153,968.1519,10454892,-0.008269988243909716,0
2021-07-08 00:00:00+00:00,952.1581,963.2377,946.88,963.2377,11185460,-0.010226452938855459,0
2021-07-09 00:00:00+00:00,942.4209,951.7487,940.1003,950.0651,9037675,0.006228215015180575,1
2021-07-12 00:00:00+00:00,948.2905,956.2077,943.9224,946.3112,8585292,0.007485364453192344,1
2021-07-13 00:00:00+00:00,955.3888,956.9131,950.0879,955.5253,6717133,-0.006524778184546437,0
2021-07-14 00:00:00+00:00,949.1551,958.6421,946.9938,955.6845,8532544,-0.0017496613567159953,0
2021-07-15 00:00:00+00:00,947.4944,953.2503,945.7426,953.2503,9448356,0.014430692149737245,1
2021-07-16 00:00:00+00:00,961.1674,962.2367,949.8831,949.9514,8828185,-0.006367257150003219,0
2021-07-19 00:00:00+00:00,955.0474,966.4455,951.9989,955.5252,8354449,-0.0024535954969355438,0
2021-07-20 00:00:00+00:00,952.7041,959.1653,948.245,955.2977,6741464,0.012847535766876536,1
2021-07-22 00:00:00+00:00,964.944,966.4,954.6835,964.1705,7972397,-0.0070731565769619744,0
2021-07-23 00:00:00+00:00,958.1188,971.2004,956.458,971.2004,9937030,-0.013700910576016178,0
2021-07-26 00:00:00+00:00,944.9917,965.0804,942.3754,959.1653,12389668,-0.01052072732490667,0
2021-07-27 00:00:00+00:00,935.0497,948.1085,929.1346,944.969,10824523,-0.008588848271915453,0
2021-07-28 00:00:00+00:00,927.0187,936.4147,917.4179,936.4147,12897848,0.0078042654371482355,1
2021-07-29 00:00:00+00:00,934.2534,943.8769,929.7715,934.5947,13765738,-0.008742167810146629,0
2021-07-30 00:00:00+00:00,926.086,940.9421,924.1749,936.4147,11350608,0.018277460192681925,1
2021-08-02 00:00:00+00:00,943.0125,946.152,928.7478,934.7312,10925104,0.007358120915682349,1
2021-08-03 00:00:00+00:00,949.9513,951.4301,939.2358,950.9751,11817299,0.007663866558211997,1
2021-08-04 00:00:00+00:00,957.2316,961.8954,949.6101,952.9772,13169800,0.01449784984114617,1
2021-08-05 00:00:00+00:00,971.1094,980.4599,957.459,962.0319,21252078,-0.021178355394356207,0
2021-08-06 00:00:00+00:00,950.5429,976.8881,945.8563,969.1529,16620987,-0.005696428851343836,0
2021-08-09 00:00:00+00:00,945.1282,950.8841,940.2823,946.88,7494143,0.00524754207947665,1
2021-08-10 00:00:00+00:00,950.0878,961.4404,943.5811,947.335,11919198,0.014008389540419351,1
2021-08-11 00:00:00+00:00,963.397,964.6255,947.9721,954.1375,9184963,-0.0032116562538600656,0
2021-08-12 00:00:00+00:00,960.3029,967.4465,957.8003,966.855,8137612,0.016654745080953118,1
2021-08-13 00:00:00+00:00,976.2965,978.2304,959.5976,963.3969,12780901,0.012979765880549608,1
2021-08-16 00:00:00+00:00,988.9686,1002.3915,968.3338,977.9801,21935444,-0.00425574684575425,0
2021-08-17 00:00:00+00:00,984.7598,994.2922,977.2976,986.8528,12658169,0.0038812510421322817,1
2021-08-18 00:00:00+00:00,988.5819,995.0203,979.4589,989.1962,10075860,-0.011230430174778679,0
2021-08-20 00:00:00+00:00,977.4797,988.2862,972.3608,975.0908,9426282,0.006563409961352691,1
2021-08-23 00:00:00+00:00,983.8953,989.1962,970.2222,989.1962,9854395,0.009873509915130125,1
2021-08-24 00:00:00+00:00,993.6098,997.3864,980.8239,985.1238,11864472,0.008655007227183245,1
2021-08-25 00:00:00+00:00,1002.2095,1010.1267,991.9717,994.3833,13380559,0.012644062942927513,1
2021-08-26 00:00:00+00:00,1014.8815,1021.4565,1003.3015,1004.6665,18589616,-0.0013673517548600455,0
2021-08-27 00:00:00+00:00,1013.4938,1020.4783,1008.3294,1017.8619,10480636,0.01923771018628826,1
2021-08-30 00:00:00+00:00,1032.9911,1035.5392,1017.771,1023.7771,14027062,-0.005329765183843267,0
2021-08-31 00:00:00+00:00,1027.4855,1039.1337,1020.2507,1036.0169,26485463,0.0039631702831817005,1
2021-09-01 00:00:00+00:00,1031.5576,1043.297,1029.6921,1034.2422,11145486,0.01204198388921743,1
2021-09-02 00:00:00+00:00,1043.9796,1050.0768,1026.0521,1026.0521,9956770,0.041013061941057145,1
2021-09-03 00:00:00+00:00,1086.7964,1089.754,1047.6654,1051.0779,30664428,0.015532624141927721,1
2021-09-06 00:00:00+00:00,1103.6772,1128.4299,1097.489,1097.9441,33641710,0.006307732007148319,1
2021-09-07 00:00:00+00:00,1110.6389,1118.4196,1097.489,1105.6792,17349882,-0.003912522783057506,0
2021-09-08 00:00:00+00:00,1106.2935,1116.5995,1095.0547,1115.6895,14301651,-0.0023649239555325148,0
2021-09-09 00:00:00+00:00,1103.6772,1109.2511,1099.3546,1104.7237,8963249,-0.022283055226655038,0
2021-09-13 00:00:00+00:00,1079.0839,1107.0443,1077.4913,1107.0443,16311160,-0.0013073126195285959,0
2021-09-14 00:00:00+00:00,1077.6732,1089.2987,1076.5584,1080.6535,8908356,0.004158960248802672,1
2021-09-15 00:00:00+00:00,1082.1552,1090.095,1077.696,1077.696,9071075,0.02098146365696908,1
2021-09-16 00:00:00+00:00,1104.8604,1108.7507,1077.0136,1083.6341,13448882,-0.015505397786000847,0
2021-09-17 00:00:00+00:00,1087.7291,1117.4415,1080.9267,1112.9596,34882133,0.0015894582575754082,1
2021-09-20 00:00:00+00:00,1089.458,1100.3782,1078.3784,1079.3339,11779819,0.004322791700093013,1
2021-09-21 00:00:00+00:00,1094.1675,1099.5821,1084.7487,1094.304,9915736,0.010729070274889294,1
2021-09-22 00:00:00+00:00,1105.9069,1111.1394,1091.2327,1095.669,10995912,0.024439399012701788,1
2021-09-23 00:00:00+00:00,1132.9346,1136.1651,1112.732,1113.5965,15748397,-0.0028918703692163623,0
2021-09-24 00:00:00+00:00,1129.6583,1140.0099,1124.7898,1139.1454,15192163,0.016816324015854988,1
2021-09-27 00:00:00+00:00,1148.655,1151.1349,1126.2913,1131.6149,15373834,0.00934867301321977,1
2021-09-28 00:00:00+00:00,1159.3934,1167.0604,1143.3542,1153.0005,18035258,-0.00792750760872022,0
2021-09-29 00:00:00+00:00,1150.2023,1169.381,1146.6531,1169.381,9719875,-0.003402358002587815,0
2021-09-30 00:00:00+00:00,1146.2889,1153.2735,1137.6893,1148.9053,13590654,0.0017664831265485417,1
2021-10-01 00:00:00+00:00,1148.3138,1155.6396,1135.255,1138.4174,8958928,0.012858244845616264,1
2021-10-04 00:00:00+00:00,1163.0791,1171.5878,1154.3883,1161.6458,10918552,0.0207536185630024,1
2021-10-05 00:00:00+00:00,1187.2172,1188.4912,1159.0746,1162.601,13533634,-0.018913556845369196,0
2021-10-06 00:00:00+00:00,1164.7627,1192.1089,1160.7814,1192.1089,10258881,0.004902543668336873,1
2021-10-07 00:00:00+00:00,1170.473,1182.4626,1168.3344,1180.7562,6336665,0.03842711450840822,1
2021-10-08 00:00:00+00:00,1215.4509,1221.4343,1174.6135,1176.3198,15772493,-0.006963012656455429,0
2021-10-11 00:00:00+00:00,1206.9877,1237.6327,1203.6661,1229.1696,14768666,0.005711242956328516,1
2021-10-12 00:00:00+00:00,1213.8811,1220.7974,1201.8005,1203.5069,6682011,0.010176944018652169,1
2021-10-13 00:00:00+00:00,1226.2347,1237.4053,1214.5636,1218.9773,9959762,0.002022288229162059,1
2021-10-14 00:00:00+00:00,1228.7145,1236.4725,1222.7083,1228.6917,8623469,0.0026663639112259334,1
2021-10-18 00:00:00+00:00,1231.9907,1249.0081,1211.3786,1214.2452,13594479,0.008956236439122372,1
2021-10-19 00:00:00+00:00,1243.0247,1251.8974,1232.1727,1239.3618,8833409,-0.01151240196594637,0
2021-10-20 00:00:00+00:00,1228.7145,1247.9843,1224.6649,1247.9843,12710570,-0.028847628965068806,0
2021-10-21 00:00:00+00:00,1193.269,1241.2728,1184.4873,1240.9998,20831669,0.0018683968158059215,1
2021-10-22 00:00:00+00:00,1195.4985,1212.5615,1188.2638,1192.1314,11027475,-0.00974346684667512,0
2021-10-25 00:00:00+00:00,1183.8502,1219.4322,1169.3809,1219.4322,17198417,0.022772729184824172,1
2021-10-26 00:00:00+00:00,1210.8097,1214.3816,1184.4645,1190.812,9750178,-0.012645422315331714,0
2021-10-27 00:00:00+00:00,1195.4985,1217.9761,1192.1086,1206.6918,9896298,-0.010961368834841672,0
2021-10-28 00:00:00+00:00,1182.3942,1200.2989,1178.7087,1192.1314,9886181,-0.023993605516671103,0
2021-10-29 00:00:00+00:00,1154.0243,1181.2795,1138.3036,1181.2795,14233025,0.0006111656400994779,1
2021-11-01 00:00:00+00:00,1154.7296,1163.0108,1134.8455,1154.0243,15481114,-0.014579690344821756,0
2021-11-02 00:00:00+00:00,1137.894,1159.3707,1135.3688,1158.0056,10569130,-0.006877705656238627,0
2021-11-03 00:00:00+00:00,1130.0679,1146.6303,1119.7846,1140.2828,11989430,0.006140162020352849,1
2021-11-04 00:00:00+00:00,1137.0067,1139.7596,1132.9799,1134.3221,1705656,0.0012407138849754656,1
2021-11-08 00:00:00+00:00,1138.4174,1146.6303,1117.6915,1146.3572,20337183,0.00789376550288146,1
2021-11-09 00:00:00+00:00,1147.4038,1150.6799,1131.6376,1139.8051,15682497,0.011182898296136072,1
2021-11-10 00:00:00+00:00,1160.2351,1163.9207,1139.1908,1145.1287,10253470,0.0018236821140818877,1
2021-11-11 00:00:00+00:00,1162.351,1169.6083,1153.7057,1155.7533,10722478,0.015090708400474372,1
2021-11-12 00:00:00+00:00,1179.8917,1182.4626,1163.4658,1166.1504,8712341,-0.0059002025355376795,0
2021-11-15 00:00:00+00:00,1172.9301,1184.0324,1169.3809,1183.0313,4803269,-0.02323684932290514,0
2021-11-16 00:00:00+00:00,1145.6749,1171.656,1135.2551,1170.3137,11337581,-0.02140694537342137,0
2021-11-17 00:00:00+00:00,1121.1495,1137.0522,1119.7845,1137.0522,10202029,0.003774340531748952,1
2021-11-18 00:00:00+00:00,1125.3811,1132.5248,1114.8021,1119.3295,8505625,-0.044292817784126776,0
2021-11-22 00:00:00+00:00,1075.5348,1114.3246,1069.7334,1108.4549,24124307,0.009349302319181272,1
2021-11-23 00:00:00+00:00,1085.5903,1092.5976,1050.6227,1061.5657,25326999,-0.01443896468124301,0
2021-11-24 00:00:00+00:00,1069.9155,1096.5337,1066.3437,1082.9288,16820296,0.06019783805356593,1
2021-11-25 00:00:00+00:00,1134.3221,1138.4401,1072.5316,1079.7435,42401936,-0.03223079229435814,0
2021-11-26 00:00:00+00:00,1097.762,1127.3377,1092.7113,1122.8786,15763138,0.011978826011467074,1
2021-11-29 00:00:00+00:00,1110.9119,1137.5301,1091.6193,1109.8199,24325354,-0.014786141007221304,0
2021-11-30 00:00:00+00:00,1094.4858,1126.5642,1086.9554,1122.9696,32172299,0.0256091033798703,1
2021-12-01 00:00:00+00:00,1122.5146,1125.6997,1103.4496,1107.0442,10104610,0.006424860754595076,1
2021-12-02 00:00:00+00:00,1129.7266,1135.801,1120.0575,1123.7432,12720411,-0.030046119122980715,0
2021-12-03 00:00:00+00:00,1095.7827,1136.8476,1092.0289,1136.8021,19222481,-0.018955674332146222,0
2021-12-06 00:00:00+00:00,1075.0114,1103.4041,1072.5316,1099.3091,10332254,0.008147820571949297,1
2021-12-07 00:00:00+00:00,1083.7704,1093.8488,1073.8284,1081.1769,11235122,0.015219182956094656,1
2021-12-08 00:00:00+00:00,1100.2645,1106.4982,1094.8954,1102.9946,8744178,0.015859550135444607,1
2021-12-09 00:00:00+00:00,1117.7142,1126.1092,1103.4041,1107.9542,13213547,0.0010177914890944577,1
2021-12-10 00:00:00+00:00,1118.8518,1122.0596,1105.8384,1110.343,8364414,-0.020049214739610726,0
2021-12-13 00:00:00+00:00,1096.4197,1125.7452,1093.8488,1125.4722,12901733,-0.012242483421266536,0
2021-12-14 00:00:00+00:00,1082.9968,1094.7589,1079.9255,1082.9286,12991523,-0.0029197685533325513,0
2021-12-15 00:00:00+00:00,1079.8347,1094.3041,1074.329,1084.7488,9366969,0.012935868795473902,1
2021-12-16 00:00:00+00:00,1093.8033,1099.0815,1077.7642,1094.6224,9761279,-0.026394416619514718,0
2021-12-17 00:00:00+00:00,1064.933,1095.6691,1055.6279,1091.1417,21049821,-0.0269607571556144,0
2021-12-20 00:00:00+00:00,1036.2216,1054.6495,1022.4574,1054.6495,14325846,0.0148857155650876,1
2021-12-21 00:00:00+00:00,1051.6465,1067.4581,1042.9786,1051.692,12836561,0.02373173875441986,1
2021-12-22 00:00:00+00:00,1076.6039,1079.243,1056.5379,1057.8574,17658543,-0.0003591850261735248,0
2021-12-23 00:00:00+00:00,1076.2172,1082.9286,1072.9411,1080.1985,9072401,0.0031921065747693355,1
2021-12-24 00:00:00+00:00,1079.6526,1088.3887,1063.6133,1078.3785,7886494,-0.001074790168615332,0
2021-12-27 00:00:00+00:00,1078.4922,1082.0186,1068.4137,1074.5336,4017223,0.011876488304690609,1
2021-12-28 00:00:00+00:00,1091.3009,1094.2357,1079.7664,1080.9266,6374613,0.001709427711458967,1
2021-12-29 00:00:00+00:00,1093.1664,1100.6741,1083.8841,1087.9337,15425312,-0.018064495944990783,0
2021-12-30 00:00:00+00:00,1073.4189,1094.2813,1067.2763,1092.029,29333171,0.0038363401277918302,1
2021-12-31 00:00:00+00:00,1077.5369,1084.7032,1073.8285,1079.7437,9477290,0.015074843376593403,1
2022-01-03 00:00:00+00:00,1093.7806,1095.6463,1075.4437,1076.1035,5421611,0.022567962898592156,1
2022-01-04 00:00:00+00:00,1118.465,1119.7845,1093.8488,1099.2635,10847728,0.004678376167336526,1
2022-01-05 00:00:00+00:00,1123.6976,1127.0648,1107.0215,1120.2396,11643813,-0.021501336302578253,0
2022-01-06 00:00:00+00:00,1099.5366,1116.5996,1096.124,1115.3255,14447422,0.008069490365304913,1
2022-01-07 00:00:00+00:00,1108.4093,1118.4423,1097.2842,1106.1115,13112115,0.0008209963593774266,1
2022-01-10 00:00:00+00:00,1109.3193,1117.9646,1099.3319,1115.6896,9246731,0.007198558611573578,1
2022-01-11 00:00:00+00:00,1117.3048,1126.132,1107.9542,1108.4093,16205164,0.026694506279754684,1
2022-01-12 00:00:00+00:00,1147.1307,1148.8826,1121.6046,1124.4712,14800442,0.005632488085272204,1
2022-01-13 00:00:00+00:00,1153.5919,1156.1856,1141.3521,1147.1991,11856712,0.0014593549070517006,1
2022-01-14 00:00:00+00:00,1155.2754,1168.1522,1149.292,1153.4554,19930176,0.005218582512879631,1
2022-01-17 00:00:00+00:00,1161.3043,1167.1058,1154.3654,1154.8205,8036453,-0.011930550847008848,0
2022-01-18 00:00:00+00:00,1147.4493,1165.9,1144.6965,1162.442,6215029,-7.921918641627094e-05,0
2022-01-19 00:00:00+00:00,1147.3584,1156.6406,1141.6252,1151.1805,9755485,-0.017508652919610835,0
2022-01-20 00:00:00+00:00,1127.2697,1142.0576,1117.0546,1137.553,16494486,0.0001612746266486531,1
2022-01-21 00:00:00+00:00,1127.4515,1138.5539,1115.6896,1115.6896,13338594,-0.040337433583617514,0
2022-01-24 00:00:00+00:00,1081.973,1139.6913,1071.5987,1126.1546,21868937,-0.0019554092384930686,0
2022-01-25 00:00:00+00:00,1079.8573,1086.8644,1048.8027,1069.0734,24510205,-0.014811031050121128,0
2022-01-27 00:00:00+00:00,1063.8635,1072.0538,1051.5555,1062.908,20020431,-0.0009622475063764878,0
2022-01-28 00:00:00+00:00,1062.8398,1081.063,1059.4501,1076.1035,14667727,0.021726698605001524,1
2022-01-31 00:00:00+00:00,1085.9318,1094.941,1072.0993,1073.9194,12143683,-0.0033101526265278606,0
2022-02-01 00:00:00+00:00,1082.3372,1101.4021,1067.9588,1095.669,13200509,0.0020387361720543102,1
2022-02-02 00:00:00+00:00,1084.5438,1095.2138,1080.699,1095.2138,10017691,-0.012921930861621286,0
2022-02-03 00:00:00+00:00,1070.5294,1092.6886,1068.0041,1088.3887,9572839,-0.009116891138160044,0
2022-02-04 00:00:00+00:00,1060.7695,1068.5731,1056.1284,1065.1832,11061241,-0.006091049940632898,0
2022-02-07 00:00:00+00:00,1054.3083,1072.3723,1048.8026,1065.6381,10714467,0.016809883788261943,1
2022-02-08 00:00:00+00:00,1072.0311,1073.8285,1051.0778,1060.4739,12060849,0.011650781399905292,1
2022-02-09 00:00:00+00:00,1084.5211,1086.2046,1072.9184,1078.9017,11486225,-0.0010277347301033445,0
2022-02-10 00:00:00+00:00,1083.4065,1090.0723,1076.149,1090.0723,12464491,-0.0019530065584801369,0
2022-02-11 00:00:00+00:00,1081.2906,1084.9763,1066.5937,1079.8574,15943370,-0.015927355698828746,0
2022-02-14 00:00:00+00:00,1064.0685,1071.5307,1052.4429,1064.842,10719633,0.033952513395519156,1
2022-02-15 00:00:00+00:00,1100.1963,1102.9037,1062.7715,1069.8242,11212671,-0.0020678128075872376,0
2022-02-16 00:00:00+00:00,1097.9213,1107.0442,1090.1861,1105.6792,10392840,0.012660834615377205,1
2022-02-17 00:00:00+00:00,1111.8219,1117.009,1096.579,1101.1746,12853252,-0.00781662962386321,0
2022-02-18 00:00:00+00:00,1103.1312,1117.6916,1101.1974,1112.2315,6775458,-0.010105597593468447,0
2022-02-21 00:00:00+00:00,1091.9834,1109.0919,1085.0217,1097.489,11107193,-0.004542010437155076,0
2022-02-22 00:00:00+00:00,1087.0236,1090.1632,1067.9814,1070.5976,13494914,-0.006257821817300042,0
2022-02-23 00:00:00+00:00,1080.2212,1095.0091,1077.4684,1092.5293,7310110,-0.04983044213537005,0
2022-02-24 00:00:00+00:00,1026.3933,1064.6827,1020.774,1048.8027,24846650,0.012501640453030998,1
2022-02-25 00:00:00+00:00,1039.2249,1050.1451,1035.7212,1037.473,14570089,0.033100438605734105,1
2022-02-28 00:00:00+00:00,1073.6237,1077.1728,1020.5921,1020.5921,21297446,0.016528416800038796,1
2022-03-02 00:00:00+00:00,1091.369,1092.4839,1059.8139,1062.2027,21471786,-0.00844242414801959,0
2022-03-03 00:00:00+00:00,1082.1552,1098.7858,1078.4013,1092.0289,10186748,-0.02217981302497087,0
2022-03-04 00:00:00+00:00,1058.1532,1075.7849,1055.7872,1070.6432,10805667,-0.036980467478622166,0
2022-03-07 00:00:00+00:00,1019.0222,1052.0333,1011.0367,1036.8358,17983310,-0.001808400248787525,0
2022-03-08 00:00:00+00:00,1017.1794,1021.9571,991.9263,1006.2592,21289374,0.053052981607767585,1
2022-03-09 00:00:00+00:00,1071.1438,1077.0135,1016.5651,1017.407,20414228,0.016205667250279582,1
2022-03-10 00:00:00+00:00,1088.5024,1094.3039,1073.8284,1092.0288,17980493,0.0028843298829657822,1
2022-03-11 00:00:00+00:00,1091.642,1097.034,1081.1312,1081.1312,12257423,0.00821120843646545,1
2022-03-14 00:00:00+00:00,1100.6057,1103.1311,1080.1985,1086.0681,8340678,-0.022903297702346972,0
2022-03-15 00:00:00+00:00,1075.3982,1104.7465,1065.1149,1104.7465,15925769,0.01688202565338123,1
2022-03-16 00:00:00+00:00,1093.5531,1095.6234,1081.609,1083.8386,11149828,0.03260042882234069,1
2022-03-17 00:00:00+00:00,1129.2034,1136.347,1098.8995,1106.9305,21422098,-0.005762203691558258,0
2022-03-21 00:00:00+00:00,1122.6967,1130.2498,1109.7743,1112.0494,11999466,0.02583689789058796,1
2022-03-22 00:00:00+00:00,1151.7037,1153.4327,1116.4176,1119.375,22557065,0.0031803318857098932,1
2022-03-23 00:00:00+00:00,1155.3665,1167.0376,1147.9954,1147.9954,15462187,0.015536368762639382,1
2022-03-24 00:00:00+00:00,1173.3167,1175.8193,1142.0802,1142.0802,13168266,0.006670151375157254,1
2022-03-25 00:00:00+00:00,1181.1429,1190.3114,1172.5659,1175.0685,14222488,0.010054583573249266,1
2022-03-28 00:00:00+00:00,1193.0188,1196.5678,1176.8886,1187.5813,9891424,0.00022891508499269731,1
2022-03-29 00:00:00+00:00,1193.2919,1200.3218,1186.3985,1200.3218,8684065,0.019217846027447368,1
2022-03-30 00:00:00+00:00,1216.2244,1223.0723,1190.8119,1201.1862,15811550,-0.014291359390586112,0
2022-03-31 00:00:00+00:00,1198.8429,1214.7457,1196.0447,1212.5843,13223718,0.008008305341759092,1
2022-04-01 00:00:00+00:00,1208.4436,1212.6753,1193.0415,1199.4116,7922880,0.0029558681927728267,1
2022-04-04 00:00:00+00:00,1212.0156,1217.1573,1201.9827,1208.2618,7929162,-0.014134471536505006,0
2022-04-05 00:00:00+00:00,1194.8844,1214.8367,1192.4501,1206.2824,13149870,-0.002665697200498973,0
2022-04-06 00:00:00+00:00,1191.6992,1198.7291,1177.1616,1177.1616,12257215,-0.01763993799777667,0
2022-04-07 00:00:00+00:00,1170.6777,1185.7614,1168.0159,1180.8017,15496499,0.01663523615423787,1
2022-04-08 00:00:00+00:00,1190.1522,1194.4066,1164.8308,1164.8308,15152495,-0.0020835990556502507,0
2022-04-11 00:00:00+00:00,1187.6724,1200.5719,1175.296,1183.0311,9254209,-0.01882985577504359,0
2022-04-12 00:00:00+00:00,1165.3087,1184.2144,1162.7378,1177.1162,13217742,-0.0036705295343628414,0
2022-04-13 00:00:00+00:00,1161.0314,1179.6641,1158.233,1171.4284,10354235,-0.0030568510033408057,0
2022-04-18 00:00:00+00:00,1157.4823,1164.7398,1147.4493,1152.5455,9974224,0.03811151151080253,1
2022-04-19 00:00:00+00:00,1201.5957,1213.9721,1160.7584,1163.9207,26141820,0.029403983386425196,1
2022-04-20 00:00:00+00:00,1236.9274,1244.0029,1205.3723,1209.0124,25072240,0.023414147022694995,1
2022-04-21 00:00:00+00:00,1265.889,1269.0286,1243.0929,1251.6927,21708633,-0.00837482591285647,0
2022-04-22 00:00:00+00:00,1255.2874,1274.9439,1248.6442,1255.3328,15054154,-0.02312625777969248,0
2022-04-25 00:00:00+00:00,1226.2573,1255.105,1211.9927,1247.8249,17063215,0.029925856506623806,1
2022-04-26 00:00:00+00:00,1262.9541,1271.7586,1232.0361,1233.0825,12227666,0.0009727986155634178,1
2022-04-27 00:00:00+00:00,1264.1827,1286.7741,1253.5809,1253.9449,19338945,0.014936923278573608,1
2022-04-28 00:00:00+00:00,1283.0657,1297.2393,1267.709,1278.5611,25614076,-0.010496890377476401,0
2022-04-29 00:00:00+00:00,1269.5975,1299.5828,1263.7051,1299.5828,18214862,-0.0035122942507369538,0
2022-05-02 00:00:00+00:00,1265.1383,1276.5363,1254.946,1256.7434,9467006,-0.031218088963080214,0
2022-05-04 00:00:00+00:00,1225.6431,1269.4835,1217.7487,1267.2085,19247660,-0.019583107023569895,0
2022-05-05 00:00:00+00:00,1201.6412,1242.1828,1197.5917,1239.2252,17210669,-0.007667846275577054,0
2022-05-06 00:00:00+00:00,1192.4272,1209.8769,1180.0964,1188.5824,19649948,-0.0390551305773636,0
2022-05-09 00:00:00+00:00,1145.8568,1181.7118,1140.7152,1171.6332,18083752,-0.01733314319904549,0
2022-05-10 00:00:00+00:00,1125.9955,1149.6334,1118.4195,1135.2551,19511677,-0.010243913052938449,0
2022-05-11 00:00:00+00:00,1114.4609,1130.6822,1102.0163,1125.0854,16643899,-0.020373079037586627,0
2022-05-12 00:00:00+00:00,1091.7559,1107.886,1078.3785,1104.5417,20490321,0.01133614208084417,1
2022-05-13 00:00:00+00:00,1104.1322,1127.5198,1099.0133,1103.8592,19308778,0.00024734356990936934,1
2022-05-16 00:00:00+00:00,1104.4053,1128.8848,1099.6048,1107.7041,13437911,0.04200296756996736,1
2022-05-17 00:00:00+00:00,1150.7936,1155.685,1106.5892,1107.9997,16551828,0.0036377505053904313,1
2022-05-18 00:00:00+00:00,1154.9799,1169.381,1141.284,1155.5714,17276788,-0.023046548255948082,0
2022-05-19 00:00:00+00:00,1128.3616,1143.2177,1122.0825,1130.2499,14699118,0.058309853862449725,1
2022-05-20 00:00:00+00:00,1194.1562,1203.2337,1138.4401,1143.2176,21793091,-0.006686981150371974,0
2022-05-23 00:00:00+00:00,1186.1709,1207.3972,1179.8462,1197.3641,15252755,0.003433147786714219,1
2022-05-24 00:00:00+00:00,1190.2432,1200.3216,1181.9847,1186.2164,13527818,-0.001471884065374184,0
2022-05-25 00:00:00+00:00,1188.4913,1208.8304,1183.7136,1198.9566,12714544,-0.009532842184036184,0
2022-05-26 00:00:00+00:00,1177.1616,1198.9112,1159.3706,1194.1335,17882023,-0.004638530512718017,0
2022-05-27 00:00:00+00:00,1171.7013,1185.3744,1155.7759,1179.8688,16521973,0.034833707191414855,1
2022-05-30 00:00:00+00:00,1212.516,1216.702,1180.3921,1189.8563,13853398,-0.012064583065295658,0
2022-05-31 00:00:00+00:00,1197.8875,1218.8863,1190.175,1201.8688,70620653,0.0003228182947063217,1
2022-06-01 00:00:00+00:00,1198.2742,1208.1479,1190.4024,1198.6381,9776989,0.034478919766444106,1
2022-06-02 00:00:00+00:00,1239.5894,1243.2977,1198.5017,1198.5017,22126569,0.020261870583920677,1
2022-06-03 00:00:00+00:00,1264.7058,1281.928,1247.6428,1248.5529,23939791,-0.00429910260552286,0
2022-06-06 00:00:00+00:00,1259.2687,1280.404,1252.1022,1264.9336,11093152,0.00187878885578591,1
2022-06-07 00:00:00+00:00,1261.6346,1269.9841,1252.216,1260.3378,12358255,-0.017563722491440947,0
2022-06-08 00:00:00+00:00,1239.4756,1265.3885,1235.9492,1261.6346,12479250,0.027422403474501582,1
2022-06-09 00:00:00+00:00,1273.465,1275.3987,1233.0826,1233.0826,17278305,-0.030192035116787638,0
2022-06-10 00:00:00+00:00,1235.0165,1269.4382,1229.215,1261.2479,18093057,-0.018918775579111705,0
2022-06-13 00:00:00+00:00,1211.6515,1216.1561,1190.448,1205.7819,17620803,-0.013068444185477392,0
2022-06-14 00:00:00+00:00,1195.8171,1215.724,1189.1512,1205.8047,14714312,-0.012100178196147136,0
2022-06-15 00:00:00+00:00,1181.3475,1200.003,1175.9329,1191.0166,11195535,-0.013981237527484612,0
2022-06-16 00:00:00+00:00,1164.8308,1209.8997,1162.1007,1193.4965,17111475,0.011718697685535115,1
2022-06-17 00:00:00+00:00,1178.4811,1194.3382,1163.0562,1164.8307,24457187,-0.018127401449204304,0
2022-06-20 00:00:00+00:00,1157.1183,1190.8119,1147.1307,1185.3062,12066797,0.016142083311619742,1
2022-06-21 00:00:00+00:00,1175.7966,1180.0282,1150.4069,1164.8308,11720049,-0.030378128325936605,0
2022-06-22 00:00:00+00:00,1140.0781,1164.0573,1137.985,1163.9663,10617206,-0.016223713094743263,0
2022-06-23 00:00:00+00:00,1121.5818,1148.9053,1112.5043,1144.378,19446323,0.01423979954025643,1
2022-06-24 00:00:00+00:00,1137.5529,1142.5352,1122.9697,1128.4299,14240234,-0.0029600381661370754,0
2022-06-27 00:00:00+00:00,1134.1857,1157.9828,1129.135,1157.9828,15474529,0.014061365788688785,1
2022-06-28 00:00:00+00:00,1150.1339,1152.9778,1129.3854,1129.3854,13572847,0.020750105705083476,1
2022-06-29 00:00:00+00:00,1173.9993,1181.6663,1137.9851,1140.8062,19205146,0.006007328965187615,1
2022-06-30 00:00:00+00:00,1181.0519,1190.2658,1167.5608,1173.9309,23112959,-0.07202435388317817,0
2022-07-01 00:00:00+00:00,1095.9874,1179.3911,1076.1035,1171.6104,81997149,0.0020759362744499077,1
2022-07-04 00:00:00+00:00,1098.2626,1111.1394,1076.604,1082.4509,41857728,0.008099611149464694,1
2022-07-05 00:00:00+00:00,1107.1581,1121.5592,1099.8096,1102.4942,17647327,-0.008794949881141823,0
2022-07-06 00:00:00+00:00,1097.4207,1111.1165,1086.5687,1101.1745,23943726,-0.009847089634813651,0
2022-07-07 00:00:00+00:00,1086.6143,1107.158,1080.6536,1103.8137,23301033,0.0013817230272048723,1
2022-07-08 00:00:00+00:00,1088.1157,1100.219,1084.0888,1100.219,19010108,0.013590466528513475,1
2022-07-11 00:00:00+00:00,1102.9037,1105.1331,1078.3785,1081.3361,13847467,-0.0014235150358097117,0
2022-07-12 00:00:00+00:00,1101.3337,1110.0928,1093.8488,1093.8488,10778989,-0.01772387424447287,0
2022-07-13 00:00:00+00:00,1081.8138,1107.4994,1079.7436,1104.4508,14224132,0.008243840113705377,1
2022-07-14 00:00:00+00:00,1090.7321,1107.4766,1081.5408,1086.5688,16970315,0.0019398897309431075,1
2022-07-15 00:00:00+00:00,1092.848,1098.8542,1084.3393,1098.8542,9603210,0.008514267308903081,1
2022-07-18 00:00:00+00:00,1102.1528,1103.404,1088.5251,1101.584,15160908,0.006130819610493242,1
2022-07-19 00:00:00+00:00,1108.9099,1113.4145,1092.1654,1092.1654,16439888,0.027040158988570553,1
2022-07-20 00:00:00+00:00,1138.895,1156.868,1131.2736,1155.7305,23924246,-0.006671993467352134,0
2022-07-21 00:00:00+00:00,1131.2963,1137.53,1122.6511,1134.7999,16523230,0.006757204102939373,1
2022-07-22 00:00:00+00:00,1138.9407,1144.9468,1135.2551,1137.5301,10969995,-0.03303903355108831,0
2022-07-25 00:00:00+00:00,1101.3112,1122.7195,1093.394,1122.7195,23110452,0.0004542766840107725,1
2022-07-26 00:00:00+00:00,1101.8115,1112.0038,1097.1932,1101.6295,11303288,-0.0009497087296692298,0
2022-07-27 00:00:00+00:00,1100.7651,1104.3141,1092.9389,1101.1063,8655086,0.015666376050621416,1
2022-07-28 00:00:00+00:00,1118.0101,1122.9469,1101.5842,1108.4094,12496073,0.0213057109233628,1
2022-07-29 00:00:00+00:00,1141.8301,1145.311,1121.1498,1126.0184,15130683,0.02606123275257866,1
2022-08-01 00:00:00+00:00,1171.5876,1177.4573,1140.9881,1146.2435,15700044,0.003806202796956868,1
2022-08-02 00:00:00+00:00,1176.0469,1186.5804,1165.5361,1170.5185,13917913,0.008395583543479343,1
2022-08-03 00:00:00+00:00,1185.9205,1187.5813,1168.2206,1183.0312,14250977,-0.013217665096437688,0
2022-08-04 00:00:00+00:00,1170.2454,1191.1077,1153.4555,1187.5813,14467127,-0.014736225410499472,0
2022-08-05 00:00:00+00:00,1153.0004,1173.3849,1149.7926,1172.1109,13942438,0.013082129026147898,1
2022-08-08 00:00:00+00:00,1168.0841,1175.5463,1151.6354,1151.6354,10165178,0.005979363985863732,1
2022-08-10 00:00:00+00:00,1175.0685,1178.4355,1163.4884,1172.5203,10724688,0.0033301888357997514,1
2022-08-11 00:00:00+00:00,1178.9817,1187.5359,1174.022,1184.4418,8198226,0.01617064963773386,1
2022-08-12 00:00:00+00:00,1198.0466,1201.846,1174.9321,1178.6176,12650587,0.006950147014314885,1
2022-08-16 00:00:00+00:00,1206.3732,1209.1033,1195.4529,1204.0526,6607378,0.0052240053078103105,1
2022-08-17 00:00:00+00:00,1212.6753,1218.0217,1208.3072,1212.6071,6595965,0.0018135110033162143,1
2022-08-18 00:00:00+00:00,1214.8745,1218.3895,1205.2424,1214.281,7410035,-0.017829660594571608,0
2022-08-19 00:00:00+00:00,1193.2137,1215.0571,1189.1509,1209.7161,9460724,-0.002773685887113135,0
2022-08-22 00:00:00+00:00,1189.9041,1201.1795,1180.5003,1194.6517,9471680,0.015422335295760464,1
2022-08-23 00:00:00+00:00,1208.2552,1211.1768,1182.9425,1184.1522,9678484,-0.0026635101591121015,0
2022-08-24 00:00:00+00:00,1205.037,1218.8461,1203.0285,1205.1969,10369622,-0.0029169228828659203,0
2022-08-25 00:00:00+00:00,1201.522,1215.6048,1197.208,1209.2367,7871946,-0.005338062890234251,0
2022-08-26 00:00:00+00:00,1195.1082,1209.7161,1190.0868,1201.9556,10742038,-0.0077731037239973854,0
2022-08-29 00:00:00+00:00,1185.8185,1211.9986,1176.8711,1180.0438,19838975,0.015513925613405432,1
2022-08-30 00:00:00+00:00,1204.2152,1207.5477,1176.2092,1193.2822,23139054,-0.02939790163751478,0
2022-09-01 00:00:00+00:00,1168.8138,1189.1508,1164.3858,1178.971,19909939,-0.011677736864503022,0
2022-09-02 00:00:00+00:00,1155.1647,1175.6385,1152.9735,1168.8139,12999345,0.015530599229702876,1
2022-09-05 00:00:00+00:00,1173.1051,1178.4461,1155.393,1155.393,11327815,0.010525911105492556,1
2022-09-06 00:00:00+00:00,1185.4531,1189.6301,1174.1092,1174.5657,10899618,-0.00581465432921811,0
2022-09-07 00:00:00+00:00,1178.5601,1184.563,1173.1962,1175.4787,7488501,0.0014137590437688474,1
2022-09-08 00:00:00+00:00,1180.2263,1185.9782,1173.6529,1181.5274,7057077,-0.006227195581050883,0
2022-09-09 00:00:00+00:00,1172.8768,1191.4562,1170.4573,1191.4562,8314850,0.01118975155787886,1
2022-09-12 00:00:00+00:00,1186.001,1192.3692,1173.4473,1173.4473,7435419,0.008352522468362104,1
2022-09-13 00:00:00+00:00,1195.9071,1200.4492,1187.3478,1195.1082,8888657,-0.011985964461620646,0
2022-09-14 00:00:00+00:00,1181.573,1191.4561,1174.4517,1175.4788,8678219,-0.009909671260260737,0
2022-09-15 00:00:00+00:00,1169.864,1188.5118,1167.1478,1179.1309,10365600,-0.024778692224053506,0
2022-09-16 00:00:00+00:00,1140.8763,1165.4359,1137.1331,1161.2133,20217708,0.0013004039088199343,1
2022-09-19 00:00:00+00:00,1142.3599,1151.6039,1132.7278,1140.8762,7580254,0.00015984454636414771,1
2022-09-20 00:00:00+00:00,1142.5425,1158.4515,1138.822,1151.4898,8411448,0.0027570090390511433,1
2022-09-21 00:00:00+00:00,1145.6925,1156.306,1138.9592,1139.758,9207309,-0.009423383674066296,0
2022-09-22 00:00:00+00:00,1134.8962,1142.611,1128.5053,1134.8506,10308170,-0.018744181185909325,0
2022-09-23 00:00:00+00:00,1113.6235,1139.3927,1112.0715,1134.3942,9528051,-0.02547656366806198,0
2022-09-26 00:00:00+00:00,1085.2522,1103.7175,1084.2479,1092.8757,12479523,0.00795004147423079,1
2022-09-27 00:00:00+00:00,1093.88,1107.4608,1077.3776,1092.8528,16154822,-0.026624858302556176,0
2022-09-28 00:00:00+00:00,1064.7556,1085.5491,1062.3134,1077.4919,16997059,-0.0030653982942188064,0
2022-09-29 00:00:00+00:00,1061.4917,1080.7558,1055.8767,1077.3321,14671827,0.022556087814911748,1
2022-09-30 00:00:00+00:00,1085.4348,1096.5048,1054.9636,1054.9636,18613024,-0.003469577352780726,0
2022-10-03 00:00:00+00:00,1081.6688,1103.3295,1078.7016,1091.7117,11852723,0.018442613857402673,1
2022-10-04 00:00:00+00:00,1101.6176,1103.8087,1091.0953,1094.5875,8948850,0.003687940352441673,1
2022-10-06 00:00:00+00:00,1105.6803,1118.4166,1103.8772,1108.8302,13352162,0.004232055142883537,1
2022-10-07 00:00:00+00:00,1110.3596,1115.6322,1102.2796,1102.2796,7714340,-0.010915382728261988,0
2022-10-10 00:00:00+00:00,1098.2396,1103.6263,1090.114,1097.8744,6329527,-0.01991031829484216,0
2022-10-11 00:00:00+00:00,1076.3733,1101.9827,1073.2691,1101.9827,9215177,0.007358320761022219,1
2022-10-12 00:00:00+00:00,1084.2936,1087.238,1069.6172,1073.68,7417103,0.0031785671334775144,1
2022-10-13 00:00:00+00:00,1087.7401,1092.8528,1077.3776,1082.536,7328492,-0.005077959339735671,0
2022-10-14 00:00:00+00:00,1082.2166,1103.0557,1081.4862,1102.4394,9106089,0.016050021779373917,1
2022-10-17 00:00:00+00:00,1099.5862,1101.9828,1069.8455,1075.0496,16729355,0.01764400098873562,1
2022-10-18 00:00:00+00:00,1118.9873,1124.3511,1104.7902,1105.6347,12415820,0.017399303816942248,1
2022-10-19 00:00:00+00:00,1138.4569,1153.955,1114.6277,1120.4709,19247142,0.0026866190542655325,1
2022-10-20 00:00:00+00:00,1141.5155,1149.915,1134.3942,1134.3942,8717053,-0.011597302007725635,0
2022-10-21 00:00:00+00:00,1128.277,1148.9107,1126.1772,1144.7565,8243452,0.003337921450140392,1
2022-10-24 00:00:00+00:00,1132.0431,1142.3828,1120.8362,1122.9816,3370033,-0.015444464967809265,0
2022-10-25 00:00:00+00:00,1114.5593,1140.7851,1112.9388,1140.7851,12233241,0.0039317782373714995,1
2022-10-27 00:00:00+00:00,1118.9415,1126.839,1110.5648,1122.0685,12513059,0.0305981143786339,1
2022-10-28 00:00:00+00:00,1153.179,1157.2189,1122.7306,1125.2641,17609592,0.009282860683380443,1
2022-10-31 00:00:00+00:00,1163.8838,1169.065,1155.9407,1159.9579,12419943,-0.007746305945662381,0
2022-11-01 00:00:00+00:00,1154.868,1186.8912,1144.8936,1186.8912,13963166,0.006245389083427774,1
2022-11-02 00:00:00+00:00,1162.0806,1164.1577,1148.089,1155.9863,8981896,0.0037317549230234887,1
2022-11-03 00:00:00+00:00,1166.4172,1168.4259,1152.6767,1154.8679,6693449,0.014715575181847336,1
2022-11-04 00:00:00+00:00,1183.5817,1186.8912,1164.5686,1165.8467,12575815,0.005341752073388779,1
2022-11-07 00:00:00+00:00,1189.9041,1191.5932,1175.0224,1182.7828,11789748,-0.0009974753427607513,0
2022-11-09 00:00:00+00:00,1188.7172,1196.9113,1182.349,1191.5931,11254205,-0.012096821683071428,0
2022-11-10 00:00:00+00:00,1174.3375,1185.3162,1170.0008,1182.3261,5966242,0.023051720651005192,1
2022-11-11 00:00:00+00:00,1201.408,1203.3252,1181.4134,1186.8913,12310132,-0.004844815416577893,0
2022-11-14 00:00:00+00:00,1195.5874,1206.064,1189.242,1200.9284,9043112,-0.004486163035843224,0
2022-11-15 00:00:00+00:00,1190.2238,1198.9428,1182.3263,1197.0712,7086433,-0.005734047663977225,0
2022-11-16 00:00:00+00:00,1183.399,1194.1723,1178.3775,1191.4561,9716161,0.0025845044655269226,1
2022-11-17 00:00:00+00:00,1186.4575,1192.8256,1177.7612,1180.0209,6661451,-0.0005385780780178779,0
2022-11-18 00:00:00+00:00,1185.8185,1190.9997,1173.6985,1189.9725,5303197,-0.017997104953245413,0
2022-11-21 00:00:00+00:00,1164.4772,1181.4131,1160.9165,1181.4131,6390268,0.005547038619562461,1
2022-11-22 00:00:00+00:00,1170.9366,1172.5115,1157.9037,1161.7839,6611488,-0.003118785423566117,0
2022-11-23 00:00:00+00:00,1167.2847,1176.8027,1165.0935,1175.4788,6413408,0.008623260460794254,1
2022-11-24 00:00:00+00:00,1177.3505,1184.1523,1163.2447,1171.3704,9389439,0.014927585285775175,1
2022-11-25 00:00:00+00:00,1194.9255,1198.2579,1178.7199,1181.8698,7349922,0.03436356492517728,1
2022-11-28 00:00:00+00:00,1235.9874,1242.1501,1142.1545,1190.954,31527484,0.0017173314226341793,1
2022-11-29 00:00:00+00:00,1238.11,1246.9889,1229.8018,1234.3439,11058913,0.007060681199570303,1
2022-11-30 00:00:00+00:00,1246.8519,1253.2886,1231.7191,1238.247,26164986,-0.002947262621967996,0
2022-12-01 00:00:00+00:00,1243.1771,1257.648,1239.8448,1251.6223,9485801,-0.0004222246371817145,0
2022-12-02 00:00:00+00:00,1242.6522,1254.4527,1232.8147,1246.2357,11589592,-0.014583968064435163,0
2022-12-05 00:00:00+00:00,1224.5294,1240.1873,1222.4981,1238.0189,14828536,0.0028890282258638186,1
2022-12-06 00:00:00+00:00,1228.0671,1231.1713,1214.7374,1216.6091,8594245,-0.01475725552781283,0
2022-12-07 00:00:00+00:00,1209.9442,1230.2583,1206.1325,1225.6934,8462111,-0.0004715093472904047,0
2022-12-08 00:00:00+00:00,1209.3737,1216.5635,1205.1968,1214.2811,7757008,-0.01515519975339312,0
2022-12-09 00:00:00+00:00,1191.0454,1214.2811,1187.7357,1207.8901,12655763,0.001533023006511798,1
2022-12-12 00:00:00+00:00,1192.8713,1197.3907,1180.0438,1180.2721,9479842,0.004554053735721461,1
2022-12-13 00:00:00+00:00,1198.3037,1201.9556,1189.9497,1192.8713,8333348,-0.0036190324706498337,0
2022-12-14 00:00:00+00:00,1193.967,1204.6719,1191.9128,1204.0784,7268947,-0.014203993912729609,0
2022-12-15 00:00:00+00:00,1177.0079,1193.7385,1173.6527,1188.0324,8688551,-0.004944996545902613,0
2022-12-16 00:00:00+00:00,1171.1876,1195.4733,1167.7868,1173.6528,15837349,0.013135470355048149,1
2022-12-19 00:00:00+00:00,1186.5717,1188.7172,1171.6898,1178.2178,7729933,0.008656198356997841,1
2022-12-20 00:00:00+00:00,1196.8429,1198.7601,1171.3704,1179.5417,7467588,-0.014226846313747772,0
2022-12-21 00:00:00+00:00,1179.8156,1201.9556,1175.981,1196.4777,8527550,-0.0025923542628185857,0
2022-12-22 00:00:00+00:00,1176.7571,1189.014,1171.7128,1185.9783,7451122,-0.02932729277775332,0
2022-12-23 00:00:00+00:00,1142.246,1182.5547,1137.7038,1170.1379,10257115,0.008732094487527101,1
2022-12-26 00:00:00+00:00,1152.2202,1160.4143,1137.7721,1147.9749,5990242,0.00818133547736794,1
2022-12-27 00:00:00+00:00,1161.6469,1163.5184,1148.203,1154.9363,5763271,-9.822261825001009e-05,0
2022-12-28 00:00:00+00:00,1161.5328,1163.9751,1151.0562,1158.5884,7459393,-0.00045190286490393445,0
2022-12-29 00:00:00+00:00,1161.0079,1163.5643,1152.8823,1153.567,6930648,0.0015333228998699513,1
2022-12-30 00:00:00+00:00,1162.7881,1176.3917,1160.0035,1161.8295,7289476,0.011267315171182082,1
2023-01-02 00:00:00+00:00,1175.8896,1177.3048,1163.2447,1164.0664,5316175,-0.0073177788118885,0
2023-01-03 00:00:00+00:00,1167.2847,1174.5658,1163.0621,1170.9367,7658932,-0.015056395410648337,0
2023-01-04 00:00:00+00:00,1149.7096,1169.1107,1147.6325,1167.2619,9264891,-0.001786799031685925,0
2023-01-05 00:00:00+00:00,1147.6553,1157.858,1143.0675,1151.9692,13637099,0.009088965998762905,1
2023-01-06 00:00:00+00:00,1158.0863,1163.1306,1149.5955,1153.4072,6349597,0.023611452790694466,1
2023-01-09 00:00:00+00:00,1185.4304,1187.8043,1161.0307,1161.9209,10722753,-0.014787456100332733,0
2023-01-10 00:00:00+00:00,1167.9009,1189.6301,1162.2404,1189.6301,8047142,-0.012605435957794025,0
2023-01-11 00:00:00+00:00,1153.179,1167.7183,1150.8735,1165.2076,11509553,-0.021594219110823248,0
2023-01-12 00:00:00+00:00,1128.277,1156.0776,1125.2641,1152.5855,17688773,-0.0016183969007610912,0
2023-01-13 00:00:00+00:00,1126.451,1128.8705,1111.3867,1122.2512,20618583,-0.00952336142450931,0
2023-01-16 00:00:00+00:00,1115.7234,1131.9518,1107.9172,1128.7791,13623855,0.014197604890244298,1
2023-01-17 00:00:00+00:00,1131.564,1133.4812,1118.6908,1122.0688,10751000,-0.0016542590609104708,0
2023-01-18 00:00:00+00:00,1129.6921,1137.1787,1123.1415,1129.1444,13448286,-0.0010708227489595477,0
2023-01-19 00:00:00+00:00,1128.4824,1132.6365,1121.4523,1128.8704,11940054,-0.01189296350567811,0
2023-01-20 00:00:00+00:00,1115.0614,1129.829,1112.5964,1129.829,14930286,-0.00505595476625771,0
2023-01-23 00:00:00+00:00,1109.4237,1125.812,1107.0043,1117.9603,10954118,-0.005904597134530303,0
2023-01-24 00:00:00+00:00,1102.873,1115.5179,1089.8172,1113.8517,16488755,-0.013824801223713039,0
2023-01-25 00:00:00+00:00,1087.626,1102.3024,1086.462,1101.2753,12385018,-0.018971227241717178,0
2023-01-27 00:00:00+00:00,1066.9924,1089.8172,1055.2604,1088.4707,25830975,0.009583573416267994,1
2023-01-30 00:00:00+00:00,1077.218,1082.7644,1050.3988,1064.4133,21772103,-0.0025004223843271144,0
2023-01-31 00:00:00+00:00,1074.5245,1089.9542,1068.6585,1087.3749,22691594,-0.00592634230303724,0
2023-02-01 00:00:00+00:00,1068.1565,1086.4391,1052.2247,1086.4391,19347800,-0.005534395006724328,0
2023-02-02 00:00:00+00:00,1062.2449,1071.854,1054.9637,1058.1592,13662663,0.0008807761750609697,1
2023-02-03 00:00:00+00:00,1063.1805,1072.3105,1046.7466,1072.3105,24699575,-0.007535315028821416,0
2023-02-06 00:00:00+00:00,1055.1691,1059.5286,1052.5899,1056.7896,14837879,-0.0024010369522761833,0
2023-02-07 00:00:00+00:00,1052.6356,1062.4503,1046.7468,1055.4203,15135435,0.01997044371290505,1
2023-02-08 00:00:00+00:00,1073.6572,1077.2864,1053.1377,1055.8766,21160332,0.0017432938558041792,1
2023-02-09 00:00:00+00:00,1075.5289,1082.2851,1065.4632,1074.3421,13172763,-0.008234088363408918,0
2023-02-10 00:00:00+00:00,1066.6729,1075.0039,1059.6655,1075.0039,10790445,-0.005691997987386775,0
2023-02-13 00:00:00+00:00,1060.6014,1072.7671,1056.1278,1068.2934,10352493,0.023565214980859058,1
2023-02-14 00:00:00+00:00,1085.5947,1087.3294,1060.7385,1063.6144,14321920,0.022643994116772887,1
2023-02-15 00:00:00+00:00,1110.1769,1112.5736,1083.2665,1084.6359,33503591,-0.0007812268477211934,0
2023-02-16 00:00:00+00:00,1109.3096,1124.7164,1107.0271,1118.1656,17264487,0.004176832148572353,1
2023-02-17 00:00:00+00:00,1113.943,1117.2755,1100.4307,1104.7218,11809520,-0.010572803096747246,0
2023-02-20 00:00:00+00:00,1102.1655,1118.3026,1100.2025,1116.1343,8836937,0.008159300939831598,1
2023-02-21 00:00:00+00:00,1111.1584,1116.9559,1101.2295,1106.5478,13311592,-0.022677864830072756,0
2023-02-22 00:00:00+00:00,1085.9597,1109.2867,1084.2022,1107.4379,11024335,-0.004792166781143124,0
2023-02-23 00:00:00+00:00,1080.7556,1093.1952,1077.9482,1085.5489,9851910,0.006842805163350631,1
2023-02-24 00:00:00+00:00,1088.151,1093.8344,1080.9841,1082.81,9434053,-0.006649352893118695,0
2023-02-27 00:00:00+00:00,1080.9155,1090.8672,1073.5432,1087.375,11199715,-0.019131282695085797,0
2023-02-28 00:00:00+00:00,1060.2362,1080.5275,1056.1734,1075.5516,21994038,0.009192479939847408,1
2023-03-01 00:00:00+00:00,1069.9824,1070.7128,1060.5557,1070.0281,11551145,-0.007615452366319331,0
2023-03-02 00:00:00+00:00,1061.834,1073.5204,1059.8025,1066.8327,9333535,0.025515287700337196,1
2023-03-03 00:00:00+00:00,1088.927,1092.6018,1068.9097,1072.379,14643807,0.009767780576659496,1
2023-03-06 00:00:00+00:00,1099.5634,1106.8217,1095.5919,1095.5919,10171916,0.0035911526338544162,1
2023-03-08 00:00:00+00:00,1103.5121,1104.2653,1088.7444,1099.5633,15782657,-0.024034534827483845,0
2023-03-09 00:00:00+00:00,1076.9897,1103.3068,1075.0953,1102.896,16235128,-0.015492255868371045,0
2023-03-10 00:00:00+00:00,1060.3047,1070.0281,1056.8124,1068.8869,13334091,-0.016446310197436503,0
2023-03-13 00:00:00+00:00,1042.8666,1070.0281,1038.5298,1063.1807,12771592,-0.0037426646898078763,0
2023-03-14 00:00:00+00:00,1038.9635,1052.2018,1035.8137,1040.8123,16027522,-0.017091842013699315,0
2023-03-15 00:00:00+00:00,1021.2057,1049.1661,1016.8005,1042.6839,21728555,-0.004984206414045616,0
2023-03-16 00:00:00+00:00,1016.1158,1028.9433,1005.2969,1023.922,18363159,-0.001257927492122535,0
2023-03-17 00:00:00+00:00,1014.8376,1028.0075,1010.0901,1024.7208,34014213,-0.009828567644714728,0
2023-03-20 00:00:00+00:00,1004.8632,1013.4225,995.1627,1011.1401,19524589,0.031095775026889302,1
2023-03-21 00:00:00+00:00,1036.1102,1038.0732,1012.0529,1012.943,21400360,0.00304031366547674,1
2023-03-22 00:00:00+00:00,1039.2603,1046.0392,1036.2474,1043.0948,10920094,-0.012650439933094636,0
2023-03-23 00:00:00+00:00,1026.1132,1036.2017,1023.9448,1035.3344,16249370,-0.019797230948788134,0
2023-03-24 00:00:00+00:00,1005.799,1027.1174,1003.3795,1024.949,12375945,0.015544855383630318,1
2023-03-27 00:00:00+00:00,1021.434,1028.9434,1004.384,1012.2813,14054323,0.004670394758741225,1
2023-03-28 00:00:00+00:00,1026.2045,1030.0847,1021.183,1024.835,12576424,-0.005916364623230593,0
2023-03-29 00:00:00+00:00,1020.1331,1024.7437,1009.3597,1022.0959,18804065,0.04311535426112541,1
2023-03-31 00:00:00+00:00,1064.1165,1069.7771,1029.263,1029.3999,28171201,0.00017159775268954644,1
2023-04-03 00:00:00+00:00,1064.2991,1072.3106,1056.7897,1070.4847,10293043,-0.0024019563673406655,0
2023-04-05 00:00:00+00:00,1061.7427,1071.854,1053.8453,1071.854,16262928,0.006707086377895553,1
2023-04-06 00:00:00+00:00,1068.8639,1074.593,1058.2275,1058.2275,18435046,-0.007089583622386372,0
2023-04-10 00:00:00+00:00,1061.2861,1072.9497,1059.7797,1072.7671,12961408,0.004946639742101635,1
2023-04-11 00:00:00+00:00,1066.5359,1068.6586,1060.921,1065.4632,10542367,0.004408665474833053,1
2023-04-12 00:00:00+00:00,1071.2379,1080.8927,1063.6601,1066.5359,18179087,0.0037711511140522693,1
2023-04-13 00:00:00+00:00,1075.2777,1079.9796,1069.115,1074.1364,12378208,0.005073294089517412,1
2023-04-17 00:00:00+00:00,1080.7329,1106.9815,1072.3334,1106.9815,17929479,-0.011446861662118241,0
2023-04-18 00:00:00+00:00,1068.3619,1085.0925,1061.8112,1085.0925,10405576,0.004977994816175968,1
2023-04-19 00:00:00+00:00,1073.6802,1076.3734,1064.6415,1067.7685,12273475,-0.0025300829800158336,0
2023-04-20 00:00:00+00:00,1070.9637,1076.8754,1064.5957,1074.6386,7007330,0.0012575589630162349,1
2023-04-21 00:00:00+00:00,1072.3105,1077.7885,1066.5586,1073.0638,7647317,0.003831539465481336,1
2023-04-24 00:00:00+00:00,1076.4191,1086.8727,1071.854,1084.1795,12936186,0.0076547322506632,1
2023-04-25 00:00:00+00:00,1084.6588,1086.7359,1072.9954,1080.071,9236126,-0.005870970668379714,0
2023-04-26 00:00:00+00:00,1078.2908,1089.2467,1074.616,1086.0055,8617834,0.006329090445731262,1
2023-04-27 00:00:00+00:00,1085.1154,1088.288,1079.1581,1084.1796,9167125,0.01827888536094881,1
2023-04-28 00:00:00+00:00,1104.9501,1106.5023,1087.2609,1087.375,15565210,0.008489976153674347,1
2023-05-02 00:00:00+00:00,1114.3311,1116.4994,1108.4194,1112.117,12981805,-0.008582368382252077,0
2023-05-03 00:00:00+00:00,1104.7675,1116.1342,1101.5492,1116.1342,7061872,0.011528398509188634,1
2023-05-04 00:00:00+00:00,1117.5037,1119.7177,1102.2567,1105.2468,8635233,-0.002553101166465973,0
2023-05-05 00:00:00+00:00,1114.6506,1123.598,1112.0258,1114.3083,8746585,0.012347636111262196,1
2023-05-08 00:00:00+00:00,1128.4139,1133.7778,1115.7461,1118.4166,9153782,0.00309478640771787,1
2023-05-09 00:00:00+00:00,1131.9061,1135.2158,1124.4652,1129.829,6464721,0.0068764537977134355,1
2023-05-10 00:00:00+00:00,1139.6896,1141.1732,1132.6594,1136.6767,10872255,-0.006528882951989585,0
2023-05-11 00:00:00+00:00,1132.2487,1145.5783,1130.5367,1140.7623,10557860,0.0016326801700013484,1
2023-05-12 00:00:00+00:00,1134.0973,1135.4896,1121.3838,1127.4552,6955341,0.001972317542771798,1
2023-05-15 00:00:00+00:00,1136.3341,1143.3185,1128.9845,1136.6309,6833343,-0.01424105815358361,0
2023-05-16 00:00:00+00:00,1120.1515,1141.0589,1118.4852,1138.5026,8717229,-0.005909289948725542,0
2023-05-17 00:00:00+00:00,1113.5322,1125.2641,1108.8303,1124.3512,8798967,-0.0021521604853456952,0
2023-05-18 00:00:00+00:00,1111.1357,1121.6123,1107.9858,1118.2114,10525531,0.0032454181788956734,1
2023-05-19 00:00:00+00:00,1114.7418,1116.5679,1104.1968,1111.1356,8050447,0.00534419719436376,1
2023-05-22 00:00:00+00:00,1120.6992,1125.7207,1110.3597,1111.5693,7434906,-0.00018336766904092472,0
2023-05-23 00:00:00+00:00,1120.4937,1126.6335,1119.0785,1123.2783,6092034,-0.005825914059133081,0
2023-05-24 00:00:00+00:00,1113.9658,1124.8077,1110.8617,1116.5451,8112254,-0.00012280448825268588,0
2023-05-25 00:00:00+00:00,1113.829,1117.9603,1102.9188,1111.0673,11487863,0.027275192152475952,1
2023-05-26 00:00:00+00:00,1144.2089,1145.35,1118.7592,1122.0687,12626260,0.005625283984419299,1
2023-05-29 00:00:00+00:00,1150.6454,1154.9365,1144.5283,1150.828,10010304,-0.0002579421948760892,0
2023-05-30 00:00:00+00:00,1150.3486,1158.4515,1147.7922,1150.6453,11342504,-0.019861457648577184,0
2023-05-31 00:00:00+00:00,1127.501,1145.7381,1123.4382,1141.2416,27107927,-0.002692503155207739,0
2023-06-01 00:00:00+00:00,1124.4652,1134.3485,1122.0686,1132.1801,14592692,-0.0032680424436434354,0
2023-06-02 00:00:00+00:00,1120.7904,1133.4126,1118.8732,1128.0031,15800644,0.008980983420271848,1
2023-06-05 00:00:00+00:00,1130.8562,1133.8234,1122.274,1126.2684,10908682,0.0008477647290611621,1
2023-06-06 00:00:00+00:00,1131.8149,1135.6267,1123.8948,1133.6866,7493309,0.007582688653418354,1
2023-06-07 00:00:00+00:00,1140.3971,1141.2416,1128.7335,1135.3071,10312545,0.0006004048940496436,1
2023-06-08 00:00:00+00:00,1141.0818,1148.9336,1137.1331,1143.9806,12071109,-0.007080999802117541,0
2023-06-09 00:00:00+00:00,1133.0018,1145.1446,1131.1986,1144.437,5877018,0.000886406358754291,1
2023-06-12 00:00:00+00:00,1134.0061,1136.3114,1125.2641,1130.0574,6391969,0.014773641870180263,1
2023-06-13 00:00:00+00:00,1150.7595,1151.9465,1134.9647,1138.9592,11248016,0.012297443557928651,1
2023-06-14 00:00:00+00:00,1164.9109,1166.3489,1149.002,1150.8279,13277380,0.0002741840599138179,1
2023-06-15 00:00:00+00:00,1165.2303,1169.7953,1157.447,1164.8879,11813494,0.00973558617553972,1
2023-06-16 00:00:00+00:00,1176.5745,1178.8569,1168.7227,1168.7227,24171579,-0.009932562706398999,0
2023-06-19 00:00:00+00:00,1164.8881,1179.5873,1160.7112,1179.5873,6798554,0.002076937690409917,1
2023-06-20 00:00:00+00:00,1167.3075,1170.4573,1157.219,1162.948,6921096,0.002815796180526605,1
2023-06-21 00:00:00+00:00,1170.5944,1173.1279,1163.1535,1167.2619,6961603,-0.011231302661280338,0
2023-06-22 00:00:00+00:00,1157.4471,1174.7027,1155.8494,1166.8054,7619166,-0.008183700144913885,0
2023-06-23 00:00:00+00:00,1147.9749,1156.4885,1146.7194,1154.4342,6628570,-0.0076349230283693035,0
2023-06-26 00:00:00+00:00,1139.2102,1148.2717,1136.0832,1144.4371,12641159,0.0003606884840041665,1
2023-06-27 00:00:00+00:00,1139.6211,1145.5783,1135.1474,1139.6667,9689466,0.013238786119351368,1
2023-06-28 00:00:00+00:00,1154.7083,1158.52,1140.26,1147.1761,11354006,0.008203110690379493,1
2023-06-30 00:00:00+00:00,1164.1805,1167.1021,1156.5114,1162.4231,11151555,0.025664147441054035,1
2023-07-03 00:00:00+00:00,1194.0582,1196.9342,1166.5086,1167.7412,12154387,-0.010303099128668945,0
2023-07-04 00:00:00+00:00,1181.7557,1198.3037,1174.68,1198.3037,8061643,-0.0016417098728612263,0
2023-07-05 00:00:00+00:00,1179.8156,1190.9997,1175.8441,1190.9997,10248062,0.020990398838598295,1
2023-07-06 00:00:00+00:00,1204.5804,1207.1824,1175.9581,1175.9581,19117987,-0.0019516339465594308,0
2023-07-07 00:00:00+00:00,1202.2295,1216.5407,1199.673,1202.8686,13375267,0.038521347213655986,1
2023-07-10 00:00:00+00:00,1248.541,1258.1047,1221.1284,1227.4737,33240016,0.010840813397397469,1
2023-07-11 00:00:00+00:00,1262.0762,1264.4956,1249.7052,1256.6895,20069348,0.0011031822008845246,1
2023-07-12 00:00:00+00:00,1263.4685,1279.1035,1260.6838,1262.8066,18733835,-0.008942288628485734,0
2023-07-13 00:00:00+00:00,1252.1702,1277.734,1249.5454,1270.8409,14682934,-0.0008385441531829735,0
2023-07-14 00:00:00+00:00,1251.1202,1260.3414,1243.9988,1255.3656,15124144,0.020432888862317027,1
2023-07-17 00:00:00+00:00,1276.6842,1285.0609,1245.3228,1253.9963,22220040,0.00849199825610748,1
2023-07-18 00:00:00+00:00,1287.5258,1295.2862,1274.9949,1285.9509,25867313,0.007587576109154615,1
2023-07-19 00:00:00+00:00,1297.295,1303.7545,1276.8212,1291.8856,39122156,-0.0012111354780524781,0
2023-07-20 00:00:00+00:00,1295.7238,1301.2135,1276.0147,1276.0147,38717624,-0.03095590279348118,0
2023-07-21 00:00:00+00:00,1255.6135,1293.2757,1248.1207,1290.3577,30249238,-0.020226606356175677,0
2023-07-24 00:00:00+00:00,1230.2167,1243.8424,1221.2649,1227.0514,23727866,-0.0006431387250716803,0
2023-07-25 00:00:00+00:00,1229.4255,1239.0203,1226.557,1233.4811,12026020,0.0162522251246619,1
2023-07-26 00:00:00+00:00,1249.4064,1259.6936,1229.0297,1229.0297,12911012,-0.009302497570046182,0
2023-07-27 00:00:00+00:00,1237.7838,1255.0693,1231.6758,1253.2889,17226898,0.010049170137789939,1
2023-07-28 00:00:00+00:00,1250.2225,1257.6412,1236.7205,1242.4082,20827852,0.008465693106626886,1
2023-07-31 00:00:00+00:00,1260.8065,1263.1063,1245.3262,1250.2226,8551174,-0.014141424556424819,0
2023-08-01 00:00:00+00:00,1242.9769,1265.6287,1239.0698,1263.6504,9536632,-0.010683545285515681,0
2023-08-02 00:00:00+00:00,1229.6975,1242.3834,1218.4458,1240.9986,12748214,-0.004202903559615307,0
2023-08-03 00:00:00+00:00,1224.5292,1236.8937,1215.701,1224.2325,10168350,0.013591019307665453,1
2023-08-04 00:00:00+00:00,1241.1718,1244.3618,1222.4025,1235.855,22885610,0.005698244191497092,1
2023-08-07 00:00:00+00:00,1248.2443,1250.4945,1238.9214,1246.8347,5982870,-0.006022779354970861,0
2023-08-08 00:00:00+00:00,1240.7264,1253.4866,1236.2258,1250.2966,9844072,0.006597425508153951,1
2023-08-09 00:00:00+00:00,1248.912,1250.7914,1227.1011,1238.8474,11486586,0.004454917560244357,1
2023-08-10 00:00:00+00:00,1254.4758,1261.1774,1240.6276,1248.7882,15470598,0.004218495087749117,1
2023-08-11 00:00:00+00:00,1259.7678,1265.5545,1242.5566,1252.4975,22179330,0.011817177737040087,1
2023-08-14 00:00:00+00:00,1274.6547,1277.1523,1248.8129,1255.737,9575812,-0.0008148089047175581,0
2023-08-16 00:00:00+00:00,1273.6161,1277.3997,1261.672,1261.672,10203112,-0.014426246653131915,0
2023-08-17 00:00:00+00:00,1255.2426,1275.0752,1252.6955,1269.6349,13673744,0.007407333052590791,1
2023-08-18 00:00:00+00:00,1264.5406,1274.8279,1240.6772,1251.9041,18639978,-0.010911393434105656,0
2023-08-21 00:00:00+00:00,1250.7427,1268.3374,1248.5836,1260.6444,9221746,-0.00023817848387204413,0
2023-08-22 00:00:00+00:00,1250.4448,1259.6517,1240.3198,1249.204,7713044,0.0011114445035877816,1
2023-08-23 00:00:00+00:00,1251.8346,1262.0838,1249.2289,1252.8272,9517952,-0.01681068729047737,0
2023-08-24 00:00:00+00:00,1230.7904,1260.6196,1226.4227,1260.6196,14140020,-0.004617276832838489,0
2023-08-25 00:00:00+00:00,1225.1075,1243.2979,1212.3271,1218.9779,22222400,-0.009966227453509273,0
2023-08-28 00:00:00+00:00,1212.8978,1232.875,1206.6193,1226.9191,12580826,-0.00957541517512855,0
2023-08-29 00:00:00+00:00,1201.2838,1217.7121,1195.2285,1217.0173,16876644,-0.0009503166529007765,0
2023-08-30 00:00:00+00:00,1200.1422,1212.5255,1198.6284,1207.0659,12168946,-0.004569875136463017,0
2023-08-31 00:00:00+00:00,1194.6577,1203.5916,1191.1337,1202.5989,21638600,0.0023472832427230304,1
2023-09-01 00:00:00+00:00,1197.4619,1203.9142,1192.0023,1194.4344,18112842,-0.0008082094302959658,0
2023-09-04 00:00:00+00:00,1196.4941,1202.9215,1193.814,1197.462,9347626,0.005351300938299713,1
2023-09-05 00:00:00+00:00,1202.8969,1208.0338,1197.3627,1201.11,8675876,0.002104253490053991,1
2023-09-06 00:00:00+00:00,1205.4281,1209.1257,1199.7452,1201.6561,8200370,0.0013586874239948199,1
2023-09-07 00:00:00+00:00,1207.0659,1210.168,1196.6431,1201.9537,13652572,0.006661193891733532,1
2023-09-08 00:00:00+00:00,1215.1064,1218.9778,1202.5742,1211.0366,23109288,0.0107835001115952,1
2023-09-11 00:00:00+00:00,1228.2095,1229.3262,1216.9924,1216.9924,13271074,-0.01444672101950035,0
2023-09-12 00:00:00+00:00,1210.4659,1232.3787,1209.0265,1232.3787,16255666,0.005002288788143507,1
2023-09-13 00:00:00+00:00,1216.521,1222.2783,1204.2121,1211.0366,12803338,0.0009179455184086728,1
2023-09-14 00:00:00+00:00,1217.6377,1223.8418,1213.5182,1220.9631,9209636,0.0018547388931863212,1
2023-09-15 00:00:00+00:00,1219.8961,1224.9338,1215.7517,1224.9338,25468592,-0.008706807079717686,0
2023-09-18 00:00:00+00:00,1209.2747,1216.4962,1207.0909,1211.0615,7516300,-0.02228666489094651,0
2023-09-20 00:00:00+00:00,1182.324,1204.8821,1168.8488,1202.6238,57081884,-0.00728319817579621,0
2023-09-21 00:00:00+00:00,1173.7129,1186.27,1171.3305,1178.7506,12226182,-0.004165243476492374,0
2023-09-22 00:00:00+00:00,1168.8241,1182.4731,1166.3673,1179.2718,19176786,-0.006157299460201017,0
2023-09-25 00:00:00+00:00,1161.6273,1171.6779,1158.972,1166.5657,14254884,0.0008758402974860803,1
2023-09-26 00:00:00+00:00,1162.6447,1166.4663,1159.22,1160.6842,10087782,0.011269995038036846,1
2023-09-27 00:00:00+00:00,1175.7477,1177.1871,1160.6594,1163.141,11722778,-0.014690311535374393,0
2023-09-28 00:00:00+00:00,1158.4756,1182.7459,1153.959,1182.7459,14518346,0.004669930035643463,1
2023-09-29 00:00:00+00:00,1163.8856,1175.8471,1158.4757,1162.2974,12342014,-0.01145000848880691,0
2023-10-03 00:00:00+00:00,1150.5591,1159.2201,1149.492,1156.4158,8859056,-0.001725422014392698,0
2023-10-04 00:00:00+00:00,1148.5739,1150.9811,1139.1189,1146.0178,10286386,-2.1591993340734236e-05,0
2023-10-05 00:00:00+00:00,1148.5491,1156.1428,1146.0178,1151.1051,10953682,0.001685256642489226,1
2023-10-06 00:00:00+00:00,1150.4847,1153.8598,1147.5316,1150.0133,5431026,-0.008520234993129448,0
2023-10-09 00:00:00+00:00,1140.6823,1147.4819,1139.0692,1145.5711,7576878,0.0044163918384637745,1
2023-10-10 00:00:00+00:00,1145.72,1150.4351,1143.4121,1144.8018,10236032,0.015876828544495996,1
2023-10-11 00:00:00+00:00,1163.9104,1166.2183,1148.0031,1148.7228,9814118,0.0018548678661176416,1
2023-10-12 00:00:00+00:00,1166.0693,1171.0079,1160.4857,1163.3148,12554450,-4.23645490024522e-05,0
2023-10-13 00:00:00+00:00,1166.0199,1170.0898,1156.0188,1161.404,10150316,-0.00223478175629768,0
2023-10-16 00:00:00+00:00,1163.4141,1168.6255,1159.4186,1163.8855,5929036,0.004778006386548022,1
2023-10-17 00:00:00+00:00,1168.9729,1171.1815,1162.0492,1169.3451,7928180,-0.013268143341902936,0
2023-10-18 00:00:00+00:00,1153.4628,1174.8048,1151.9738,1168.973,8918320,-0.007680785197407342,0
2023-10-19 00:00:00+00:00,1144.6033,1152.3709,1142.0472,1147.5068,12032556,-0.0030570416842236946,0
2023-10-20 00:00:00+00:00,1141.1042,1148.8469,1139.7145,1141.5509,8913312,-0.015614787851977022,0
2023-10-23 00:00:00+00:00,1123.2861,1144.653,1119.3404,1136.5877,7853962,-0.002319800805867752,0
2023-10-25 00:00:00+00:00,1120.6803,1132.2199,1113.2602,1116.7594,11620688,-0.013928503963173128,0
2023-10-26 00:00:00+00:00,1105.0709,1120.7052,1101.9937,1117.2309,15222534,0.01765099415793137,1
2023-10-27 00:00:00+00:00,1124.5765,1128.3982,1109.7611,1111.7713,11771084,0.020610781036238986,1
2023-10-30 00:00:00+00:00,1147.7549,1153.959,1126.6362,1128.6463,16813304,-0.010637811260923313,0
2023-10-31 00:00:00+00:00,1135.5453,1155.448,1133.0637,1155.448,12808438,0.004152278205017354,1
2023-11-01 00:00:00+00:00,1140.2604,1150.2366,1129.242,1136.1657,10309190,0.009924312025569058,1
2023-11-02 00:00:00+00:00,1151.5767,1153.6116,1145.4967,1148.4746,10562104,-0.0002155305851533789,0
2023-11-03 00:00:00+00:00,1151.3285,1158.8975,1149.368,1155.0509,8850156,0.008320040718178977,1
2023-11-06 00:00:00+00:00,1160.9076,1161.4039,1154.2569,1157.5822,10647304,-0.006498536145340117,0
2023-11-07 00:00:00+00:00,1153.3634,1160.9572,1151.254,1158.4507,6960204,0.005206945183105328,1
2023-11-08 00:00:00+00:00,1159.3689,1161.9002,1152.3459,1157.4333,7884494,-0.010852283513901339,0
2023-11-09 00:00:00+00:00,1146.7871,1159.3689,1143.6354,1159.3442,14513610,0.0018825639039712805,1
2023-11-10 00:00:00+00:00,1148.946,1149.6658,1140.583,1144.3055,7734954,-0.0001295100030810303,0
2023-11-13 00:00:00+00:00,1148.7972,1153.7605,1147.3578,1152.9167,3854810,0.01808091106071647,1
2023-11-15 00:00:00+00:00,1169.5685,1172.2983,1154.9517,1161.4039,12220648,0.0018035711461105723,1
2023-11-16 00:00:00+00:00,1171.6779,1178.3534,1164.8534,1166.9132,13134910,-0.0021815722563342838,0
2023-11-17 00:00:00+00:00,1169.1218,1177.9068,1167.3847,1167.8065,7758634,-0.0026319755563534728,0
2023-11-20 00:00:00+00:00,1166.0447,1170.5363,1159.6172,1165.6476,4490186,0.012577733941074573,1
2023-11-21 00:00:00+00:00,1180.7109,1185.2276,1171.4297,1174.3084,8214450,0.003909509093208156,1
2023-11-22 00:00:00+00:00,1185.3269,1188.4289,1177.3857,1178.7754,8534814,0.003056709503513332,1
2023-11-23 00:00:00+00:00,1188.9501,1191.1835,1185.3269,1185.3269,8531542,-0.0006679842997616521,0
2023-11-24 00:00:00+00:00,1188.1559,1192.474,1186.7414,1187.0144,6749486,0.00020889514583060783,1
2023-11-28 00:00:00+00:00,1188.4041,1191.0346,1178.8994,1188.1559,13792174,0.0026310915622051482,1
2023-11-29 00:00:00+00:00,1191.5309,1197.1146,1190.2157,1195.1541,12531306,-0.009684683796282635,0
2023-11-30 00:00:00+00:00,1179.9913,1191.5309,1176.244,1188.553,28439984,0.007087509882488122,1
2023-12-01 00:00:00+00:00,1188.3545,1189.3967,1180.0659,1180.2643,14342842,0.010817226677729663,1
2023-12-04 00:00:00+00:00,1201.2092,1215.9998,1190.4887,1215.9998,15590990,0.007251526212086859,1
2023-12-05 00:00:00+00:00,1209.9198,1211.4585,1201.9289,1210.5402,12693624,0.009578651411440717,1
2023-12-06 00:00:00+00:00,1221.5092,1227.3906,1208.555,1214.5606,16422442,-0.0016456691443666087,0
2023-12-07 00:00:00+00:00,1219.499,1221.4346,1212.0293,1220.9632,8142096,-0.0005290697245343633,0
2023-12-08 00:00:00+00:00,1218.8538,1229.2518,1213.5183,1222.8741,10204894,0.0014658854080775582,1
2023-12-11 00:00:00+00:00,1220.6405,1224.7352,1217.1909,1218.9778,7066138,-0.014353366122130068,0
2023-12-12 00:00:00+00:00,1203.1202,1223.4199,1201.1845,1220.9632,9197124,0.0040839643453745396,1
2023-12-13 00:00:00+00:00,1208.0337,1210.2176,1194.3103,1202.1026,10031182,0.012407849218113706,1
2023-12-14 00:00:00+00:00,1223.0228,1228.3832,1212.3518,1217.9852,16972354,0.012763130826342731,1
2023-12-15 00:00:00+00:00,1238.6324,1240.8162,1225.9513,1229.8971,15932152,0.01017783807366905,1
2023-12-18 00:00:00+00:00,1251.239,1258.1379,1236.3244,1238.6324,14165188,0.01471637313095265,1
2023-12-19 00:00:00+00:00,1269.6527,1277.4946,1253.3235,1268.114,16820604,-0.012098820409707337,0
2023-12-20 00:00:00+00:00,1254.2914,1289.8781,1250.7427,1276.0802,17736722,0.014007988893171005,1
2023-12-21 00:00:00+00:00,1271.8615,1277.2962,1249.8742,1254.217,13765454,0.000975499297683011,1
2023-12-22 00:00:00+00:00,1273.1022,1280.9689,1264.466,1270.3972,16541784,0.00506809272656975,1
2023-12-26 00:00:00+00:00,1279.5544,1286.4533,1271.9358,1274.5663,7465664,0.0034134539336506627,1
2023-12-27 00:00:00+00:00,1283.9221,1290.3991,1277.0976,1281.5149,9204156,0.007228865364962642,1
2023-12-28 00:00:00+00:00,1293.2034,1296.4047,1283.9221,1285.3862,12302636,-0.007906180883842467,0
2023-12-29 00:00:00+00:00,1282.9791,1297.3974,1280.1749,1295.9581,10864584,0.0020503841410978232,1
2024-01-01 00:00:00+00:00,1285.6097,1293.8488,1277.1225,1280.7954,4030540,0.00828105139530305,1
2024-01-02 00:00:00+00:00,1296.2559,1297.8938,1277.048,1283.004,7448800,-0.010874164584323264,0
2024-01-03 00:00:00+00:00,1282.1602,1307.3239,1279.1325,1295.412,9037536,0.005167684974155356,1
2024-01-04 00:00:00+00:00,1288.786,1295.3376,1280.0756,1284.4928,9612778,0.004255555227943216,1
2024-01-05 00:00:00+00:00,1294.2705,1300.3009,1289.4562,1291.8881,8086406,-0.007803701003770163,0
2024-01-08 00:00:00+00:00,1284.1704,1306.3065,1275.0379,1295.4122,7734652,-0.002647623710996503,0
2024-01-09 00:00:00+00:00,1280.7704,1293.8238,1279.1325,1290.4488,5403074,0.026971578980900864,1
2024-01-10 00:00:00+00:00,1315.3148,1319.7321,1278.0655,1279.0333,11102740,0.026300928112418274,1
2024-01-11 00:00:00+00:00,1349.9088,1352.4897,1318.7395,1319.7321,23725852,0.007960093304081,1
2024-01-12 00:00:00+00:00,1360.6542,1363.235,1335.8627,1349.9088,15012164,0.017071200015404405,1
2024-01-15 00:00:00+00:00,1383.8822,1386.1901,1355.9638,1364.8977,8610594,-0.013987245446180352,0
2024-01-16 00:00:00+00:00,1364.5255,1386.0413,1360.4308,1379.7627,9069024,-0.00949348326579454,0
2024-01-17 00:00:00+00:00,1351.5714,1376.09,1345.0696,1349.5117,12197382,0.004682031596702882,1
2024-01-18 00:00:00+00:00,1357.8995,1360.9272,1341.3223,1341.4712,10279438,-0.00036549096601038534,0
2024-01-19 00:00:00+00:00,1357.4032,1365.8904,1349.0153,1365.8904,10422704,-0.028428841187349542,0
2024-01-23 00:00:00+00:00,1318.8138,1361.6717,1312.8332,1361.6717,20055420,0.01151618219342274,1
2024-01-24 00:00:00+00:00,1334.0015,1339.5851,1314.1981,1325.415,21919128,0.006845794401280648,1
2024-01-25 00:00:00+00:00,1343.1338,1354.1275,1325.3901,1333.0832,11808872,0.07019203894652935,1
2024-01-29 00:00:00+00:00,1437.4111,1441.8284,1350.1818,1354.4749,23893438,-0.027916856910316003,0
2024-01-30 00:00:00+00:00,1397.2831,1449.2484,1394.1066,1449.2236,14093978,0.013497837338761073,1
2024-01-31 00:00:00+00:00,1416.1434,1423.7124,1392.1957,1393.6847,15130226,1.7582965115055475e-05,1
2024-02-01 00:00:00+00:00,1416.1683,1432.7456,1407.6315,1424.457,13349362,0.021764291715892746,1
2024-02-02 00:00:00+00:00,1446.9902,1464.0639,1422.6455,1422.6455,19652588,-0.012811282343170024,0
2024-02-05 00:00:00+00:00,1428.4524,1459.6961,1421.0075,1450.0178,8814432,-0.007800399929322061,0
2024-02-06 00:00:00+00:00,1417.3099,1431.2566,1409.3934,1431.2566,9047984,0.010050377831975927,1
2024-02-07 00:00:00+00:00,1431.5544,1438.8504,1418.7492,1425.3752,9296568,0.00552993305738159,1
2024-02-08 00:00:00+00:00,1439.4708,1448.7521,1417.0369,1439.3467,14694634,0.007326928757429501,1
2024-02-09 00:00:00+00:00,1450.0177,1461.1602,1440.2897,1443.3173,12556798,-0.005750481528604869,0
2024-02-12 00:00:00+00:00,1441.6794,1450.2659,1431.7529,1450.0178,6674430,0.00877885887805576,1
2024-02-13 00:00:00+00:00,1454.3357,1468.1336,1443.3173,1444.8063,7715594,0.011108508166305651,1
2024-02-14 00:00:00+00:00,1470.4912,1472.7495,1446.7916,1446.7916,7117888,-0.007273623942802217,0
2024-02-15 00:00:00+00:00,1459.7954,1473.8166,1455.7504,1472.4517,10006782,-0.006816982708672682,0
2024-02-16 00:00:00+00:00,1449.844,1466.1484,1447.834,1465.6272,9767498,0.00919160958006511,1
2024-02-19 00:00:00+00:00,1463.1704,1468.63,1442.8459,1451.3083,6729828,-0.002018288505562954,0
2024-02-20 00:00:00+00:00,1460.2173,1464.6594,1451.0601,1464.1879,7117496,-0.002260348511142849,0
2024-02-21 00:00:00+00:00,1456.9167,1477.5888,1446.8414,1463.1705,12720292,0.009572819091166942,1
2024-02-22 00:00:00+00:00,1470.8635,1474.04,1447.288,1457.3635,18493728,0.008014135914039669,1
2024-02-23 00:00:00+00:00,1482.6512,1486.5475,1472.4517,1478.5566,14438584,-0.004217917201294533,0
2024-02-26 00:00:00+00:00,1476.3975,1483.5446,1471.608,1482.5768,7513106,-0.0011261194901780254,0
2024-02-27 00:00:00+00:00,1474.7349,1488.9297,1467.1907,1472.1291,10826044,-0.020210073010410185,0
2024-02-28 00:00:00+00:00,1444.9304,1480.3185,1439.5205,1472.1043,8647950,0.0035552577480549553,1
2024-02-29 00:00:00+00:00,1450.0675,1468.1089,1443.8386,1454.2366,23628976,0.021443622452058178,1
2024-03-01 00:00:00+00:00,1481.1622,1488.9794,1451.7549,1452.7475,12132926,0.010237163762348267,1
2024-03-04 00:00:00+00:00,1496.3251,1501.3379,1476.2983,1479.5244,10024420,-0.0047764352813435456,0
2024-03-05 00:00:00+00:00,1489.178,1496.3252,1475.132,1494.7121,7107668,0.001866331627246656,1
2024-03-06 00:00:00+00:00,1491.9573,1497.9132,1467.6373,1482.4774,7805676,-0.016017884694153203,0
2024-03-07 00:00:00+00:00,1468.0593,1492.0566,1464.7091,1491.9326,8315726,-0.008333791421095728,0
2024-03-11 00:00:00+00:00,1455.8248,1478.0603,1452.7476,1478.0603,11277130,0.00601734494425424,1
2024-03-12 00:00:00+00:00,1464.585,1477.0675,1454.2613,1455.8247,9432678,-0.029313628092599568,0
2024-03-13 00:00:00+00:00,1421.6527,1472.2035,1417.285,1468.903,13522134,-0.0004887972990873149,0
2024-03-14 00:00:00+00:00,1420.9578,1437.8825,1415.0267,1429.1223,18571102,-0.009256151027145137,0
2024-03-15 00:00:00+00:00,1407.8052,1422.695,1402.5193,1415.4734,19223818,0.014983607107006034,1
2024-03-18 00:00:00+00:00,1428.8992,1431.1326,1406.1178,1409.5673,9169392,-0.009882152638898509,0
2024-03-19 00:00:00+00:00,1414.7786,1427.0378,1406.8373,1418.2528,8275764,0.012980193508722853,1
2024-03-20 00:00:00+00:00,1433.1427,1434.3835,1413.5626,1417.4587,8488806,0.005004316736916584,1
2024-03-21 00:00:00+00:00,1440.3146,1447.1887,1434.0609,1441.8532,13006936,0.002791195756816017,1
2024-03-22 00:00:00+00:00,1444.3348,1449.2733,1436.7162,1439.3219,19527608,-0.0092438401401116,0
2024-03-26 00:00:00+00:00,1430.9836,1441.7292,1428.4276,1434.3835,11415906,0.035568681569795826,1
2024-03-27 00:00:00+00:00,1481.8818,1488.9793,1436.3687,1437.3614,16326644,-0.004688970469844622,0
2024-03-28 00:00:00+00:00,1474.9333,1494.8856,1467.7863,1481.9068,21854364,-0.0007234903435972205,0
2024-04-01 00:00:00+00:00,1473.8662,1482.9986,1471.6079,1481.5096,5013880,0.0014647869664153575,1
2024-04-02 00:00:00+00:00,1476.0251,1483.0234,1464.163,1473.0969,8910166,-0.010322995184838035,0
2024-04-03 00:00:00+00:00,1460.7881,1473.5437,1458.108,1471.1861,7008292,-0.005894968613175332,0
2024-04-04 00:00:00+00:00,1452.1768,1468.8781,1439.3467,1468.8781,14490272,-0.001931169813482757,0
2024-04-05 00:00:00+00:00,1449.3724,1459.9939,1445.3026,1450.1418,7442298,0.01772146344169376,1
2024-04-08 00:00:00+00:00,1475.0574,1480.0206,1450.2659,1452.2264,8357118,-0.015023754329831407,0
2024-04-09 00:00:00+00:00,1452.8965,1478.8544,1451.7549,1478.0602,7071414,0.010880334559275208,1
2024-04-10 00:00:00+00:00,1468.7045,1476.075,1455.5767,1455.5767,9138330,-0.008397672915144016,0
2024-04-12 00:00:00+00:00,1456.3708,1475.5538,1452.3257,1465.0317,15551012,-0.0015848299073285236,0
2024-04-15 00:00:00+00:00,1454.0627,1471.2357,1435.6987,1450.2659,12902062,0.0006315408544624965,1
2024-04-16 00:00:00+00:00,1454.981,1460.3661,1440.2649,1442.672,9366184,-0.0009721776435569187,0
2024-04-18 00:00:00+00:00,1453.5665,1475.0823,1448.6281,1452.7476,19005692,0.003960947091172068,1
2024-04-19 00:00:00+00:00,1459.324,1463.1705,1432.4231,1446.0721,15741778,0.00661498063486924,1
2024-04-22 00:00:00+00:00,1468.9774,1471.9305,1457.016,1461.6318,10350362,-0.013869580294427947,0
2024-04-23 00:00:00+00:00,1448.6033,1482.5272,1444.8561,1468.1338,14605554,-0.006270039561555539,0
2024-04-24 00:00:00+00:00,1439.5205,1457.7605,1438.8504,1452.7476,10462776,0.006757736343455938,1
2024-04-25 00:00:00+00:00,1449.2484,1457.1896,1430.9092,1431.9018,15943926,-0.00508560161253243,0
2024-04-26 00:00:00+00:00,1441.8781,1454.2365,1439.3467,1453.1942,9413848,0.008588312701330432,1
2024-04-29 00:00:00+00:00,1454.2614,1457.1152,1439.3467,1439.3467,7247974,0.001348107018449304,1
2024-04-30 00:00:00+00:00,1456.2219,1472.1788,1452.1272,1457.2146,11474262,-0.0003068213711110506,0
2024-05-02 00:00:00+00:00,1455.7751,1466.4709,1453.3679,1461.1851,14512646,-0.022194843145757884,0
2024-05-03 00:00:00+00:00,1423.4644,1464.1134,1405.7455,1460.1925,17226958,-0.010094175871205483,0
2024-05-06 00:00:00+00:00,1409.0957,1429.4202,1407.5819,1424.9533,7394208,-0.012715601928243779,0
2024-05-07 00:00:00+00:00,1391.1782,1410.3116,1381.7729,1405.5717,14517472,0.012183629674472988,1
2024-05-08 00:00:00+00:00,1408.1278,1422.4219,1387.2324,1387.2324,9439002,-0.017218323507283903,0
2024-05-09 00:00:00+00:00,1383.8822,1413.2895,1379.7875,1402.6185,11009612,0.009540118371346851,1
2024-05-10 00:00:00+00:00,1397.0846,1399.6406,1377.8767,1386.488,10505096,-0.003357205426213974,0
2024-05-13 00:00:00+00:00,1392.3943,1396.6379,1373.8317,1389.6149,8456620,0.012386793022637335,1
2024-05-14 00:00:00+00:00,1409.6416,1416.5902,1389.739,1390.682,7188300,-0.0026758574661814283,0
2024-05-15 00:00:00+00:00,1405.8696,1419.4689,1402.6435,1410.0636,5046534,0.006407564399998398,1
2024-05-16 00:00:00+00:00,1414.8778,1417.012,1387.7536,1408.1278,14711774,0.007261475160611107,1
2024-05-17 00:00:00+00:00,1425.1519,1426.6408,1402.8668,1412.5949,10916476,0.0002959684508015239,1
2024-05-21 00:00:00+00:00,1425.5737,1431.2318,1415.126,1415.126,11176128,0.017077194956669078,1
2024-05-22 00:00:00+00:00,1449.9185,1457.9838,1425.7225,1425.7225,10281604,0.017389598104996982,1
2024-05-23 00:00:00+00:00,1475.132,1481.2615,1444.31,1447.834,14608260,-0.0039030405414567397,0
2024-05-24 00:00:00+00:00,1469.3745,1477.5639,1465.255,1472.7247,7094776,-0.009457833928654616,0
2024-05-27 00:00:00+00:00,1455.4774,1473.9904,1450.812,1469.3497,6629010,-0.0068542458989744965,0
2024-05-28 00:00:00+00:00,1445.5012,1467.6374,1442.0766,1457.2146,7820162,-0.01059258892348204,0
2024-05-29 00:00:00+00:00,1430.1896,1447.288,1427.8816,1435.8725,7383556,-0.011053149876072354,0
2024-05-30 00:00:00+00:00,1414.3815,1429.8173,1409.6664,1424.9532,13206858,0.0038951301328530984,1
2024-05-31 00:00:00+00:00,1419.8907,1431.6537,1411.8006,1420.7842,31069832,0.05587599101818191,1
2024-06-03 00:00:00+00:00,1499.2285,1503.3729,1448.2807,1472.1043,21527942,-0.07485136521884421,0
2024-06-04 00:00:00+00:00,1387.0092,1487.0438,1349.3132,1487.0438,36709098,0.01680046534658893,1
2024-06-05 00:00:00+00:00,1410.3116,1420.6353,1373.9309,1411.5525,17464890,0.007636822954586707,1
2024-06-06 00:00:00+00:00,1421.0819,1433.093,1410.9072,1424.457,17855722,0.026788111227087043,1
2024-06-07 00:00:00+00:00,1459.15,1461.185,1416.0193,1418.0046,18558696,0.0009865332556625109,1
2024-06-10 00:00:00+00:00,1460.5895,1482.3782,1457.2888,1459.1501,9251760,-0.010007397697984298,0
2024-06-11 00:00:00+00:00,1445.9728,1462.8479,1443.9875,1458.2072,11774902,0.004565023629766694,1
2024-06-12 00:00:00+00:00,1452.5737,1465.1557,1444.4837,1446.7916,10081742,0.0013155958971307676,1
2024-06-13 00:00:00+00:00,1454.4847,1461.4333,1449.3726,1461.1851,9181160,0.008394588131453076,1
2024-06-14 00:00:00+00:00,1466.6945,1468.8038,1446.5187,1459.1999,8157998,0.002351819005252947,1
2024-06-18 00:00:00+00:00,1470.1439,1476.4721,1460.54,1476.4224,7196766,-0.015107840803883272,0
2024-06-19 00:00:00+00:00,1447.9332,1476.5712,1445.3027,1476.5712,8725874,0.010317741177562597,1
2024-06-20 00:00:00+00:00,1462.8726,1471.9554,1439.446,1448.2806,16113776,-0.013231979326155826,0
2024-06-21 00:00:00+00:00,1443.5159,1463.8653,1429.991,1462.7982,31170360,-0.0087505790549312,0
2024-06-24 00:00:00+00:00,1430.8843,1438.8503,1426.9385,1434.9046,8878386,0.008793163779908766,1
2024-06-25 00:00:00+00:00,1443.4663,1445.2283,1430.4129,1432.3982,7045386,0.04117525985885498,1
2024-06-26 00:00:00+00:00,1502.9014,1507.815,1434.5076,1435.4258,22014882,0.010914688082664686,1
2024-06-27 00:00:00+00:00,1519.3051,1526.2039,1494.9354,1502.6284,28383030,0.02276948849839303,1
2024-06-28 00:00:00+00:00,1553.8989,1569.3843,1519.7765,1519.7765,28957336,-0.003353757442005984,0
2024-07-01 00:00:00+00:00,1548.6875,1567.7961,1544.2454,1551.0451,7724306,0.003220791799507684,1
2024-07-02 00:00:00+00:00,1553.6755,1561.9393,1545.5606,1557.9687,7749246,-0.008145973853613658,0
2024-07-03 00:00:00+00:00,1541.0193,1563.4284,1531.4402,1554.8171,9049620,0.0010306165536019846,1
2024-07-04 00:00:00+00:00,1542.6075,1555.9835,1539.4063,1545.5607,6837176,0.02226470440471724,1
2024-07-05 00:00:00+00:00,1576.9532,1586.7557,1536.6267,1542.4089,12269710,0.007726862154184393,1
2024-07-08 00:00:00+00:00,1589.1381,1596.98,1570.8981,1577.3255,9500806,-0.006636868123670198,0
2024-07-09 00:00:00+00:00,1578.5912,1588.741,1568.888,1585.8623,6960002,-0.0038044048389475112,0
2024-07-10 00:00:00+00:00,1572.5856,1585.7631,1551.6655,1583.2814,7134578,-0.0022566021207367365,0
2024-07-11 00:00:00+00:00,1569.0369,1592.4634,1558.9614,1575.8365,11940946,0.010169869172611494,1
2024-07-12 00:00:00+00:00,1584.9938,1593.3569,1562.9321,1572.8586,12924784,0.00031312425323052956,1
2024-07-15 00:00:00+00:00,1585.4901,1594.0517,1573.8513,1592.662,5329688,-0.013132153899920245,0
2024-07-16 00:00:00+00:00,1564.6692,1588.2447,1557.5965,1581.7925,9386838,0.006613858060221328,1
2024-07-18 00:00:00+00:00,1575.0177,1582.1896,1546.3796,1564.4211,12298374,-0.019868665602932583,0
2024-07-19 00:00:00+00:00,1543.7242,1578.2933,1541.3915,1574.3476,13140390,-0.03502873116843029,0
2024-07-22 00:00:00+00:00,1489.6495,1526.2039,1488.2598,1525.9558,19674376,-0.008512875008517098,0
2024-07-23 00:00:00+00:00,1476.9683,1494.6871,1452.2512,1489.972,18052044,0.005242224900832359,1
2024-07-24 00:00:00+00:00,1484.7109,1498.4096,1465.5528,1474.0896,11913362,-0.002206220753144562,0
2024-07-25 00:00:00+00:00,1481.4353,1489.4509,1466.2228,1470.119,12519876,0.01113973725345952,1
2024-07-26 00:00:00+00:00,1497.9381,1501.3132,1479.4003,1481.4353,9859940,0.007339088310791889,1
2024-07-29 00:00:00+00:00,1508.9316,1516.2773,1500.6679,1500.8415,7538550,-0.004571976622399543,0
2024-07-30 00:00:00+00:00,1502.0328,1513.7958,1498.906,1505.8794,8228208,-0.005105281322751437,0
2024-07-31 00:00:00+00:00,1494.3645,1499.3525,1490.1209,1492.9499,10057346,0.006559711502782611,1
2024-08-01 00:00:00+00:00,1504.1671,1506.8472,1493.2479,1500.8913,10764222,-0.010542578680254341,0
2024-08-02 00:00:00+00:00,1488.3093,1498.2359,1482.3038,1493.9427,10268248,-0.03468223977368143,0
2024-08-05 00:00:00+00:00,1436.6914,1472.9978,1422.7199,1469.1264,17046704,0.0060283648945069785,1
2024-08-06 00:00:00+00:00,1445.3523,1466.6447,1440.6619,1444.4589,10236186,0.00602648918191083,1
2024-08-07 00:00:00+00:00,1454.0627,1461.6814,1450.7622,1458.2071,8174568,-0.010717969727165074,0
2024-08-08 00:00:00+00:00,1438.4781,1454.2365,1435.3017,1446.8165,12387192,0.01737266629224314,1
2024-08-09 00:00:00+00:00,1463.4683,1465.652,1445.3027,1449.2733,6249776,-0.009275636513616263,0
2024-08-12 00:00:00+00:00,1449.8937,1462.1778,1447.0398,1459.1998,8184584,0.002053943678767511,1
2024-08-13 00:00:00+00:00,1452.8717,1459.2743,1447.288,1450.0178,6265064,-0.0012128393718453725,0
2024-08-14 00:00:00+00:00,1451.1096,1461.1851,1443.0195,1452.7972,6267466,0.01118454457196067,1
2024-08-16 00:00:00+00:00,1467.3396,1469.5235,1447.3377,1457.8598,9416902,0.010317652437104538,1
2024-08-19 00:00:00+00:00,1482.4791,1492.3398,1474.6105,1476.6026,13797742,0.005072516705294535,1
2024-08-20 00:00:00+00:00,1489.999,1497.9424,1484.0977,1491.269,8411808,0.0018216790749523096,1
2024-08-21 00:00:00+00:00,1492.7133,1501.8766,1484.0727,1487.3098,7769996,-0.00036704972080023644,0
2024-08-22 00:00:00+00:00,1492.1654,1500.5071,1484.7202,1497.021,10445782,0.0012349167190178264,1
2024-08-23 00:00:00+00:00,1494.0081,1505.3129,1492.4643,1497.7681,9249654,0.00841682183650818,1
2024-08-26 00:00:00+00:00,1506.5829,1516.9415,1497.0211,1500.9803,8816114,-0.008032548358274983,0
2024-08-27 00:00:00+00:00,1494.4812,1507.4544,1493.4852,1504.4913,6251156,-0.0014328718220075142,0
2024-08-28 00:00:00+00:00,1492.3398,1501.4783,1487.0609,1499.0131,9610286,0.015100448302725748,1
2024-08-29 00:00:00+00:00,1514.8748,1530.8858,1488.0568,1497.1206,38335358,-0.007429656893097772,0
2024-08-30 00:00:00+00:00,1503.6198,1533.6,1497.3448,1527.8978,41620730,0.004388476395429239,1
2024-09-02 00:00:00+00:00,1510.2184,1520.7265,1500.6317,1504.8648,11240852,-0.004699121663462751,0
2024-09-03 00:00:00+00:00,1503.1217,1516.9415,1501.5032,1515.1985,10923800,0.003594785438863764,1
2024-09-04 00:00:00+00:00,1508.5251,1511.4634,1493.535,1494.7301,11983304,-0.014245172320964353,0
2024-09-05 00:00:00+00:00,1487.0359,1519.7055,1481.1345,1513.0072,16264168,-0.01885502562513789,0
2024-09-06 00:00:00+00:00,1458.9978,1491.0449,1455.8106,1486.5628,19394228,-0.0016213184145994675,0
2024-09-09 00:00:00+00:00,1456.6323,1464.0777,1449.8096,1460.6663,9010298,-0.0006324176664213741,0
2024-09-10 00:00:00+00:00,1455.7111,1466.1942,1451.7767,1454.6901,10768260,-0.006859259368153389,0
2024-09-11 00:00:00+00:00,1445.726,1462.9073,1441.7917,1457.2301,9760202,0.019496986289241406,1
2024-09-12 00:00:00+00:00,1473.9133,1480.0886,1440.1232,1451.204,22349376,-0.004848656973242479,0
2024-09-13 00:00:00+00:00,1466.7668,1477.25,1463.6543,1470.5269,8711328,-0.0008657817998062179,0
2024-09-16 00:00:00+00:00,1465.4969,1475.009,1458.9232,1471.6724,5481774,0.0006457195508225485,1
2024-09-17 00:00:00+00:00,1466.4432,1471.5976,1460.7908,1468.1364,5935328,-0.006011074960148373,0
2024-09-18 00:00:00+00:00,1457.6283,1476.1046,1454.7399,1464.1523,8574714,0.004253690738578532,1
2024-09-19 00:00:00+00:00,1463.8286,1470.6264,1449.7598,1460.4172,16955902,0.011056895595563472,1
2024-09-20 00:00:00+00:00,1480.014,1489.0529,1465.5219,1468.1364,30897320,0.005013668789619556,1
2024-09-23 00:00:00+00:00,1487.4343,1495.527,1483.0269,1485.0688,8832314,-0.002678504859004461,0
2024-09-24 00:00:00+00:00,1483.4502,1494.5309,1481.9562,1482.5787,17137444,0.00307175798688764,1
2024-09-25 00:00:00+00:00,1488.007,1490.5469,1474.3117,1477.997,7069002,0.002677473963496071,1
2024-09-26 00:00:00+00:00,1491.9911,1498.0171,1482.1306,1484.7202,18818998,0.01884247164745159,1
2024-09-27 00:00:00+00:00,1520.1039,1527.3748,1486.0648,1493.0369,20597478,-0.032499554800168654,0
2024-09-30 00:00:00+00:00,1470.7012,1518.9087,1468.5349,1513.3559,27008814,-0.007957700721261311,0
2024-10-01 00:00:00+00:00,1458.9978,1482.0308,1457.0058,1474.7599,16431642,-0.0394926572199082,0
2024-10-03 00:00:00+00:00,1401.3781,1443.6343,1396.4975,1430.8603,37757294,-0.014534764029778966,0
2024-10-04 00:00:00+00:00,1381.0094,1411.7117,1376.2783,1398.3402,37072876,-0.011395432934779303,0
2024-10-07 00:00:00+00:00,1365.2722,1390.9447,1355.9594,1387.9566,22181340,0.01942403866423119,1
2024-10-08 00:00:00+00:00,1391.7913,1395.4268,1359.6696,1367.5132,17020808,-0.016280817389791112,0
2024-10-09 00:00:00+00:00,1369.1318,1395.4019,1367.0402,1391.9657,14310610,-0.0025825855480093906,0
2024-10-10 00:00:00+00:00,1365.5959,1380.4864,1363.9774,1374.5352,22358646,0.0007658195224516065,1
2024-10-11 00:00:00+00:00,1366.6417,1377.7723,1363.3797,1364.5501,7980122,0.0003098105377584548,1
2024-10-14 00:00:00+00:00,1367.0651,1374.585,1362.807,1373.9624,12221432,-0.020764629277713286,0
2024-10-15 00:00:00+00:00,1338.6785,1366.2433,1335.3666,1353.1208,33762794,0.0074775235428073215,1
2024-10-16 00:00:00+00:00,1348.6885,1358.574,1332.304,1334.6695,20034438,0.0017355378947770147,1
2024-10-17 00:00:00+00:00,1351.0292,1363.0062,1346.6716,1360.2672,15543660,0.0021194952707166937,1
2024-10-18 00:00:00+00:00,1353.8927,1362.9814,1335.9891,1346.796,12082452,0.007283147327701801,1
2024-10-21 00:00:00+00:00,1363.7533,1368.5343,1352.324,1361.6866,14067408,-0.018879661006136535,0
2024-10-22 00:00:00+00:00,1338.0061,1370.5262,1334.8935,1363.7532,15831960,-0.003591762399289577,0
2024-10-23 00:00:00+00:00,1333.2003,1352.0749,1329.6893,1332.1794,17214742,0.0009525950451706183,1
2024-10-24 00:00:00+00:00,1334.4703,1338.3547,1317.8616,1329.9633,22155934,-0.008919344252172487,0
2024-10-25 00:00:00+00:00,1322.5677,1339.0021,1316.741,1338.1555,18597496,0.004895174742283425,1
2024-10-28 00:00:00+00:00,1329.0419,1347.6177,1316.8406,1331.6814,10824350,0.004234253261691791,1
2024-10-29 00:00:00+00:00,1334.6694,1337.8567,1315.0478,1322.8167,12008361,0.002910533499906487,1
2024-10-30 00:00:00+00:00,1338.554,1344.6297,1320.0777,1329.6893,11984423,-0.00881764949340866,0
2024-10-31 00:00:00+00:00,1326.7511,1337.6575,1320.8745,1334.6694,9331650,0.004954734915991511,1
2024-11-01 00:00:00+00:00,1333.3248,1336.6116,1327.6973,1327.7471,2127335,-0.027266199503676893,0
2024-11-04 00:00:00+00:00,1296.9701,1334.6695,1279.9879,1332.528,19796890,0.002419022612780411,1
2024-11-05 00:00:00+00:00,1300.1075,1304.3406,1281.0337,1287.8564,16267479,0.015360499035656628,1
2024-11-06 00:00:00+00:00,1320.0778,1323.0161,1295.0278,1304.7888,21625209,-0.014863972411322987,0
2024-11-07 00:00:00+00:00,1300.4562,1318.7332,1297.4183,1318.7332,9611974,-0.016773344615528075,0
2024-11-08 00:00:00+00:00,1278.6432,1296.472,1269.928,1292.4879,19814406,-0.00860763972310654,0
2024-11-11 00:00:00+00:00,1267.6371,1280.8842,1261.9598,1273.8622,9056552,0.0012179353223411666,1
2024-11-12 00:00:00+00:00,1269.181,1284.1712,1262.4579,1270.4759,10671091,-0.017422022548399266,0
2024-11-13 00:00:00+00:00,1247.0693,1270.3762,1244.5294,1265.1969,14633633,0.01241967868185014,1
2024-11-14 00:00:00+00:00,1262.5575,1267.5376,1246.1231,1248.6132,12612633,-0.005403951899220365,0
2024-11-18 00:00:00+00:00,1255.7347,1267.8364,1238.9518,1262.5575,13620611,-0.015149696826885398,0
2024-11-19 00:00:00+00:00,1236.7107,1276.4021,1230.2366,1255.7347,14183746,-0.015020327712859662,0
2024-11-21 00:00:00+00:00,1218.1349,1239.0015,1212.4078,1236.7107,19433843,0.034668820341655034,1
2024-11-22 00:00:00+00:00,1260.3662,1263.8024,1217.587,1224.5094,20471957,0.0170696421405145,1
2024-11-25 00:00:00+00:00,1281.8802,1299.2608,1277.3483,1284.8683,28923341,0.006759992080383048,1
2024-11-26 00:00:00+00:00,1290.5457,1292.6871,1279.0914,1289.7986,9247557,-0.001929571343347205,0
2024-11-27 00:00:00+00:00,1288.0555,1298.6632,1280.8842,1288.3544,9572746,-0.017321225676999164,0
2024-11-28 00:00:00+00:00,1265.7448,1291.442,1264.0017,1284.8185,15027412,0.016839729462052783,1
2024-11-29 00:00:00+00:00,1287.0596,1294.3306,1270.177,1274.9082,13202307,0.013117263567281488,1
2024-12-02 00:00:00+00:00,1303.9423,1306.1335,1271.97,1282.8764,11024152,0.010808453717622438,1
2024-12-03 00:00:00+00:00,1318.0359,1321.522,1301.8007,1311.7609,16869482,-0.010844165929016136,0
2024-12-04 00:00:00+00:00,1303.7429,1323.1156,1298.8625,1320.7251,19608540,0.010008108193724392,1
2024-12-05 00:00:00+00:00,1316.7909,1324.6594,1300.9541,1309.1215,16858723,-0.00794226327050104,0
2024-12-06 00:00:00+00:00,1306.3326,1318.6335,1304.7888,1318.6335,9037514,-0.01250424279391013,0
2024-12-09 00:00:00+00:00,1289.9979,1309.7689,1287.956,1297.8167,14650002,-0.007952803644098947,0
2024-12-10 00:00:00+00:00,1279.7388,1289.7488,1275.1072,1284.1213,16043729,-0.005175743675193816,0
2024-12-11 00:00:00+00:00,1273.1152,1284.8683,1270.9739,1279.8882,11724373,-0.011969851589235627,0
2024-12-12 00:00:00+00:00,1257.8762,1273.1153,1255.5853,1264.948,20906813,0.007878676772801633,1
2024-12-13 00:00:00+00:00,1267.7866,1270.1272,1234.6689,1254.9878,28630222,-0.0035745763522031042,0
2024-12-16 00:00:00+00:00,1263.2548,1275.9042,1261.5117,1269.9281,9486781,-0.018134583775181366,0
2024-12-17 00:00:00+00:00,1240.3462,1258.8722,1237.8561,1256.0335,17462791,0.006383943450626966,1
2024-12-18 00:00:00+00:00,1248.2645,1254.9378,1235.7147,1235.7147,12670179,-0.01819269874293468,0
2024-12-19 00:00:00+00:00,1225.5552,1239.9478,1224.111,1234.0712,14244653,-0.02043955262072243,0
2024-12-20 00:00:00+00:00,1200.5054,1234.5693,1196.7204,1219.1309,20312896,0.014104309734883276,1
2024-12-23 00:00:00+00:00,1217.4377,1222.3182,1208.3738,1210.1667,10052824,0.00036815025524512883,1
2024-12-24 00:00:00+00:00,1217.8859,1228.643,1216.1428,1217.4377,6734917,-0.005070507836571455,0
2024-12-26 00:00:00+00:00,1211.7106,1222.8161,1209.4197,1219.3799,10016178,0.0036989855498498945,1
2024-12-27 00:00:00+00:00,1216.1927,1223.0155,1212.1588,1213.4537,7000397,-0.008476370562000573,0
