Date,ret_1,ret_5,ret_10,vol_5,vol_chg_1,vol_ratio_5,y
2015-01-15 00:00:00+00:00,0.03509224594515792,0.02636405763963845,-0.026635817511386883,0.021539171800158793,0.4874362051946912,1.3706422043903506,1
2015-01-16 00:00:00+00:00,0.0063058630142911465,0.010925951878879125,-0.017898445832095433,0.019650387295772353,0.13055277976095714,1.4177016629879349,1
2015-01-19 00:00:00+00:00,0.011440840986710832,0.0345169847966984,0.004338890157570274,0.018210886585434852,-0.30292168093756566,0.9429832529373022,1
2015-01-20 00:00:00+00:00,0.026601407606686278,0.0710432880806191,0.0800742474647207,0.017552117959891058,0.0016010540359860936,0.9010218588022171,1
2015-01-21 00:00:00+00:00,0.004097459295793859,0.08599360493784336,0.06139550505498059,0.013516963110144496,0.2786384129711734,1.0697793866964462,0
2015-01-22 00:00:00+00:00,-0.025365207554365665,0.022563115405620282,0.04952202832034214,0.018920451434800405,0.3885047186899173,1.3689107572836205,1
2015-01-23 00:00:00+00:00,0.0035640293202221507,0.019776986349655967,0.030919020629700755,0.018898953697139956,-0.23780548442145222,1.0562553965114145,1
2015-01-27 00:00:00+00:00,0.002424312040205434,0.01068614450918659,0.045571982793443766,0.018444239395192245,-0.007777331747683469,0.994586462837347,1
2015-01-28 00:00:00+00:00,0.020021456441374097,0.004208201438923309,0.07555045398666915,0.016394540494324445,0.07571122565172694,1.003809749905383,1
2015-01-29 00:00:00+00:00,0.024866159009641065,0.024979191737509288,0.11312084742129458,0.019691357650850533,0.8715627102859624,1.5681812490022384,0
2015-01-30 00:00:00+00:00,-0.015224735682719759,0.03564346592862,0.059010808969443884,0.01593231652024543,-0.3978899736369913,0.9606924452843825,0
2015-02-02 00:00:00+00:00,-0.007867148934605828,0.023846884224214993,0.04409549007765512,0.01733078463601812,-0.11238853015668837,0.8436118173195082,1
2015-02-03 00:00:00+00:00,0.03254257594502841,0.054608798402488556,0.06587850042287702,0.021103069227702824,-0.11451122666195579,0.7525841307897049,0
2015-02-04 00:00:00+00:00,-0.009385700401225994,0.024204490584880833,0.028514549395912026,0.021993229904863795,-0.17665458542142842,0.6495238344734772,0
2015-02-05 00:00:00+00:00,-0.00549076511972979,-0.006132834674927645,0.01869316380934216,0.01913802449711224,-0.12131484824656535,0.7309994855662805,0
2015-02-06 00:00:00+00:00,-0.014939750258776807,-0.005845218133655572,0.029589903961572128,0.01908573912034399,-0.26846958140389465,0.629237373966714,0
2015-02-09 00:00:00+00:00,-0.014507394677968466,-0.012498996457236733,0.011049825645543576,0.01989447917173738,-0.02278969215033999,0.7196523352408476,0
2015-02-10 00:00:00+00:00,-0.01639333155794498,-0.0593002217957983,-0.007929737250579438,0.004564329681920308,0.5442854796298333,1.177316854460281,1
2015-02-11 00:00:00+00:00,0.021201956370044517,-0.030253798831608725,-0.0067815860357043345,0.015815488036696877,-0.2834955484605972,0.9109934682538922,1
2015-02-12 00:00:00+00:00,0.009381603817392392,-0.01575174819867986,-0.021787980006063967,0.01727270030111216,-0.10953697205850355,0.8704894367617538,1
2015-02-13 00:00:00+00:00,0.009183894285753835,0.00835201091277371,0.0024579734534782016,0.016472426994374578,-0.1510909882927235,0.7642044299976842,0
2015-02-16 00:00:00+00:00,-0.016021693666602554,0.006802586369082375,-0.005781435591081574,0.01685605012079929,0.6590788348968308,1.183998037142181,0
2015-02-18 00:00:00+00:00,-0.001273369698563287,0.022279114939124378,-0.03834226331397805,0.013957039659871905,-0.1982328088618469,1.0247807862818794,1
2015-02-19 00:00:00+00:00,0.0004431378931100127,0.001498400167272873,-0.028800730961565657,0.010371639789999346,-0.028916925164280016,0.9999478177222783,0
2015-02-20 00:00:00+00:00,-0.03209332132124054,-0.03965260854569408,-0.054779758839141435,0.016253035613097516,0.9597854048897472,1.6201649837915977,0
2015-02-23 00:00:00+00:00,-0.024796502541309717,-0.07198862345658263,-0.06423786231251383,0.014281029394374712,-0.24644371201054172,1.0938095806725787,0
2015-02-24 00:00:00+00:00,-0.011744785949505898,-0.0679549786167063,-0.06161466185887332,0.014313741702483652,0.4141777677037404,1.3822062234412766,1
2015-02-25 00:00:00+00:00,0.002019881139686097,-0.06488160703049939,-0.044047996871842576,0.015094106585588978,-0.2342349812881821,0.9842503991326084,0
2015-02-26 00:00:00+00:00,-0.001363456484122394,-0.06657023836475295,-0.06517158705378112,0.0147013605720505,0.4049749262084954,1.1988453275537216,1
2015-02-27 00:00:00+00:00,0.01609243758110046,-0.020100860234391282,-0.058956417237779446,0.015324522737917937,-0.1304941576672608,1.0430768774961519,1
2015-03-02 00:00:00+00:00,0.010168928643802255,0.015032930845225057,-0.05803789260942338,0.010726236196117822,-0.21864967846195082,0.81070270898223,1
2015-03-03 00:00:00+00:00,0.04229070125825274,0.07053256107266392,-0.0022154562235167097,0.01731222780694805,0.41547442846334137,1.1387814745620997,0
2015-03-04 00:00:00+00:00,-0.014375892948855551,0.053015732957625294,-0.015305620025064526,0.021222427665506825,-0.2985366279133156,0.8059117768191465,0
2015-03-05 00:00:00+00:00,-0.003265976837618645,0.05100961383699887,-0.018956346679777192,0.021504885066287373,-0.2596941692714869,0.6776841258642832,0
2015-03-09 00:00:00+00:00,-0.017289561204972603,0.016480470271300618,-0.0039516615926110665,0.02422150284720615,0.31247383756681857,0.9443082294285234,0
2015-03-10 00:00:00+00:00,-0.012073435808151234,-0.005900864609411749,0.00904335894621311,0.024728973003439694,0.08308826963999794,1.01385847366118,0
2015-03-11 00:00:00+00:00,-0.003724822230574576,-0.0497888049503995,0.017232024196365492,0.006348301199624952,-0.2361935688844602,0.8797982817373191,1
2015-03-12 00:00:00+00:00,0.009171071215841264,-0.02708786977779254,0.024491779909302513,0.010069336190272024,0.012590976199207349,0.9287057878338137,0
2015-03-13 00:00:00+00:00,-0.01585997174895193,-0.03938086884520442,0.009619942079434951,0.010929099269913003,0.09792393387414089,0.9851786934510981,0
2015-03-16 00:00:00+00:00,-0.009410640692074423,-0.03167906628084127,-0.015720681919604518,0.009751354298835791,0.0698687407705394,1.0576429584312392,1
2015-03-17 00:00:00+00:00,0.017515616051569705,-0.0026772159782254557,-0.008562282698619472,0.013636462634780244,0.3778970938562818,1.3766133413081758,1
2015-03-18 00:00:00+00:00,0.013771062226112685,0.014837065803173122,-0.03569045892253686,0.014786112939935564,-0.5139042925982175,0.6928321136795695,0
2015-03-19 00:00:00+00:00,-0.01438989027896953,-0.008856178794185543,-0.035704153554072304,0.01604355460688964,0.5032130387809557,1.009012707556471,0
2015-03-20 00:00:00+00:00,-0.002394030316742346,0.004705595205570123,-0.034860584067263445,0.014076696265879532,-0.25324673553881516,0.7821461411034824,0
2015-03-23 00:00:00+00:00,-0.01422575507298629,-0.0001781361959430905,-0.03185155928842609,0.015096324430198697,0.27350023069049456,1.0049511027114777,1
2015-03-24 00:00:00+00:00,0.0071261623237537375,-0.010386925944408598,-0.013036333878530981,0.012601036084075206,-0.30284847592566166,0.8233847581069401,0
2015-03-25 00:00:00+00:00,-0.0035971143724751187,-0.027341221914079172,-0.012909819619584484,0.009053409193769658,0.11111302341274176,0.8989291498591199,0
2015-03-26 00:00:00+00:00,-0.018463669182730125,-0.03136146964859721,-0.03993990566032635,0.010168528335919292,1.0089103288562495,1.6165460356772725,0
2015-03-27 00:00:00+00:00,-0.02122279881505762,-0.049643508049315166,-0.045171515097209514,0.011723000158652979,0.13120268676933122,1.5205939643579718,0
2015-03-30 00:00:00+00:00,-0.0011704498546005748,-0.03705726517216523,-0.03722880012785845,0.012018024682723076,-0.2570563746044163,1.0726733112634625,1
2015-03-31 00:00:00+00:00,0.018810241015939644,-0.02588577632528899,-0.03600382862799323,0.016030656688583236,0.16761156632423546,1.1023955734977489,1
2015-04-01 00:00:00+00:00,0.01216662706360272,-0.010474656011699168,-0.03752948803128886,0.01785366297553243,-0.27905874829722865,0.7590066955605926,0
2015-04-06 00:00:00+00:00,-0.013635207610764422,-0.0056068941694499275,-0.036792523376729,0.016840756377813525,-0.15453475062019606,0.7022730329755333,1
2015-04-07 00:00:00+00:00,0.009943609246247487,0.026056758469928942,-0.02488029847822726,0.01276341864673099,0.7249301448602314,1.2403478221367867,1
2015-04-08 00:00:00+00:00,0.03968302062958218,0.06802385835313274,0.028445815023941723,0.019133987930938148,0.16665924026815127,1.3308289049854773,1
2015-04-09 00:00:00+00:00,0.033721891003448023,0.08365581542709077,0.055604543375346704,0.021235961238625364,0.09891602764652241,1.3597999898420376,1
2015-04-10 00:00:00+00:00,0.010334106886010996,0.08169386460374106,0.0703634934620514,0.021342318179028097,-0.07160767432089699,1.1403732837334613,1
2015-04-13 00:00:00+00:00,0.020069770602403114,0.11865632354499556,0.11238413592689267,0.013531918325412192,-0.2032078544200877,0.84868865797329,1
2015-04-15 00:00:00+00:00,0.0012466831945485701,0.10902323984203788,0.13792079054013984,0.015935191264785292,0.10179348697167345,0.9276210480812521,1
2015-04-16 00:00:00+00:00,0.005088289951070024,0.07212126151087928,0.14505108634127728,0.013050450961614132,-0.09239069807276812,0.8758608404229743,0
2015-04-17 00:00:00+00:00,-0.001615861823175413,0.03547082731850426,0.1220939837287982,0.008557460365207499,0.18740741452945486,1.070847774299317,0
2015-04-20 00:00:00+00:00,-0.04445164888022557,-0.020677976786883434,0.05932662398095068,0.02414267913043703,0.570544167754164,1.5151537920381692,0
2015-04-21 00:00:00+00:00,-0.010387915045671159,-0.04991899851978532,0.06281412018580435,0.020071757747997934,-0.5294214211153869,0.7274714840699172,1
2015-04-22 00:00:00+00:00,0.0037654039251482363,-0.047528989389825194,0.05631248604251615,0.02045331796118422,-0.1663575329246778,0.646108502852718,0
2015-04-23 00:00:00+00:00,-0.0030686969538255005,-0.055258950666379314,0.012876965612673263,0.019288967704138862,-0.09643417221760697,0.6209818485525189,1
2015-04-24 00:00:00+00:00,0.0021089301308996333,-0.0517342914448613,-0.018098522244642812,0.01981410301426485,-0.04708146414953329,0.6609790336290233,0
2015-04-27 00:00:00+00:00,-0.004095730454890423,-0.011685942729541265,-0.032122277863930404,0.005600253675857428,-0.13115249002860296,0.7937821257337861,0
2015-04-28 00:00:00+00:00,-0.011539020072224848,-0.012835537905706018,-0.06211379922777571,0.006021825220469456,0.33002542351777264,1.1036616851931418,0
2015-04-29 00:00:00+00:00,-0.017568108422548523,-0.03381622239527271,-0.079737960909669,0.007729972721306636,0.11578579992294058,1.202063881533308,1
2015-04-30 00:00:00+00:00,0.014529134964761603,-0.01676114581296384,-0.07109389314975267,0.012442139042070904,1.1236413196029278,1.9414285637621553,1
2015-05-04 00:00:00+00:00,0.03316544953623324,0.013710568026717107,-0.03873302994031291,0.020782223230482445,-0.5667364679117948,0.8194935402873863,1
2015-05-05 00:00:00+00:00,0.0013464287119235863,0.01925003043187634,0.007339132949166327,0.02046442731805213,0.18358939104162997,0.9031508408517064,0
2015-05-06 00:00:00+00:00,-0.013338278092412503,0.017394728271173054,0.004335919671382804,0.020818446357515983,0.257271027702235,1.0529073384248941,0
2015-05-07 00:00:00+00:00,-0.010792470700159429,0.024411497737365062,-0.01023022929439621,0.0192557686656947,-0.25415010860047293,0.7827574893512136,1
2015-05-08 00:00:00+00:00,0.034636416377618495,0.044714640897750346,0.027204026468724996,0.02340145536294646,0.022043394489629442,0.958732220683455,1
2015-05-11 00:00:00+00:00,0.007024452793467528,0.018281428252973297,0.032242645045378326,0.019196089523515564,-0.16898743794229376,0.8045152971484333,0
2015-05-12 00:00:00+00:00,-0.030414463121317348,-0.014016611038126903,0.004963599204713676,0.02467412446365074,0.17139389336166788,0.9553444790603296,1
2015-05-13 00:00:00+00:00,0.018878699996228043,0.01817821777973161,0.035889151209637093,0.02535841291843667,0.0030770199110510266,1.0258157852000882,0
2015-05-14 00:00:00+00:00,-0.007795631505592926,0.021262824699632032,0.04619337983404215,0.024957563687977698,-0.26175722396052936,0.8006328146471242,0
2015-05-15 00:00:00+00:00,-0.004839409790647786,-0.0177027414662132,0.026220327703969648,0.018413175312916284,-0.324257182628663,0.6105871906854566,1
2015-05-18 00:00:00+00:00,0.0201387858430202,-0.004910427072714829,0.013281231560037243,0.021023533829177182,0.18193433164720596,0.7710184008127828,1
2015-05-19 00:00:00+00:00,0.004486382454916171,0.03090845243641782,0.016458609642699296,0.012997292967745768,0.47377273918156204,1.1756503258940307,1
2015-05-20 00:00:00+00:00,0.01485122748469081,0.02683342814342371,0.045499429823723236,0.012107408642282689,-0.39992631452164795,0.8104174516356,0
2015-05-21 00:00:00+00:00,-0.013313651532601,0.02112282294875545,0.04283477852990836,0.013747668587117701,0.23546419400587282,1.031382052830766,1
2015-05-22 00:00:00+00:00,0.007917707307809607,0.03421275391308787,0.015904352909504205,0.012785785574528846,-0.22403177166868826,0.8000538464094799,0
2015-05-25 00:00:00+00:00,-0.010345172678246195,0.003308234714361369,-0.001618437203657841,0.012094065040214977,-0.20741418662343303,0.6759580888511207,0
2015-05-26 00:00:00+00:00,-0.011067274022733109,-0.012227179101608754,0.018303350151115616,0.012858992616758155,0.437171629614753,1.082061510093242,1
2015-05-27 00:00:00+00:00,0.0007914289858126367,-0.025911832032384563,0.00022629282813357854,0.009147410238739785,-0.15057576305310194,0.9325117403815402,0
2015-05-28 00:00:00+00:00,-0.010730838663130848,-0.023361996960547193,-0.002732645337318651,0.008633403598397565,2.285230587469839,2.2454890228809017,1
2015-05-29 00:00:00+00:00,0.0013700665746965157,-0.02970643830118791,0.0034899765486671175,0.00646877014478723,0.10319388905359483,1.8293370114123446,1
2015-06-01 00:00:00+00:00,0.028791497002080613,0.008664575075184144,0.012001474237594456,0.01621979369070746,-0.3307159210256799,1.053495077830559,0
2015-06-02 00:00:00+00:00,-0.003990218057923212,0.015882837207700895,0.00346145581091184,0.015081705243528308,0.029802741274089772,0.9732439894962559,0
2015-06-03 00:00:00+00:00,-0.0025590197357271416,0.012481865482147692,-0.01375339455206126,0.01529102809270158,-0.22957977021610632,0.6994221075685237,1
2015-06-04 00:00:00+00:00,0.018240213525880122,0.042132708864014656,0.017786407687046646,0.014454032173971754,0.02477223006225482,0.7923770689861855,0
2015-06-05 00:00:00+00:00,-0.005423543010627752,0.035062552688549964,0.004314530829237606,0.015554060718685661,-0.17983723333706814,0.7748253761444168,0
2015-06-08 00:00:00+00:00,-0.02456597734154642,-0.018620165102241293,-0.010116925845497837,0.015174901368041909,-0.16985510170141793,0.7176765851981007,0
2015-06-09 00:00:00+00:00,-0.0019764123112974152,-0.016635939257304,-0.0010173279646240596,0.015190652509033778,-0.15613582911256274,0.7090751859973919,1
2015-06-10 00:00:00+00:00,0.025008408030766205,0.01054242843469444,0.02315588309041905,0.019808295706147387,0.47589370236377815,1.0806220458406706,0
2015-06-11 00:00:00+00:00,-0.03162952693783072,-0.03895030222372342,0.0015413248965334692,0.0221633910081499,0.08638879699799662,1.1980284155761771,1
2015-06-12 00:00:00+00:00,0.014478784285107738,-0.019718874113601292,0.014652284512381542,0.02435699234841758,0.467919123155087,1.5448042275206597,1
2015-06-15 00:00:00+00:00,0.013372839004191617,0.018408466883627295,-0.0005544669112662604,0.022045848006370633,-0.40314356448511646,0.896172938293541,1
2015-06-16 00:00:00+00:00,0.0024396772276831236,0.022914756146218185,0.005897608397569698,0.02184154292533462,0.08327014590269366,0.910203684604712,1
2015-06-17 00:00:00+00:00,0.030145799744117907,0.02804165437506989,0.038879709944203755,0.02311731495411121,0.8832694093495692,1.4697673331396925,1
2015-06-18 00:00:00+00:00,0.05127762901552768,0.11605756578168558,0.0725867862954157,0.01895091273909039,0.8818849452937132,1.9917028999622146,1
2015-06-19 00:00:00+00:00,0.01808057317769385,0.12001999831964327,0.09793446496806224,0.018643206413957152,-0.07405511546332988,1.5432639197481903,0
2015-06-22 00:00:00+00:00,-0.004966706489224704,0.09975040264654056,0.11999512151391523,0.022443179133945033,-0.575721061054647,0.6271002676904011,1
2015-06-23 00:00:00+00:00,0.003327820317248209,0.10072476124640972,0.12594760073447553,0.022278341448371486,-0.17462392210614452,0.5107296373687351,0
2015-06-24 00:00:00+00:00,-0.0041205841359367446,0.06411066523735953,0.0939500887287712,0.02345242204677107,0.16214314067070323,0.6239167443636195,1
2015-06-25 00:00:00+00:00,0.013775190126686043,0.02615043085912072,0.1452429519904579,0.010406505932157733,0.46079192371296585,1.0708077504976683,0
2015-06-26 00:00:00+00:00,-0.003832410375715911,0.004063753137184101,0.12457148310152366,0.00796343191988075,-0.2284561193073752,1.026309019791877,0
2015-06-29 00:00:00+00:00,-0.009842940919295495,-0.0008567357298355782,0.09880820718269234,0.009073096094121972,-0.03805302441059666,0.979823119713476,1
2015-06-30 00:00:00+00:00,0.00933529512862763,0.0051256838458166865,0.10636672837382077,0.009997559440280503,0.14953275198416427,1.0529124369175273,1
2015-07-01 00:00:00+00:00,0.00554946434240744,0.014885514137302991,0.07995049958840506,0.00967423602439107,-0.36060586769023095,0.6971532822755157,1
2015-07-02 00:00:00+00:00,0.005170525937068904,0.006271425801833708,0.03258585714777329,0.007875734433424148,0.07467054355338743,0.8378134124469633,0
2015-07-03 00:00:00+00:00,-0.003610840098997925,0.00649524340099128,0.010585391603922911,0.007840349294063216,-0.13182344935429224,0.7863905604950008,1
2015-07-06 00:00:00+00:00,0.008290262275251647,0.024927655305300833,0.024049563162504395,0.005101080548481623,-0.11520149957747383,0.7647707366910147,0
2015-07-07 00:00:00+00:00,-0.012111156706125281,0.003149895526465496,0.00829172474089801,0.008423406367852465,-0.07703501947623792,0.8290601682084325,0
2015-07-08 00:00:00+00:00,-0.006628694657759726,-0.008999202416430374,0.005752353966078427,0.008415975685328477,0.3449008716158364,1.1090386422949357,0
2015-07-09 00:00:00+00:00,-0.00923142323679127,-0.02319812961313472,-0.017072189159911044,0.007891505267432894,0.0694646194956452,1.180652949885472,1
2015-07-10 00:00:00+00:00,0.014583996444090586,-0.005360972122944951,0.0010994504592420906,0.011748025060597432,-0.008327902721350644,1.1332732440847562,1
2015-07-13 00:00:00+00:00,0.005190395901858436,-0.008418869428452047,0.01629892320167614,0.011203060639425853,-0.38796416489965935,0.717606405871963,0
2015-07-14 00:00:00+00:00,-0.009136084348033813,-0.005432677578635858,-0.0022998944189721593,0.010568899034867919,0.008385083214945466,0.7381505038977646,1
2015-07-15 00:00:00+00:00,0.013379295416618753,0.014599402076062917,0.00546881668519128,0.011657612267161076,0.36105907244416047,1.0300190770560413,1
2015-07-16 00:00:00+00:00,0.012411689827334538,0.036763094071287306,0.012712129436907027,0.00988354830144989,0.09764225893453382,1.155060234409586,0
2015-07-17 00:00:00+00:00,-0.0019533917923282296,0.01986419377723725,0.014396730265207713,0.00959351342825848,-0.3136569591488523,0.8730881797530529,1
2015-07-20 00:00:00+00:00,0.0029848319225245223,0.017626432912451584,0.009059168846820231,0.0095745398943128,-0.37731578432159163,0.5784521741764154,0
2015-07-21 00:00:00+00:00,-0.016540657194789588,0.010021867911891968,0.004534744756155007,0.012229379996262064,0.24809328528308283,0.7495489464949132,1
2015-07-22 00:00:00+00:00,0.042270599979851164,0.038817452677979425,0.05398356635325663,0.021910420140556802,1.1846146157086825,1.5282770688742329,0
2015-07-23 00:00:00+00:00,-0.004855345757207363,0.021100057569381825,0.05863885504200206,0.0223647122372514,0.07703744315240701,1.5427975208339852,0
2015-07-24 00:00:00+00:00,-0.01937221108902132,0.0032788884572647614,0.023208214710190855,0.024820032759700565,-0.2973382113258576,1.0343411490839507,0
2015-07-27 00:00:00+00:00,-0.019218691119206155,-0.018931144245267206,-0.0016383998768106922,0.02629561989418771,0.5358067962659194,1.3048081878322166,1
2015-07-28 00:00:00+00:00,0.004874148011046575,0.002431608158480536,0.012477845326150039,0.025377353064482515,-0.3347991776545759,0.8105583715762333,0
2015-07-29 00:00:00+00:00,-0.014105662273588893,-0.05178976893281684,-0.014982663159590515,0.010439740580777948,0.10520479974486796,0.9240240039989589,1
2015-07-30 00:00:00+00:00,0.004166489047212174,-0.043193434693290955,-0.02300476108255689,0.012283722043435657,-0.2088858353434201,0.800432664382312,1
2015-07-31 00:00:00+00:00,0.0016999174958609586,-0.02263318624531141,-0.01942850948117769,0.011295229876165833,0.421582333067948,1.08539408946935,1
2015-08-03 00:00:00+00:00,0.0005988443225872775,-0.0028846436335859815,-0.0217611782741296,0.0077750329479996895,-0.4055769481526048,0.7445962182643477,0
2015-08-04 00:00:00+00:00,-0.01441476363489047,-0.0220246225531624,-0.019646569646569634,0.009084009778016584,0.21431337467119782,0.9233077078044687,0
2015-08-05 00:00:00+00:00,-0.0002531720070233501,-0.008283399098866995,-0.05964417270637523,0.007331450473868654,0.19473331605433963,1.1107220553985189,0
2015-08-06 00:00:00+00:00,-0.008909052256815042,-0.021196826820674364,-0.06347469775898151,0.007069591074105472,-0.3929570631181156,0.7070281859307348,1
2015-08-07 00:00:00+00:00,0.0055161470224545095,-0.017467828240392724,-0.03970566187583824,0.008015967605308132,-0.011385918548577623,0.8037187727061209,0
2015-08-10 00:00:00+00:00,-0.01569579470099325,-0.03346825354441785,-0.03625635319348963,0.009166576228332701,0.07898883107783483,0.8770106919860438,0
2015-08-11 00:00:00+00:00,-0.002992688561289869,-0.022266991835436345,-0.04380119229802881,0.008145717029447873,-0.05667305494066355,0.8812998969913339,0
2015-08-12 00:00:00+00:00,-0.023913046593988962,-0.045405890309513475,-0.05331317429750748,0.011334123606984405,0.10132549474668306,1.0718151258697293,0
2015-08-13 00:00:00+00:00,-0.010128661508198578,-0.046580587556164565,-0.06679005372920555,0.01133944904770418,-0.03212067987347578,1.0230187907928519,1
2015-08-14 00:00:00+00:00,0.0359994640082002,-0.0176766398115642,-0.03483569554386112,0.023290103578442314,0.36390670585149376,1.2795307339594855,0
2015-08-17 00:00:00+00:00,-0.016805355033469027,-0.018783967229512477,-0.05162355419612297,0.023441981357673388,-0.147726032833973,1.0571999750340482,0
2015-08-18 00:00:00+00:00,-0.006942185829804992,-0.022670909678969675,-0.04443308855368244,0.023484249756120613,-0.38932749278604606,0.6735706722394467,1
2015-08-19 00:00:00+00:00,0.011121794699451959,0.012408515828542077,-0.03356079418958613,0.021317675228486446,0.33889152492167063,0.9162285767931478,0
2015-08-20 00:00:00+00:00,-0.040121539402407036,-0.018267233446679354,-0.06399692253587186,0.028739822749722792,1.1412018611969543,1.6354555468817689,0
2015-08-21 00:00:00+00:00,-0.009112680844634236,-0.06101635862496868,-0.07761443424250603,0.018585989390920824,0.054841605049471776,1.5323598477431792,0
2015-08-24 00:00:00+00:00,-0.08634876195878582,-0.12743262909863717,-0.14382290599919023,0.03829949909795467,0.777295762040298,1.9753291131878685,1
2015-08-25 00:00:00+00:00,0.022422240655220804,-0.10163106946086775,-0.12199791034351304,0.043854730150945466,0.389176013518576,1.8600015269483847,1
2015-08-26 00:00:00+00:00,0.006189448826181332,-0.10601339640748086,-0.09492034948629857,0.0430156431643064,-0.6170933180953206,0.6620668006449023,1
2015-08-27 00:00:00+00:00,0.01845574795314686,-0.05145720797290321,-0.06878446058902721,0.04458821166560002,0.42425811168939487,0.8931093959440786,1
2015-08-28 00:00:00+00:00,0.0037391653409850623,-0.0391545719133346,-0.09778186113663212,0.04499756054127658,-0.6010668895609994,0.37959848657069395,0
2015-08-31 00:00:00+00:00,-0.018912899727563603,0.031764655485587934,-0.09971582717399008,0.01620122109604951,0.9227974557610967,0.8157206274010138,0
2015-09-01 00:00:00+00:00,-0.018752311821753298,-0.009786130737483023,-0.11042262526561653,0.016469861932250734,0.045234276091941306,1.092357273488822,1
2015-09-02 00:00:00+00:00,0.011549493905990582,-0.0045111887431186215,-0.11004633871010627,0.01727902798812797,-0.09208883835382331,0.9848366172096736,1
2015-09-03 00:00:00+00:00,0.005061825103567008,-0.01760306864304728,-0.06815447185182388,0.014338595289309143,-0.40668842519698256,0.6904526677814992,0
2015-09-04 00:00:00+00:00,-0.02102255161186406,-0.0418382839156769,-0.0793546957327047,0.015461420563885102,0.3893635991422968,0.9013297927800674,0
2015-09-07 00:00:00+00:00,-0.0032303461511069553,-0.026522189714428657,0.004399997552157142,0.014350238692392658,-0.3682305419603481,0.6445581689735035,1
2015-09-08 00:00:00+00:00,0.01848333619510245,0.010418612829840246,0.0005305241851012443,0.01524402072461019,0.2604719680715468,0.9130179276102699,1
2015-09-09 00:00:00+00:00,0.029990537204015677,0.028839039611307404,0.024197752517331805,0.019669611338069434,0.3441910789593059,1.2687869164534473,0
2015-09-10 00:00:00+00:00,-0.008065785041231677,0.015400863494754002,-0.002473307605553643,0.020653738783304135,-0.36136316112838396,0.8172975262785396,0
2015-09-11 00:00:00+00:00,-0.006978415351449163,0.029967519865993886,-0.013124553654085158,0.017196340276264394,-0.03969269322435898,0.855095857951931,1
2015-09-14 00:00:00+00:00,0.0033684616786560095,0.03678610398745996,0.009288266244221077,0.016548014976542173,-0.25113332762254004,0.6646200493159641,1
2015-09-15 00:00:00+00:00,0.0036467103744797225,0.02168285493642541,0.032327373036893814,0.015340884485984009,0.44521395587583834,0.9833426210088605,1
2015-09-16 00:00:00+00:00,0.006401405264418569,-0.0017160121356377678,0.02707353933371648,0.006686709911627018,0.16638212623898885,1.2292002202611307,1
2015-09-18 00:00:00+00:00,0.026187458877142467,0.032756500678678746,0.0486618425689509,0.012116291472364192,1.5520994671731319,2.202035602384869,0
2015-09-21 00:00:00+00:00,-0.01932132350060911,0.019919701534140355,0.050484165451583296,0.0161434342489933,-0.6283815808979263,0.7968343161333761,0
2015-09-22 00:00:00+00:00,-0.034392161458894455,-0.01846380856319818,0.01764308384245128,0.02363841327845743,0.23667080918619865,0.8979610011720381,1
2015-09-23 00:00:00+00:00,0.0028896244032563523,-0.01920421579325582,0.0020622369179565947,0.023583586526302484,-0.033296065599341174,0.8328074004515063,0
2015-09-24 00:00:00+00:00,-0.015287869347846428,-0.04034165557715863,-0.04198844094225429,0.02326583712793242,0.9102874532068961,1.3582626432482865,0
2015-09-28 00:00:00+00:00,-0.0037020441434456597,-0.06829338187845713,-0.03777393340962931,0.01446647600062316,-0.6002116381954634,0.6886586174656216,1
2015-09-29 00:00:00+00:00,0.007791176122401877,-0.042534796586536805,-0.023462375505215682,0.01684204142108312,0.3637817914173507,0.9056861966715614,1
2015-09-30 00:00:00+00:00,0.025631665907331902,0.016982870715841925,-0.0017945063211071144,0.015111622709859133,0.09074031800354643,0.9707160696728577,1
2015-10-01 00:00:00+00:00,0.002783568330153363,0.01687532427498084,-0.002652968887232876,0.015112705766635379,-0.49899473861353383,0.5249872728327138,1
2015-10-05 00:00:00+00:00,0.02694557087549221,0.06048821568306484,0.017706365342343267,0.013769013143679017,0.8486304384436907,1.153035104138026,1
2015-10-06 00:00:00+00:00,0.01131770706383528,0.07647567110659703,0.002959507016845775,0.01084481861439515,-0.230098232877181,0.878794530764131,1
2015-10-07 00:00:00+00:00,0.017538143715344345,0.08688692864631653,0.04065641422377975,0.010099285765230509,-0.0661057230265556,0.874797675530579,0
2015-10-08 00:00:00+00:00,-0.027030016292452053,0.031080057694417684,0.04859075701192461,0.020621393796507924,-0.06617710466113846,0.907018688847202,0
2015-10-09 00:00:00+00:00,-0.0019682985585015578,0.02619410289774149,0.043511461153213915,0.020931766773784024,-0.13254498751946986,0.7780759404783153,1
2015-10-12 00:00:00+00:00,0.004958535843286649,0.004223156890330371,0.06496682379824104,0.017249066108024323,-0.33399661423349136,0.6195184529569474,1
2015-10-13 00:00:00+00:00,0.0020747521450059647,-0.0049549572697886735,0.07114178015429684,0.01633290145885037,-0.008021704994611634,0.7007501892888042,1
2015-10-14 00:00:00+00:00,0.010463319506189173,-0.011873389567376269,0.07398189672680955,0.014546570513559277,0.29858138523902644,0.9889855213599394,1
2015-10-15 00:00:00+00:00,0.0008305444078038349,0.01642117436623325,0.04801160310736341,0.004727957168403067,0.1306941117915994,1.167428233147358,1
2015-10-16 00:00:00+00:00,0.012282877968392114,0.030934939370535375,0.057939355253284086,0.005063023768558642,0.6850275814341373,1.7065061689671936,1
2015-10-19 00:00:00+00:00,0.05323563167652523,0.08045991288007581,0.08502286460588104,0.02153335381672531,1.1975469168065582,2.327881313417081,0
2015-10-20 00:00:00+00:00,-0.007057837384744303,0.07061294600803181,0.06530810460807945,0.023301000168779732,-0.4600378053328291,1.078236680642345,0
2015-10-21 00:00:00+00:00,-0.0017771217284969776,0.05764387073560173,0.04508605303481006,0.024377183912648197,-0.20381751054823172,0.7976096776777476,1
2015-10-23 00:00:00+00:00,0.0006808963863200734,0.05748572776766925,0.07485088529314532,0.02439364910801502,-0.15627309616125573,0.6505936448827627,0
2015-10-26 00:00:00+00:00,-0.013394245535412574,0.0306620086014453,0.06254547534904531,0.026767778440257056,-0.09994279800372274,0.613886808168195,0
2015-10-27 00:00:00+00:00,-0.003499748409694803,-0.024857382349419255,0.05360250771239561,0.00546826923855597,0.06061218006586655,0.8633531248688427,0
2015-10-28 00:00:00+00:00,-0.0027673890170906157,-0.02064384483469739,0.04851137847262388,0.005402745028900349,0.030764972808525082,0.9793056743604175,1
2015-10-29 00:00:00+00:00,0.004322684241116814,-0.014659327096535057,0.04213952328284298,0.006623659854006664,0.11051803423558382,1.107933772293856,1
2015-10-30 00:00:00+00:00,0.007120170907642942,-0.008318765272318118,0.04868875221954361,0.007987272489473384,0.006473985462165155,1.0929864617073084,1
2015-11-02 00:00:00+00:00,0.012767383129601129,0.017977448893883752,0.04919068218794531,0.006853907864306077,-0.45968501968262265,0.6287768388650326,1
2015-11-03 00:00:00+00:00,0.007710128035727681,0.02942892761465221,0.0038400191593819244,0.0056902065872832175,0.5748342159089588,0.9941710144610322,0
2015-11-04 00:00:00+00:00,-0.01643932746340593,0.015315581562589387,-0.005644435761439248,0.011337477164007992,-0.11784696068640832,0.9075619477955276,0
2015-11-05 00:00:00+00:00,-0.015452279468339158,-0.004675830653909974,-0.019266613219441453,0.013950679644174851,0.0731838248405019,1.0203686833578185,1
2015-11-06 00:00:00+00:00,0.016869495462344064,0.004959303905403001,-0.003400716652018243,0.015891068045506513,-0.22291843550016555,0.8758998025203274,1
2015-11-09 00:00:00+00:00,0.009292057268069254,0.0015107715801843113,0.019515380292941087,0.015318359650214362,1.035533912818999,1.4791381044034282,0
2015-11-10 00:00:00+00:00,-0.04005187063643789,-0.0459573988902392,-0.017880948240885597,0.022720596640227114,-0.325596465743083,0.9955868144114853,1
2015-11-13 00:00:00+00:00,0.011162063986564386,-0.01918436492450948,-0.004162603067647819,0.02383449601554396,0.19119271253129178,1.115378202923412,1
2015-11-16 00:00:00+00:00,0.0013399156876974239,-0.002455823267447199,-0.00712017090764272,0.022918748312169165,0.12163329282607926,1.1641342683517046,0
2015-11-17 00:00:00+00:00,-0.007010696090547719,-0.025882178497047437,-0.021051232180545165,0.02084665354691109,-0.4403861089551795,0.6492892086666853,0
2015-11-18 00:00:00+00:00,-0.016976697333960122,-0.05123545639342553,-0.049802089884658174,0.019600249766395714,0.3098551467826218,0.9319603037317078,1
2015-11-19 00:00:00+00:00,0.02494538642425681,0.013004569754397677,-0.03355048533544036,0.016200179702025558,0.08302654174662027,0.9978146892808618,1
2015-11-20 00:00:00+00:00,0.012944264813846695,0.014790018048550735,-0.004678083979442249,0.01645079793589687,-0.07214365414161095,0.9633542136998166,1
2015-11-23 00:00:00+00:00,0.007287718157540812,0.02081771202255589,0.018310764133548707,0.016511300880621756,-0.07118976775579833,0.9753500608795067,1
2015-11-24 00:00:00+00:00,0.014626276781009473,0.04306105850662956,0.01606436600704164,0.015638444989663186,0.41017686813593435,1.2329769839592983,1
2015-11-26 00:00:00+00:00,0.02164961728306758,0.0840464598713564,0.028504844748170166,0.007047059789381655,0.607830948382621,1.6395425986079806,0
2015-11-27 00:00:00+00:00,-0.009710369397352259,0.04739236111625389,0.06101324813661346,0.011827813175920765,-0.5424706924707681,0.7637233873223981,0
2015-11-30 00:00:00+00:00,-0.01220583715620105,0.021386957265565387,0.03649328879807734,0.014876965727315951,1.7469315628619673,1.6636089440929136,0
2015-12-01 00:00:00+00:00,-0.001240724392164494,0.012739140133444682,0.03382205190671361,0.014941766912349023,-0.5661188524227164,0.7024217296370093,1
2015-12-02 00:00:00+00:00,0.01247569220478284,0.010592555499916667,0.05410974065866281,0.014535309512159741,-0.4165775454210219,0.4446083534776914,0
2015-12-03 00:00:00+00:00,-0.0007673209973663164,-0.01158176978740999,0.07149128333426957,0.009680275112558005,0.5001258313717019,0.7810937767930911,0
2015-12-04 00:00:00+00:00,-0.012023981845959986,-0.013891010085583244,0.03284302326442523,0.010166737406538588,0.18327793373965084,0.8929206895468402,0
2015-12-07 00:00:00+00:00,-0.0138797069754657,-0.01556202428956599,0.005492108627552783,0.010575197410832241,0.07737616344562603,1.2101387977096918,0
2015-12-08 00:00:00+00:00,-0.011711446630268796,-0.025882605891206056,-0.01347318790122809,0.011139793289264462,-0.4799633165328504,0.692360870483464,0
2015-12-09 00:00:00+00:00,-0.026570314879641233,-0.06344932967951367,-0.053528864725659875,0.009181207722720365,0.21803229457032525,0.8192092857337387,1
2015-12-10 00:00:00+00:00,0.03761347329044318,-0.027476168099611176,-0.03873971523345132,0.024768535485229188,1.0265264754095056,1.470288360477619,1
2015-12-11 00:00:00+00:00,0.002735939582062752,-0.012947095448081258,-0.026658257300216204,0.024648223503474804,-0.023487802924699097,1.336178384334188,1
2015-12-14 00:00:00+00:00,0.0022558102368648303,0.003203681737559805,-0.012408198325022046,0.023805191498541062,-0.41814367900262583,0.8250700710902535,1
2015-12-15 00:00:00+00:00,0.02177770218424513,0.03719824463563737,0.010352851238682348,0.024091692874087762,0.4879763155652741,1.088488452052845,1
2015-12-16 00:00:00+00:00,0.002818003062491581,0.06851176655541047,0.0007154112127967238,0.015861619695775698,-0.23039210353593043,0.8051174194709076,1
2015-12-17 00:00:00+00:00,0.03172721386679189,0.06245022474136275,0.03325816376889956,0.013688515929394466,0.6010986879923501,1.2758797172493437,0
2015-12-18 00:00:00+00:00,-0.01762866585887468,0.04087287942699125,0.027396598907730718,0.01916574126685268,-0.17310586300853859,1.085615566746192,1
2015-12-21 00:00:00+00:00,0.00020146206557725144,0.03873937690742135,0.04206716727930404,0.01934593410970553,-0.23004108543263768,0.8163154434351314,0
2015-12-22 00:00:00+00:00,-0.004838302272713646,0.011681542481904339,0.04931431999250524,0.018156394170113475,-0.06102060458641412,0.8109469405186505,1
2015-12-23 00:00:00+00:00,0.016712319802554054,0.025698665976288337,0.09597109353585176,0.01925565763967721,0.11574038689980393,0.8945056173669974,0
2015-12-24 00:00:00+00:00,-0.0032375924854015636,-0.00906183539417793,0.05282247569024934,0.012334379756314922,-0.07876408523664324,0.9190847409058512,1
2015-12-28 00:00:00+00:00,0.00984441643131495,0.018650827622915145,0.06028602007855133,0.009224156274172796,0.08268090822985319,1.0456252259372516,1
2015-12-29 00:00:00+00:00,0.00494844645090331,0.02348537321819899,0.06313455885053165,0.009011189679602277,0.1573758520433326,1.1615086479332708,0
2015-12-30 00:00:00+00:00,-0.010734439652978378,0.017421423629938593,0.029306475212071303,0.010781108668429226,-0.4534208760033446,0.6706631502446679,1
2015-12-31 00:00:00+00:00,0.01005471861949192,0.010759179117206585,0.03673434164380729,0.009007659360814574,1.267492311334816,1.393167584216381,1
2016-01-01 00:00:00+00:00,0.0007391487280956621,0.014791762663910246,0.0055958867512821975,0.008575451184890235,-0.7069548742722851,0.4524986679574127,0
2016-01-04 00:00:00+00:00,-0.01974682968955943,-0.014944454442228583,0.00342764673696605,0.012122798201971454,4.570128616639115,1.9556803841574664,1
2016-01-05 00:00:00+00:00,0.00989634410696194,-0.010094500156348829,0.013153799958227186,0.01309173258760584,-0.5046148534880261,0.9684086387407722,1
2016-01-06 00:00:00+00:00,0.026911411305244437,0.02757570327898229,0.04547753491763751,0.01701884819747062,0.790407874516124,1.3969832630009242,0
2016-01-07 00:00:00+00:00,-0.018358579118138985,-0.001330467710572103,0.00941439666622701,0.019682608760644663,-0.2623302196154659,1.0171709673009506,1
2016-01-08 00:00:00+00:00,0.012336316640477296,0.010242716240170813,0.02518598673173944,0.020475294174661804,0.07969911564587595,0.9436448580553197,1
2016-01-11 00:00:00+00:00,0.025201168882880154,0.05656583922787828,0.04077603917832229,0.018163022004792025,0.36143067964597897,1.297976488411326,0
2016-01-12 00:00:00+00:00,-0.005848204724907102,0.04009370072883445,0.029594474704209617,0.0197412073718311,-0.19447821361150297,0.9722473995744493,1
2016-01-13 00:00:00+00:00,0.030035023718482323,0.04325741043033404,0.07202596722396049,0.020521378906862252,2.071971842151864,2.172598802466524,0
2016-01-14 00:00:00+00:00,-0.014115261204760032,0.04776707430939853,0.04637305404882919,0.019167056160573594,-0.6125031189784358,0.8026140746195763,1
2016-01-15 00:00:00+00:00,0.010973624438962437,0.046356689244972715,0.0570742238989137,0.019126677020157107,0.03393316991808515,0.7956325662010448,0
2016-01-18 00:00:00+00:00,-0.052595188739240184,-0.033045033721750716,0.02165158544134327,0.03091576651492672,-0.05258220456978302,0.7612146858219786,1
2016-01-19 00:00:00+00:00,0.026307214015022673,-0.00176928489636341,0.038253478653332174,0.03420531305561691,-0.21153637932641922,0.6065738259414768,0
2016-01-20 00:00:00+00:00,-0.03741895198986078,-0.0671404896199087,-0.02678740290555659,0.032727726395632095,1.0993793892453065,1.499322367098168,0
2016-01-21 00:00:00+00:00,-0.020257748203930892,-0.07295260658356606,-0.02867026485390911,0.03287764993647784,-0.2958181371840035,1.0288155290550978,1
2016-01-22 00:00:00+00:00,0.020270533240364097,-0.06442748301671475,-0.021057438580783572,0.03488690119192375,-0.25452699092774544,0.7930725039849447,0
2016-01-25 00:00:00+00:00,-0.00019946392920033862,-0.01268613701863075,-0.045311956914802054,0.02687018467795907,-0.44687080600108564,0.484614885300306,0
2016-01-27 00:00:00+00:00,-0.0045816903389632735,-0.042401453314312,-0.04409571795974254,0.021717081445330903,0.31691619660013104,0.6588582347146894,1
2016-01-28 00:00:00+00:00,0.017561400016901985,0.012294310005338316,-0.05567162560786776,0.01671805158790458,0.33758017203380586,1.0596701168513034,1
2016-01-29 00:00:00+00:00,0.01819230582461495,0.05202187186269547,-0.024725865872610497,0.01168458603882387,-0.16890712844707,0.9958537586255876,0
2016-02-01 00:00:00+00:00,-0.0049256868036967605,0.0260415326183272,-0.040063740798884084,0.011715043657766815,-0.48278016930867196,0.600985526179413,0
2016-02-02 00:00:00+00:00,-0.0282925732387187,-0.0027889149479773945,-0.0154396714094448,0.019262978194876254,0.48921901813010016,0.8772281804435035,0
2016-02-03 00:00:00+00:00,-0.019727279977098888,-0.017961782204097054,-0.0596016298488401,0.02117869563701009,0.062296501203450205,0.9494638497221013,0
2016-02-04 00:00:00+00:00,-0.008508203011846516,-0.04312129247696461,-0.03135712900916898,0.017627654311618567,0.16010639660585202,1.1704729758412,0
2016-02-05 00:00:00+00:00,-0.0022096874328592087,-0.06229471662034858,-0.013513532523399818,0.010960878472987953,0.15351863107143005,1.3192644820449158,0
2016-02-08 00:00:00+00:00,-0.010145052914177444,-0.06721317056171261,-0.042921971916949464,0.010257456783311181,-0.4248081901843588,0.7387850870021924,0
2016-02-09 00:00:00+00:00,-0.0036937421036178364,-0.04359961665601053,-0.046266935981369994,0.006906332649911767,0.6230597336834984,1.1321647625239863,1
2016-02-10 00:00:00+00:00,0.005378481927211576,-0.01910524909994471,-0.03672386698075347,0.006107483853322528,-0.13875812138387167,0.9618263518253791,0
2016-02-11 00:00:00+00:00,-0.03957844737160021,-0.04984341525950664,-0.09081539524901527,0.01740580943913655,0.013710726840348686,0.9872629321486417,0
2016-02-12 00:00:00+00:00,-0.01946887989174151,-0.0662786673917094,-0.12444457320891711,0.01717213132196646,0.7131021962060629,1.5431416323361307,1
2016-02-15 00:00:00+00:00,0.044343975711024664,-0.014879653253081382,-0.08109271514279548,0.03130716336058838,-0.34229606154383896,0.9433778937942339,0
2016-02-16 00:00:00+00:00,-0.017111269806064477,-0.028146537243782244,-0.07051897566576981,0.03199151720010307,-0.3245603513424389,0.6810309578920047,1
2016-02-17 00:00:00+00:00,0.023695763438129847,-0.010440057759019128,-0.02934584695486009,0.03447093177936824,0.18559629373253728,0.8197822833388425,0
2016-02-18 00:00:00+00:00,-0.013121744695467452,0.01681931923062896,-0.03386242834167208,0.028742977834532148,-0.06534901941890359,0.7886661709824291,1
2016-02-19 00:00:00+00:00,0.004520271019898381,0.04169627784893515,-0.027345963273796126,0.02576320565579133,-0.29083064489253063,0.7066844437227204,1
2016-02-22 00:00:00+00:00,0.019008392897460258,0.016424927673285517,0.0013008771917186746,0.018374405919835975,0.24769969780674184,0.9688599611743917,0
2016-02-23 00:00:00+00:00,-0.013145816847708769,0.020525682023773584,-0.008198582093544737,0.01732336352346774,0.48696529921225196,1.3210942422853074,1
2016-02-24 00:00:00+00:00,0.0031588068263272984,5.2322260554182876e-05,-0.010388281745887129,0.013570992326491912,-0.20029624344917618,1.0602608390944883,0
2016-02-25 00:00:00+00:00,-0.00897473596807341,0.004254690370271597,0.0211455705964656,0.012658168801427247,0.6348363290786823,1.5136674888255948,1
2016-02-26 00:00:00+00:00,0.0066201857249770235,0.006354049888234847,0.048315267966775766,0.012841271110781467,-0.6636961322446351,0.5210353282885597,1
2016-02-29 00:00:00+00:00,0.017151340095646228,0.004520058508980185,0.02101922781635479,0.012213772723456952,2.7167156402338755,1.5770923598042232,1
2016-03-01 00:00:00+00:00,0.01515534177577793,0.03332784186915827,0.05453760057767698,0.01047540939108648,-0.4698052061988338,0.8582950760144887,1
2016-03-02 00:00:00+00:00,0.020585340205303115,0.05127846145722459,0.051333466722800036,0.01184456220854165,0.22201011208037924,0.997637768911107,1
2016-03-03 00:00:00+00:00,0.01133270970328426,0.07282057649337914,0.0773850958692146,0.005386691558359702,-0.21016188875670594,0.8647474156153164,0
2016-03-04 00:00:00+00:00,-0.006368117855745092,0.05897809694375056,0.06570689660227891,0.010572544183786694,-0.4340428069490938,0.4860315741472081,1
2016-03-08 00:00:00+00:00,0.020469049716445253,0.062432235656397994,0.06723449152339178,0.01110119671485159,0.47123867614039705,0.8856627593488576,1
2016-03-09 00:00:00+00:00,0.01431329268643422,0.061550971420563094,0.09693017433211892,0.011052094159404604,-0.10346311156634502,0.8461503158083469,0
2016-03-10 00:00:00+00:00,-0.028751158517027475,0.010234137754655315,0.06203739005027997,0.01997049872525005,0.746649170667895,1.4653686898468483,1
2016-03-11 00:00:00+00:00,0.002718151128108026,0.0016289368441819718,0.07456813345762558,0.019347407393770288,-0.2601766230876099,1.0927975567060004,1
2016-03-14 00:00:00+00:00,0.005175006755349099,0.013264964068992358,0.0730254033495592,0.019012318648869,-0.2244884863572426,0.8138903695150566,1
2016-03-15 00:00:00+00:00,0.0007354159105081859,-0.006329358517155104,0.05570772113674605,0.01627467177733539,-0.11719662174418644,0.7464811081727512,1
2016-03-16 00:00:00+00:00,0.0012250939396969418,-0.01915119466807491,0.041221002116803795,0.014066065696254858,0.05495353262289426,0.7964685955964755,1
2016-03-17 00:00:00+00:00,0.0055682828297427545,0.01550746499451039,0.02590030828214518,0.002216370570981403,0.5214028144465777,1.2833147869040664,1
2016-03-18 00:00:00+00:00,0.011023691368982291,0.023918939451147203,0.025586838737075013,0.004145816196407513,-0.16645984075206577,1.0911239905046641,1
2016-03-21 00:00:00+00:00,0.009832338000335783,0.028663117964332407,0.04230829726322716,0.004746169054939207,-0.09428458270802054,0.9756833455799767,1
2016-03-22 00:00:00+00:00,0.010170838229645929,0.038361856299963026,0.03178969184090197,0.00412538011160769,0.2065905502281462,1.0957213845705982,0
2016-03-23 00:00:00+00:00,-0.01779854160578409,0.018632608962731112,-0.0008754224267631949,0.01223492897978466,0.09605997140107214,1.109890254452063,0
2016-03-28 00:00:00+00:00,-0.008550385328260579,0.004330511306672724,0.019905131553679567,0.013296269580475549,0.07520171515898855,1.1741682720242614,1
2016-03-29 00:00:00+00:00,0.015533085234512356,0.008810052078381592,0.032939718631753045,0.01426896376010529,-0.12169124483128058,1.0071947769406175,1
2016-03-30 00:00:00+00:00,0.010422483603943933,0.009399600258516605,0.03833214007387653,0.014353816571481302,-0.08934116720485152,0.897334459905046,0
2016-03-31 00:00:00+00:00,-0.0017669615670604655,-0.0025290853526021007,0.03573575053849409,0.013619754319573641,1.1333094725672916,1.6053265958938405,0
2016-04-01 00:00:00+00:00,-0.010285205302408396,0.005101054442582242,0.02382870935803938,0.011469422767731463,-0.5984504959224507,0.6757568769066101,1
2016-04-04 00:00:00+00:00,0.0005801323848866335,0.0143572918199395,0.01874997754117147,0.010212669861222597,-0.3027633373275882,0.5252770066710537,0
2016-04-05 00:00:00+00:00,-0.007825703173534482,-0.008974451571079567,-0.00024346487841420128,0.008114183917771517,0.18846384992275755,0.6700312730612148,1
2016-04-06 00:00:00+00:00,0.006621368801354555,-0.012702596919193065,-0.003422395993961991,0.006748893323379829,-0.31860379092733127,0.5058649244936586,1
2016-04-07 00:00:00+00:00,0.003386029427995041,-0.007606056901339531,-0.010115905886841414,0.0072689598474912015,0.2572505132116141,0.933961705368632,0
2016-04-08 00:00:00+00:00,-0.0008680693047526944,0.0018365711926109363,0.006946994084834346,0.0054065280952157735,0.5259418900298014,1.3946239103311369,1
2016-04-11 00:00:00+00:00,0.003811726431125706,0.005072223184874547,0.019502338393255103,0.00562535123250941,-0.23139340781129858,1.035817303982158,1
2016-04-12 00:00:00+00:00,0.0068250522144130965,0.019913433379697754,0.0107602696651381,0.003120615900697894,0.08308769939275495,1.1018333672950331,1
2016-04-13 00:00:00+00:00,0.017805752339439485,0.03124550258477221,0.01814600664070709,0.007047406440693823,0.4365198879806722,1.3429762996557666,0
2016-04-18 00:00:00+00:00,-0.0012191953054131455,0.026512411675158276,0.01870469986202572,0.0077697390699720745,0.1887437149835689,1.3620464177131253,0
2016-04-20 00:00:00+00:00,-0.025780939592022545,0.0009168223694089317,0.002755077371572323,0.016154585994650687,0.13753577363682545,1.385537585875099,1
2016-04-21 00:00:00+00:00,0.003711445250683232,0.0008168303910038865,0.005893196721925786,0.016149179614667993,-0.47525213789381693,0.7172309075372293,0
2016-04-22 00:00:00+00:00,-0.0021127331622399215,-0.008067618810675414,0.011685160579303133,0.015731240614625417,0.0285035266293443,0.7326855026972642,0
2016-04-25 00:00:00+00:00,-0.021223455306962014,-0.04610467528008744,-0.016299736445949398,0.013229143528636009,4.224868811312551,2.446360903221196,1
2016-04-26 00:00:00+00:00,4.891691663666542e-05,-0.04489355236488146,-0.019571377031581294,0.01343396366557193,-0.5678499450533854,0.9983808008942365,1
2016-04-27 00:00:00+00:00,0.0024093768693536077,-0.017256284621567697,-0.01635528319991264,0.010192443462802105,-0.4512652200767362,0.5792936788080355,0
2016-04-28 00:00:00+00:00,-0.022267974962238313,-0.042692989627006184,-0.04191103216741243,0.01208569073089331,3.271569088692191,1.7624839196793012,0
2016-04-29 00:00:00+00:00,-0.014046671138573386,-0.054141620014187986,-0.06177244487279643,0.011647501689133833,-0.6209839143090418,0.6260642504047103,1
2016-05-02 00:00:00+00:00,0.004325399718668077,-0.029452022826697566,-0.07419882215801843,0.011654106778689914,-0.5476568249652465,0.38767555723944924,0
2016-05-03 00:00:00+00:00,-0.011297760469722085,-0.04046397894072695,-0.08354095954814145,0.011304082488781692,0.6544615494413688,0.6857348635388547,1
2016-05-04 00:00:00+00:00,0.0023571139945226527,-0.0405140065164078,-0.05707116991036831,0.011291865588467212,-0.22909064772209786,0.5326150162175226,0
2016-05-05 00:00:00+00:00,-0.0029138018558748646,-0.02152101300134379,-0.06329520624352103,0.008133285552539962,0.5993819707764896,1.246811681201774,0
2016-05-06 00:00:00+00:00,-0.0064599815723235254,-0.013991836818095904,-0.06737591611997806,0.006383327322189744,-0.3192770189023342,0.943554922148411,1
2016-05-09 00:00:00+00:00,0.014603442542805878,-0.0039012485197497115,-0.033238371685991086,0.009923749667431614,0.040598972263230726,0.9258711652933027,0
2016-05-10 00:00:00+00:00,-0.0005593713501599318,0.00691747482003624,-0.03382641267613162,0.008054100583945732,-0.5277085645388548,0.4994991709541316,0
2016-05-11 00:00:00+00:00,-0.00727682641747629,-0.0027602965219144515,-0.04316247236704607,0.008879589342117902,0.7024570720149355,0.8647539022578683,1
2016-05-12 00:00:00+00:00,0.0178385950334341,0.01799529528035282,-0.0039129947046824265,0.01183868693704971,0.03616659520484844,1.023390701686474,0
2016-05-13 00:00:00+00:00,-0.014756426115132393,0.009494639689751061,-0.004630044577530468,0.013991881820860402,0.14563143622788788,1.1743090745736866,0
2016-05-16 00:00:00+00:00,-0.0022488087612095864,-0.007272755969258249,-0.011145631660548383,0.012088030002860824,-0.36324756246308865,0.827624126871047,0
2016-05-17 00:00:00+00:00,-0.006967847645376279,-0.013638185619222365,-0.006815052604798089,0.0123141702997625,0.3034376914735024,0.9923054213833264,1
2016-05-18 00:00:00+00:00,0.0014446920282007447,-0.004972554568031584,-0.007719125364866852,0.012116764469906583,-0.3231527604132395,0.7199550012703795,0
2016-05-19 00:00:00+00:00,-0.01993695408481866,-0.04190150216574984,-0.024660236789559975,0.008807217616111647,0.11009403757857417,0.8537684313662741,0
2016-05-20 00:00:00+00:00,-0.01787215300647127,-0.04493138567210231,-0.03586335330006907,0.009448073252152899,1.0301102905115216,1.6155769982131674,0
2016-05-23 00:00:00+00:00,-0.004496219687521563,-0.04708265510486842,-0.05401299041316421,0.009086215837055442,-0.009646194402807673,1.382304574293173,1
2016-05-24 00:00:00+00:00,0.011236848265008925,-0.02961336123516456,-0.04284767433705261,0.01313346994879523,-0.3311883423771682,0.9227565519891524,1
2016-05-25 00:00:00+00:00,0.011430800854835166,-0.01993695408481866,-0.02481037106074313,0.015140296175203991,-0.24774470727009057,0.683759387829255,0
2016-05-26 00:00:00+00:00,-0.004573229241031873,-0.004573229241031873,-0.04628310623183418,0.012387704618256274,0.535697769995287,0.9769553356191157,1
2016-05-27 00:00:00+00:00,0.029413352406915116,0.04335256585931102,-0.003526710669291222,0.014081964997071284,-0.05556227389044588,0.9929948250079977,0
2016-05-30 00:00:00+00:00,-0.006156012881368134,0.04161299487842318,-0.007428910512186637,0.014481821242911056,-0.2811562564871014,0.8199047868407149,0
2016-05-31 00:00:00+00:00,-0.01120062186417925,0.01850153439430713,-0.011659719462280727,0.01664724669930623,1.4220022687138791,1.6714439926398008,0
2016-06-01 00:00:00+00:00,-0.004436662497766641,0.0025231444165534356,-0.017464113482647314,0.016334300526215678,-0.6124410147172252,0.6496194979354046,1
2016-06-02 00:00:00+00:00,0.0027785714046431043,0.009927355873319943,0.005308726558122201,0.01608006429419609,0.13392045922018903,0.7807725976456784,1
2016-06-03 00:00:00+00:00,0.003555936925667913,-0.01544059878321824,0.027242577500436127,0.006237080935775795,-0.15706626551555147,0.7095566473928554,0
2016-06-06 00:00:00+00:00,-0.005054165358899021,-0.014349044826042823,0.02666684332352398,0.006120116113896612,0.0034184879724687978,0.7233939523430759,1
2016-06-07 00:00:00+00:00,0.0002619262476866169,-0.0029229944613184955,0.01552446005042829,0.00399958782042381,1.1854736890168183,1.7055316139039118,0
2016-06-08 00:00:00+00:00,-0.0009948679721322184,0.0005240330155156236,0.0030484996430464317,0.0034244770389542357,-0.35974757769595744,1.0343989556313455,1
2016-06-09 00:00:00+00:00,0.01787045035582091,0.015581981025776237,0.025664024769950444,0.008798909327755929,0.2890671480306235,1.221205123868733,1
2016-06-10 00:00:00+00:00,0.005714704614949495,0.01776661816037506,0.0020516921544078137,0.008877777004290974,0.04303801676032104,1.137486376209567,1
2016-06-13 00:00:00+00:00,0.004504761281761249,0.027544795123965793,0.012800508797964794,0.007477988959887229,-0.37398913754936647,0.6970953111430163,0
2016-06-14 00:00:00+00:00,-0.004943202248001155,0.022197692976671624,0.01920981478172834,0.00865430345521307,0.06944844612088996,0.8372806560888841,1
2016-06-15 00:00:00+00:00,0.008553221446956139,0.031967447569138496,0.03250823258260227,0.0081993808153616,0.018787701916028077,0.8663777443902901,0
2016-06-16 00:00:00+00:00,-0.00842969912736602,0.005303054155061604,0.02096766727006072,0.007344587434028037,-0.1578634248539098,0.808557165230132,0
2016-06-17 00:00:00+00:00,-0.0014341112810520862,-0.0018428356493378484,0.015891041553723007,0.0068991014124619165,0.12405519852474445,1.0095814268139192,1
2016-06-20 00:00:00+00:00,0.015693958907161853,0.009275655973218333,0.03707594714060658,0.009989824086004092,0.021237075550376572,1.0203802174423258,0
2016-06-21 00:00:00+00:00,-0.0031307581200150647,0.011113999010842424,0.03355839712529973,0.009708911340501223,0.29506233520172875,1.2500993444156812,0
2016-06-22 00:00:00+00:00,-0.006686179968367623,-0.004164096165407027,0.02767023587789108,0.009627364637494014,-0.08213252099250501,1.1142423404579025,0
2016-06-23 00:00:00+00:00,-5.119834378009003e-05,0.004250447809194036,0.009576042319171085,0.008645936417615126,-0.23076479175773001,0.8502205338757215,0
2016-06-24 00:00:00+00:00,-0.029577866660584595,-0.024053522176388786,-0.025852031137567955,0.01630052063599551,1.5397744310917196,1.7278047861050982,1
2016-06-27 00:00:00+00:00,0.0044142222085787886,-0.03489184528072675,-0.025939834060603295,0.013260841694257276,-0.6332454102539606,0.6479765315849171,1
2016-06-28 00:00:00+00:00,0.0022497021329430655,-0.029682810988044706,-0.018898706709162383,0.01385878939869792,-0.1700702981502824,0.5906346206069368,1
2016-06-29 00:00:00+00:00,0.009500820958601386,-0.01387056220901306,-0.017976900019513464,0.015438647550248779,-0.01064960485745059,0.6363857550435689,1
2016-06-30 00:00:00+00:00,0.002326891980293677,-0.011525337263085023,-0.007323877298411108,0.015576391128775834,0.6956811594703711,1.0283009748106025,1
2016-07-01 00:00:00+00:00,0.004437201102260646,0.02312250461903309,-0.0014871952349834183,0.002948260939738704,-0.48189007878254464,0.7569933550750135,1
2016-07-04 00:00:00+00:00,0.01361096903554948,0.03249055063023665,-0.003534949916165875,0.004981911569830591,0.18052604515480875,0.922379511852513,1
2016-07-05 00:00:00+00:00,0.0064863104807750815,0.03685499002747328,0.006078219336477009,0.004423167882712395,0.45574097793235224,1.2332724290182464,0
2016-07-07 00:00:00+00:00,-0.005235934113806517,0.021718917112614866,0.007547101312678883,0.006824898712789804,0.05890985487349254,1.1895632942368928,0
2016-07-08 00:00:00+00:00,-0.009616477312098248,0.00954447937405467,-0.0020908612328167653,0.009329557928024573,-0.4063876480774815,0.7944030485709012,1
2016-07-11 00:00:00+00:00,0.014411552750704937,0.019569547771533635,0.04314454934930634,0.010927490795095668,0.15768721386401197,0.886980142531402,1
2016-07-12 00:00:00+00:00,0.010982149179557421,0.016925274225148446,0.049965736334528055,0.010395629848858022,0.1815610793359932,1.005637648790449,1
2016-07-13 00:00:00+00:00,0.005331820914855623,0.015758810651637978,0.05319459148852235,0.010322660464596537,0.5270340580705757,1.4308858255588799,0
2016-07-14 00:00:00+00:00,-0.003816488260769746,0.01720821426492658,0.03930087515681757,0.010049433798632516,-0.2787020787250887,1.0578873899227468,1
2016-07-15 00:00:00+00:00,0.007264394250065642,0.034546306855947506,0.04442051274323844,0.006901107272773978,0.30066045308713996,1.2125482350732621,0
2016-07-18 00:00:00+00:00,-0.005878350869646942,0.013853674955237372,0.03369433288061874,0.007286588293020176,1.2944954791288694,1.9687549580118597,1
2016-07-19 00:00:00+00:00,0.011478363722039475,0.014351298912168575,0.0315194728068926,0.007428286820021243,-0.48144087632389976,0.9414595942424674,1
2016-07-20 00:00:00+00:00,0.005108867207116674,0.014126344943401925,0.030107769990202593,0.007410506984018092,-0.2633134125759041,0.7149884426684456,0
2016-07-21 00:00:00+00:00,-0.0162756275110032,0.0014427969825241416,0.018675839207066725,0.011286047144470504,-0.4528394539529189,0.41058743781871304,1
2016-07-22 00:00:00+00:00,0.008446590934857001,0.002618161029302124,0.03725491567956607,0.011478138094025434,0.02807618486217689,0.4622354632957982,1
2016-07-25 00:00:00+00:00,0.007784507072654767,0.01639779203975089,0.030478636675890458,0.011179900082800382,0.19451341463078808,0.8117084393737639,1
2016-07-26 00:00:00+00:00,0.001270811887267076,0.006140594734199034,0.020580019156896556,0.010204510798991406,0.27601919925917007,1.1780730829722046,0
2016-07-27 00:00:00+00:00,-0.010692823098708226,-0.009677315743783277,0.004312324099295717,0.01112281270310647,0.04891103884514081,1.2708447246329726,1
2016-07-28 00:00:00+00:00,0.013078725966140459,0.019873931478584295,0.021345402509476807,0.009217414646506914,0.4152087520296639,1.4924578708260916,0
2016-07-29 00:00:00+00:00,-0.011156193376982926,4.9015728202705944e-05,0.0026673050885743788,0.010863326543419368,-0.3831466959044736,0.8749538812770369,0
2016-08-01 00:00:00+00:00,-0.005320868660025124,-0.012955766554355153,0.0032295795197219146,0.010085937421040357,-0.17148651184468056,0.728396501527996,1
2016-08-02 00:00:00+00:00,0.0032693625647137736,-0.01098561232834272,-0.004912475787359205,0.010312956752402541,-0.033605485713598116,0.7419359786723495,0
2016-08-03 00:00:00+00:00,-0.018611858599440256,-0.01890230416033578,-0.028396696338474525,0.01235588545352354,0.5398274324013397,1.1242455792497983,0
2016-08-04 00:00:00+00:00,-0.000955932081989741,-0.032493913894107385,-0.013265764233725608,0.00860130166383259,-0.1418997628257146,1.0751440186976724,1
2016-08-05 00:00:00+00:00,0.023413792105049236,0.0013301047491214302,0.0013791856733771368,0.01527970123717686,0.1886009944630771,1.214366387416241,1
2016-08-08 00:00:00+00:00,0.012792549811549314,0.01956463952926968,0.006355398072453111,0.015736850092197798,0.11952645804554818,1.2227162489165764,1
2016-08-09 00:00:00+00:00,0.0014086630337910577,0.017673718190190923,0.0064939492454103576,0.015779844906234047,-0.019590749631888338,1.0891214347920446,0
2016-08-10 00:00:00+00:00,-0.02624432866491011,0.009759047263541154,-0.009327725376485296,0.018586450285184835,0.013632771258967225,1.075765492740301,1
2016-08-11 00:00:00+00:00,0.01041180702008071,0.02124870800410128,-0.011935659578252378,0.018815648538291454,0.05177391437829604,1.0638123084688669,1
2016-08-12 00:00:00+00:00,0.021398368773772214,0.0192375484037266,0.02059324110734151,0.018320391841415002,0.1549792250287132,1.154870302788474,0
2016-08-16 00:00:00+00:00,-0.010523060058633682,-0.00422643249546617,0.01525551840553474,0.018474721797237074,-0.1831819216427315,0.9458388841576573,0
2016-08-17 00:00:00+00:00,-0.011318471207116598,-0.01688194900436435,0.0004934023766223206,0.01897975041533277,0.15851768177848258,1.0627479310463332,1
2016-08-18 00:00:00+00:00,0.004687938410514514,0.014347722888969683,0.024246790258308337,0.014001358656565838,-0.4995864804683696,0.5771401705090696,0
2016-08-19 00:00:00+00:00,-0.003094422240033645,0.0007888820286103826,0.022054352756587292,0.013490925862089316,0.05524246776322661,0.6686994816300583,0
2016-08-22 00:00:00+00:00,-0.003005101432852819,-0.023122181873936443,-0.00432944756320941,0.006543774674681057,-0.1826366057774449,0.6493852479919947,0
2016-08-23 00:00:00+00:00,-0.0013832749564541835,-0.014098774689442317,-0.018265619665414734,0.005717667038353932,0.09517871601182248,0.8058825639191652,1
2016-08-24 00:00:00+00:00,0.009945644687428645,0.007105543693216365,-0.00989636073742517,0.005726809851753966,0.19113118035504173,1.1279689044924917,0
2016-08-25 00:00:00+00:00,-0.007643473890014851,-0.005255541987853718,0.009016775841042879,0.006566778008198561,0.7157613724305576,1.6310323136960658,1
2016-08-26 00:00:00+00:00,0.015009481475072306,0.012809115579267782,0.013608102488960938,0.009489006110004356,-0.3556696303780573,1.0184605814717287,1
2016-08-29 00:00:00+00:00,0.028747928294228675,0.0450658081672306,0.02090160648055539,0.014245924414770794,0.6798520861154587,1.4246145672230848,1
2016-08-30 00:00:00+00:00,0.008463947949223227,0.055371059126927635,0.04049162035053899,0.013097154645552564,0.12212008886688785,1.342321738760557,0
2016-08-31 00:00:00+00:00,-0.006001538900020309,0.0387066018649862,0.046087177008969915,0.015167239489400044,0.2820348820443257,1.415970487568278,0
2016-09-01 00:00:00+00:00,-0.029056576154578018,0.01629335611771454,0.010952183712661157,0.02204968274995646,0.8295825949576017,1.938727708339387,0
2016-09-02 00:00:00+00:00,-0.015400271370420549,-0.014154861699071764,-0.0015270573793159103,0.022251175446350333,-0.3401237581105766,1.0951518403156186,1
2016-09-06 00:00:00+00:00,0.0064638915121848495,-0.03550956747206235,0.007955973339370814,0.01563975543398648,-0.5907346287229176,0.4651719786334102,0
2016-09-07 00:00:00+00:00,-0.0022064199616795843,-0.04571465986286838,0.007125130129824964,0.013575867566734333,0.12310633719971031,0.5455580574422491,1
2016-09-08 00:00:00+00:00,0.015476850869832859,-0.02509439404833147,0.01264088909718275,0.017645080206497524,-0.055769673774494266,0.5683247085706521,1
2016-09-09 00:00:00+00:00,0.01078950355123598,0.01491428774132908,0.03145064766045502,0.012186267473939286,0.25096631059620056,0.9539050513927254,1
2016-09-12 00:00:00+00:00,0.0018668723007793098,0.03271306455469958,0.01809515395110317,0.007004466923525857,1.2059677035086165,1.967595408528369,0
2016-09-14 00:00:00+00:00,-0.0016719520236114782,0.024365033411757997,-0.012009725858198261,0.007896765617562437,-0.4476799436471418,1.0035672818040644,1
2016-09-15 00:00:00+00:00,0.019382394747026854,0.04652876280712559,-0.001312943621310736,0.008910327659156538,0.6861744378157042,1.411365070771091,1
2016-09-16 00:00:00+00:00,0.009906301930096229,0.040787873997040425,0.014669932966233423,0.008248048551749708,0.2535308953562827,1.4221721275704655,1
2016-09-19 00:00:00+00:00,0.006368848396798299,0.03623602194110154,0.0516907441402612,0.008117497387860313,-0.5758865923098533,0.5970808386765336,0
2016-09-20 00:00:00+00:00,-0.007575700081878911,0.026469521108285265,0.060048484815732106,0.010429099193365812,-0.3085965633892671,0.4906517170479225,0
2016-09-21 00:00:00+00:00,-0.0018153423405128377,0.026322088818648837,0.0513284608039406,0.010453171064281012,-0.05098086350954634,0.498114125794983,1
2016-09-22 00:00:00+00:00,0.01557445182126127,0.022488222393435953,0.07006333436625956,0.009234039147593026,0.7144055125859492,0.9647096043049378,1
2016-09-23 00:00:00+00:00,0.012718836148332802,0.025335796577030223,0.06715706385246922,0.009719254525436509,0.6569085007713971,1.746399905123686,1
2016-09-26 00:00:00+00:00,0.003989662713972164,0.022911770583786017,0.05997802394647089,0.00969701703938416,0.22928247193876805,1.728559292062683,1
2016-09-27 00:00:00+00:00,0.0029808716411612313,0.033792642276871954,0.0611566384432094,0.0072227185320980465,-0.4929912171410189,0.8183285721587944,0
2016-09-28 00:00:00+00:00,-0.01787481383826861,0.017160285381942808,0.04393406875656858,0.013116485746357565,0.2810750812858218,0.9383438091513487,0
2016-09-29 00:00:00+00:00,-0.01668750460275703,-0.015152048533492946,0.006995431222805548,0.013604343615456158,-0.14342890562595023,0.7888533276566365,1
2016-09-30 00:00:00+00:00,0.010489827407849761,-0.01731971305547908,0.007577274794805078,0.012983892699563295,-0.47320190053806876,0.48750949325836096,1
2016-10-03 00:00:00+00:00,0.006459500000421059,-0.014902297315566804,0.007668035250953498,0.013377305512367117,0.6183356558278332,0.956169425281465,1
2016-10-04 00:00:00+00:00,0.0051799574975701645,-0.012742421203862375,0.020619620991526144,0.013653381394557075,-0.27649892387216235,0.7407198454951484,0
2016-10-05 00:00:00+00:00,-0.006339180497851871,-0.0011465049174181896,0.015994106112950046,0.011147763596435236,-0.1771940232949355,0.7242648095299082,1
2016-10-06 00:00:00+00:00,0.01964407498202858,0.03575928588662691,0.02006541091785663,0.009401492653478926,0.9565503285840911,1.419905552369726,0
2016-10-07 00:00:00+00:00,-0.001620361335647691,0.023346255983007103,0.005622192472982679,0.009854641725327427,-0.2761902596484447,0.9742641641639178,0
2016-10-10 00:00:00+00:00,-0.011407027173168438,0.0051799574975701645,-0.00979953308470749,0.012038437494504211,-0.24388909176342477,0.8040283429882884,0
2016-10-13 00:00:00+00:00,-0.0357548261897358,-0.0357548261897358,-0.04804164433821767,0.01990917048128158,0.8987953776040878,1.3596881209128315,1
2016-10-14 00:00:00+00:00,0.019391616104711185,-0.010785746242771732,-0.011919885249084494,0.023206028032574988,-0.3041466329717696,0.8964108425456588,0
2016-10-17 00:00:00+00:00,-0.015775064210198697,-0.045147851809246076,-0.01100302086263305,0.020174572128848482,-0.3562819004407213,0.665189507352393,1
2016-10-18 00:00:00+00:00,0.019280729940700514,-0.025158009136321047,-0.0023990984746332655,0.023913426937276012,0.12683258128984454,0.7948298554699502,1
2016-10-19 00:00:00+00:00,0.005781054435624267,-0.008209007721986739,-0.0030715725355138224,0.023971059725041537,0.541861353291303,1.135538397527356,1
2016-10-20 00:00:00+00:00,0.0001842494040222853,0.028756747889564505,-0.008026270822744763,0.014692504389121612,-0.40693700704295055,0.7989912052565475,0
2016-10-21 00:00:00+00:00,-0.02147054294045636,-0.012480811049447649,-0.023131942431335983,0.0164790776293514,3.3068274697921325,2.3776039914037987,0
2016-10-24 00:00:00+00:00,-0.0008456576210176259,0.0024985650569202544,-0.04276209159725142,0.014707002173358194,-0.7589245027886105,0.5689248684867326,0
2016-10-25 00:00:00+00:00,-0.002303921000574638,-0.018730700797190303,-0.04341748279172586,0.010378601740193472,-0.2714778260132177,0.430377883798894,0
2016-10-26 00:00:00+00:00,-0.006410209530954725,-0.030624853104119887,-0.038582461170490245,0.008913977590108563,0.42916511184407913,0.6605692128953337,0
2016-10-27 00:00:00+00:00,-0.005075612467917434,-0.035722693204883194,-0.007993213797747867,0.008263355840958416,0.17326527026902339,0.7504146176331059,1
2016-10-28 00:00:00+00:00,0.005960097460822711,-0.008691576401006373,-0.021063909527671232,0.004830797079785902,-0.3671026521676972,0.8113631401949615,0
2016-11-01 00:00:00+00:00,-0.0037445195953530463,-0.011567674889621626,-0.009098012420970525,0.004871155129045198,0.2578661409756853,1.0265114514309306,0
2016-11-02 00:00:00+00:00,-0.025927609728053413,-0.03497201421508378,-0.05304766467773625,0.01162819826776152,-0.311417456572577,0.7157339287266157,1
2016-11-03 00:00:00+00:00,0.00019524998684961048,-0.02855643571901112,-0.05830675217405912,0.012083874550139284,0.03861862441134556,0.8026871873052185,0
2016-11-04 00:00:00+00:00,-0.017969743051259646,-0.041146256944780024,-0.0753990950362955,0.013233561243433223,0.5776933731881522,1.3037962548825286,0
2016-11-07 00:00:00+00:00,-0.0043755165319731,-0.05099788246032588,-0.059246206869638884,0.01108208565177464,-0.17595969171694736,1.0419245618224753,1
2016-11-08 00:00:00+00:00,0.0023471160876598063,-0.04519517896090686,-0.056240050713730505,0.012263656140081864,0.41300404795267,1.3755076867646034,1
2016-11-09 00:00:00+00:00,0.0010964548263794338,-0.018705661982152955,-0.0530235015204944,0.008348950986309923,0.6110799874300863,1.7059358019636768,1
2016-11-10 00:00:00+00:00,0.005773364660048852,-0.013232958181873311,-0.0414115077811914,0.009322407663865589,-0.5487973185391003,0.7410710273984247,0
2016-11-11 00:00:00+00:00,-0.008561330608281237,-0.0037791646262566037,-0.044769923092288,0.005694666032942481,0.5132314928240631,1.0688531810921078,0
2016-11-15 00:00:00+00:00,-0.016321119599830625,-0.015731922784484653,-0.0659275104957725,0.009091707260460739,-0.019482475179911418,0.9775738460981204,1
2016-11-16 00:00:00+00:00,0.001167075142966656,-0.01689067967920399,-0.0613224813492379,0.008927720807948014,0.14241906972024787,1.0716934853761757,0
2016-11-17 00:00:00+00:00,-0.008920030123547251,-0.026727194096622164,-0.04493290622027235,0.00879804273398353,-0.2369911427643029,0.9257522989425965,1
2016-11-18 00:00:00+00:00,0.00997161701784055,-0.022664604058219795,-0.03559764248238184,0.010214059130316857,0.43832810516124865,1.1855353540248075,1
2016-11-21 00:00:00+00:00,0.004050659820828084,-0.010232019935582981,-0.013972516074043817,0.010523084269270622,-0.2714922154570386,0.8814242794982521,1
2016-11-22 00:00:00+00:00,0.010035395215892473,0.016287645120236727,0.00029948636037935294,0.0078152157695027,0.3335683367096334,1.1279708515593119,1
2016-11-23 00:00:00+00:00,0.007539146003965547,0.022755953008746443,0.005480909816476753,0.007907408958347519,-0.2571887508780142,0.8764453238496152,0
2016-11-24 00:00:00+00:00,-0.021456771886563142,0.009818523478154484,-0.01717109220121049,0.013353069151518406,0.4429296170839121,1.166592819887397,1
2016-11-25 00:00:00+00:00,0.00643119513273982,0.006278638257361191,-0.016528268650986333,0.012913152665733682,-0.4472307061835773,0.7126234657634264,0
2016-11-28 00:00:00+00:00,-0.007094599094070064,-0.004891351876314731,-0.015073323401987304,0.01328064369399051,-0.2048966404858018,0.6073412599838096,1
2016-11-29 00:00:00+00:00,0.011199440513639525,-0.003744509351703673,0.012482146529062987,0.013528357512470678,0.18916710985991814,0.814612743368631,0
2016-11-30 00:00:00+00:00,-0.007667656513871579,-0.018781007500372038,0.003547565784239204,0.012915121262171215,1.7916351593849482,1.8357522944859788,1
2016-12-01 00:00:00+00:00,0.007777608250635115,0.01053331219491227,0.020455257246155156,0.00885632271521827,-0.5424046906921406,0.9166958067911384,0
2016-12-02 00:00:00+00:00,-0.003006898393911883,0.001056749903900478,0.007342023111636786,0.00871485207331565,-0.011594614916480173,0.8801710879125159,0
2016-12-05 00:00:00+00:00,-0.0009046983757635685,0.007297467186374806,0.0023704208302457452,0.0078042625507011845,-0.6805483826773053,0.2994398273528348,1
2016-12-06 00:00:00+00:00,0.011419991183601486,0.007517166804806186,0.003744509351703673,0.00787325254638581,0.6869851196813412,0.5303121913629766,0
2016-12-07 00:00:00+00:00,-0.006018713991909674,0.009191341700803823,-0.009762288456989454,0.007413091394355479,-0.26693510272778675,0.6049588550464176,1
2016-12-08 00:00:00+00:00,0.020917860958365786,0.022350027855204235,0.03311875987108026,0.011331795519501623,0.7746492755327918,1.1864699603673707,1
2016-12-09 00:00:00+00:00,0.00872506341799495,0.03438037336700117,0.03547345472715313,0.010583502480031806,-0.05844177215710633,1.262351742396564,0
2016-12-12 00:00:00+00:00,-0.0017004690704457426,0.0335564984203951,0.04109884305288247,0.010733772067133026,0.09523910088870724,1.1977246246668107,1
2016-12-13 00:00:00+00:00,0.012266098226527244,0.03442112383832052,0.042197039972628136,0.010833608494389796,0.1487142735560263,1.2546308724832216,1
2016-12-14 00:00:00+00:00,0.018946238380791902,0.06040176799476371,0.07014828298454012,0.009029596710347976,1.328735499342406,1.9943655380916079,0
2016-12-15 00:00:00+00:00,-0.006182334280231627,0.03225347512717147,0.05532436904989524,0.010261058239163151,-0.1991475297917169,1.3594912522947409,1
2016-12-16 00:00:00+00:00,0.003988710428204589,0.027406647175287624,0.06272927130491279,0.010212522827046986,-0.2270734108745992,0.9602574693563394,1
2016-12-19 00:00:00+00:00,0.005108214456078564,0.03441384941963843,0.06912515612372339,0.009443418412689093,0.004512586695699428,0.8956814320138718,0
2016-12-20 00:00:00+00:00,-0.00437615803475333,0.017407470965969507,0.05242777951812161,0.009964849311984563,-0.22128887353282567,0.6866406211493415,1
2016-12-21 00:00:00+00:00,0.00505713924582496,0.003539346532478671,0.06415489731535029,0.005530929219470074,0.742607760034955,1.2520237149573685,0
2016-12-22 00:00:00+00:00,-0.009311400993719854,0.00037967079594758424,0.0326453916256928,0.006583839027688229,0.4185479362765734,1.5892519111258692,1
2016-12-23 00:00:00+00:00,0.0037502090429601953,0.00014202675196894887,0.02755256640433723,0.006549334519989565,-0.6447204521370247,0.5952568256167189,0
2016-12-26 00:00:00+00:00,-0.009316322469757776,-0.0142112392829441,0.01971354668794456,0.006927792327929761,0.49261770517445,0.8852860726844528,1
2016-12-27 00:00:00+00:00,0.016468645570557827,0.0064276528843121294,0.02394701303124469,0.010903109248297922,0.13843563765805134,0.9449982219165205,0
2016-12-28 00:00:00+00:00,-0.014088243980198922,-0.012743837323892837,-0.0092495956478571,0.012510190448676158,-0.4474922072649944,0.590812537098548,1
2016-12-29 00:00:00+00:00,0.01500386280667132,0.011487181442357608,0.011871213585626705,0.013854015647557394,-0.08975377984105526,0.7139019207693604,1
2016-12-30 00:00:00+00:00,0.0159090091371219,0.02373970236456069,0.023885100789349245,0.015163462699136019,0.7910843476501384,1.1745298299673887,1
2017-01-02 00:00:00+00:00,0.002494314430342648,0.03594442338609549,0.021222369301524102,0.013209643165457209,-0.5482497616149313,0.6049781916324997,1
2017-01-03 00:00:00+00:00,0.003962636318138202,0.02319879606122388,0.029775562753951546,0.012147106639998635,-0.09350443399501374,0.6751001354543271,0
2017-01-04 00:00:00+00:00,-0.02042367158581937,0.016623763499715727,0.0036680756380715884,0.014661416332456946,0.6151932702164868,1.0734068096688223,1
2017-01-05 00:00:00+00:00,0.009604948387301082,0.011216232654802427,0.022832256996765388,0.013763487224708834,-0.1595690846932345,0.9028359784566335,0
2017-01-06 00:00:00+00:00,-0.0022741924689453352,-0.006882975502931488,0.01669332707180704,0.011485536893632674,-0.10170692924932478,0.9685126209684249,1
2017-01-09 00:00:00+00:00,0.002558301552684439,-0.006819586913458742,0.028879710353300947,0.011490893796244994,-0.3335346289925144,0.676703678233094,1
2017-01-10 00:00:00+00:00,0.011273790543702367,0.00041304795880581224,0.023621426235389542,0.012728779690656377,1.1705793481711537,1.3030488906184423,0
2017-01-11 00:00:00+00:00,-0.0034864273875914176,0.017710566897225277,0.03462874667248661,0.006721871979918,0.011105104213987138,1.2855376684639093,0
2017-01-12 00:00:00+00:00,-0.002532154070607806,0.005476021649939655,0.016753674637590477,0.006149093072433134,-0.6190303240914614,0.5427986735922872,1
2017-01-13 00:00:00+00:00,0.006554142236429472,0.014372933797897502,0.007391029743729849,0.006202441673531533,0.6547214633512595,0.9120267817915586,0
2017-01-16 00:00:00+00:00,-0.01297689220884235,-0.0013453342056620743,-0.00815574649557771,0.00944390299214612,0.660553168743518,1.293254157151113,0
2017-01-17 00:00:00+00:00,-0.03252063546985606,-0.044593273866701755,-0.04419864506864313,0.014859336541994535,2.2659409011155605,2.6392011982706687,0
2017-01-18 00:00:00+00:00,-0.008355013797190058,-0.04926102785453512,-0.032422901686553596,0.014564936443129286,-0.5955671742019493,1.0078333165759343,1
2017-01-19 00:00:00+00:00,0.0011137821256532732,-0.04578589465010441,-0.040560597550530764,0.015111181603397413,-0.03676323461005715,0.8525961438600005,0
2017-01-20 00:00:00+00:00,-0.007642552297246863,-0.05924437204832833,-0.045722953687779455,0.012512656345675839,-0.42523230086034836,0.48171210134474496,0
2017-01-23 00:00:00+00:00,-0.009651343331390616,-0.056074710874445266,-0.05734460585349532,0.012541167391838637,0.5604606855826704,0.7379720055284934,1
2017-01-24 00:00:00+00:00,0.011221988826976448,-0.013397036496810899,-0.05739289264600822,0.008847159175728071,-0.31288714113329086,0.7467968950563224,0
2017-01-25 00:00:00+00:00,-0.009734538041462404,-0.014769546544822432,-0.06330301135561422,0.009087311771194501,1.5327449378339426,1.6787781059727775,1
2017-01-27 00:00:00+00:00,0.007667517217371467,-0.008319790771279312,-0.053724756357618975,0.010220001095024958,-0.08361851582371949,1.4080557124835473,1
2017-01-30 00:00:00+00:00,0.019217482045519763,0.018521912829159604,-0.041819778313866185,0.012960026633078743,-0.28285279031969746,0.927432333535634,1
2017-01-31 00:00:00+00:00,0.0003830692979784889,0.028841782580648623,-0.028850222913110124,0.01099508372038427,-0.03526773544236095,0.8799748543938102,1
2017-02-01 00:00:00+00:00,0.004257558027839448,0.02175600173607317,0.008067499289979407,0.010561331613034566,-0.25208998972178476,0.6439577524225398,0
2017-02-02 00:00:00+00:00,-0.005859051464958465,0.025754729169582546,0.010604796953540552,0.009340099668210835,-0.1956417466181012,0.6225753415299733,0
2017-02-03 00:00:00+00:00,-0.00943952802359882,0.008340619596516108,-4.8563384709043866e-05,0.011139627705087972,0.45282927629666525,1.025812233854517,1
2017-02-06 00:00:00+00:00,0.00773961344317442,-0.003014759743042217,0.015451313968956049,0.007069388090530996,-0.24415285289944444,0.8504040861309394,0
2017-02-07 00:00:00+00:00,-0.01032025834818917,-0.013681733237857374,0.014765443767418507,0.008228902773836817,-0.008641493560738733,0.9252629302338277,0
2017-02-08 00:00:00+00:00,-0.005577382362120353,-0.02334098975187715,-0.0020927946293675115,0.00726132281191822,0.6385568027336561,1.3885103069187326,1
2017-02-09 00:00:00+00:00,0.007413372650517891,-0.010301960810039423,0.01518744414896478,0.008955945103537836,-0.3924099734665383,0.8327797056227362,0
2017-02-10 00:00:00+00:00,-0.002517455818584202,-0.003385915316355015,0.00492646364852134,0.00801067955282376,0.26941290375440796,1.069805761849762,0
2017-02-13 00:00:00+00:00,-0.00029149843485720695,-0.011328363054386448,-0.014308970504537721,0.0065857460005481145,-0.3157550784219967,0.7502977231838606,1
2017-02-14 00:00:00+00:00,0.019371686451208125,0.018333337022371055,0.004400771958013916,0.01000059349918965,1.1299487015566752,1.3943915610061093,1
2017-02-15 00:00:00+00:00,0.0014289074009752323,0.025508091807762368,0.0015717179464103115,0.008797751588317556,-0.1648683011975638,1.182469740886955,1
2017-02-16 00:00:00+00:00,0.015409485658820943,0.03364782750677309,0.022999228096415747,0.00997561755025303,0.28999341916271293,1.3241030222366799,1
2017-02-17 00:00:00+00:00,0.00749419445745958,0.044022465757793894,0.040487494100365895,0.008574240004096234,-0.24460907154571598,0.9697867241464402,0
2017-02-20 00:00:00+00:00,-9.292757504852922e-05,0.04422983864535124,0.032400423920953436,0.008522586752932295,-0.21530937898976765,0.7315041217479608,1
2017-02-21 00:00:00+00:00,0.011902624917513815,0.036578638377748884,0.05558258390531856,0.006634853797959247,0.21766253545638614,0.9385535838358577,1
2017-02-22 00:00:00+00:00,0.10963081195536328,0.1485783840051813,0.1778764268727968,0.04551692608460572,7.974965312033799,3.3923391334085724,0
2017-02-23 00:00:00+00:00,-0.02049723385229607,0.10796257092338069,0.14524310439377142,0.05070788552045659,-0.5110888492923478,1.3517424626832908,1
2017-02-27 00:00:00+00:00,0.04747453779087274,0.1519297959751753,0.20264058597387513,0.051061225314153205,0.3401221159337995,1.3958038983244108,0
2017-02-28 00:00:00+00:00,-0.0006862578612993886,0.15124625762002664,0.20216569383562488,0.051148340984649904,-0.5671210145664229,0.558497891404879,0
2017-03-01 00:00:00+00:00,-0.002867453536120501,0.1344422716180269,0.1759386252319748,0.052822536839151904,-0.32471597306536193,0.3656104990888458,1
2017-03-02 00:00:00+00:00,0.0018224962579678206,0.024223350837025315,0.17640080116476242,0.02529085836011889,-0.2592537460020057,0.4027864050937118,1
2017-03-03 00:00:00+00:00,0.017626865721209306,0.06408806011844037,0.17896974277769995,0.02105585851359633,3.667158577004903,1.7115199027294814,1
2017-03-06 00:00:00+00:00,0.037185344733807524,0.05363567479997022,0.21371432790449596,0.016896394420347283,-0.20853760446558034,1.453119686959639,0
2017-03-07 00:00:00+00:00,-0.0003062584758606324,0.05403633066210567,0.21345538107029416,0.016833584317426792,-0.3694759528710362,0.8930448333286295,0
2017-03-08 00:00:00+00:00,-0.010536630607322461,0.04592949342367181,0.1865466304718424,0.018631384926897997,0.030077733043145205,0.8514056280445403,0
2017-03-09 00:00:00+00:00,-0.0034464062793797545,0.04042861818642063,0.06563128562563159,0.01928747666012433,-0.28249585596335614,0.5811323175293208,0
2017-03-10 00:00:00+00:00,-0.003963720747786947,0.018354255959503574,0.08361860473730576,0.0190378992195107,-0.20289378264428282,0.5957692025018091,1
2017-03-14 00:00:00+00:00,0.0061252023841360526,-0.012141959893424703,0.04084247269426755,0.00605814551470324,0.12020898437539396,0.8211902716963078,1
2017-03-15 00:00:00+00:00,0.01198117638065388,0.0,0.05403633066210567,0.008939672517688744,-0.13171768016860053,0.7977992882623328,0
2017-03-16 00:00:00+00:00,-0.005594076909114953,0.004995186129266305,0.05115410592141245,0.007660658408206847,-0.33946837900240867,0.6437746879494293,1
2017-03-17 00:00:00+00:00,0.0023506597778688576,0.010841357893553338,0.05170827719887483,0.00724289964994416,0.4272328669708654,0.9854880010610718,0
2017-03-20 00:00:00+00:00,-0.015299593949913315,-0.00066301167534355,0.017679075198166583,0.010629268966439365,-0.4337495774353025,0.6223470485926624,0
2017-03-21 00:00:00+00:00,-0.01327295045313881,-0.019930287347921682,-0.031830254491703514,0.011312967489414412,0.7558154705250162,1.1502288441262936,0
2017-03-22 00:00:00+00:00,-0.003244159862260565,-0.034675513113871737,-0.034675513113871737,0.007275820183383319,-0.10198608340055337,1.0746745142638883,1
2017-03-23 00:00:00+00:00,0.010796290258305419,-0.018764482810888272,-0.013863028765881746,0.010875970095963862,-0.41809115408602093,0.6538706805709888,1
2017-03-24 00:00:00+00:00,0.010563058469926112,-0.010725083425697224,0.0,0.012520385303480978,0.37895034947333195,0.9709589669175769,0
2017-03-27 00:00:00+00:00,-0.027705613580495836,-0.023188736288697553,-0.023836373561145208,0.01641560319927612,0.9930949890259637,1.5688063380276585,0
2017-03-28 00:00:00+00:00,-0.004275831629554472,-0.014282031023181485,-0.03392767338889924,0.015701049389998445,-0.33110644550523893,1.0584603516767004,1
2017-03-29 00:00:00+00:00,0.008749573676253286,-0.002421113647067319,-0.03701267340292003,0.016506632142577082,-0.12820545303905195,0.9352307298761601,1
2017-03-30 00:00:00+00:00,0.011140619773919225,-0.0020812866630993687,-0.0208067152061735,0.016565501333736302,0.47230062652102367,1.1883701403182534,1
2017-03-31 00:00:00+00:00,0.039546829465566535,0.026539834223125336,0.015530108861280922,0.02449358170933392,0.6291017350490313,1.5508894690284887,1
2017-04-03 00:00:00+00:00,0.04069196974575773,0.09875339919860071,0.07327469637827422,0.020007333725366203,-0.011102285977424131,1.4135631336161723,1
2017-04-05 00:00:00+00:00,0.02935279828616011,0.13586163921526406,0.11963922804594973,0.01523922981040181,-0.10165046276704759,1.1366027555952969,1
2017-04-06 00:00:00+00:00,0.016607758694368258,0.1447100304799107,0.14193855740318084,0.013312138708129532,0.2553567207835694,1.2105372151990588,0
2017-04-07 00:00:00+00:00,-0.02217605889166341,0.10699229319892223,0.10468832490293356,0.025907531966459358,-0.37031337877574166,0.7479045804753572,0
2017-04-10 00:00:00+00:00,-0.01795086094571663,0.045764171138514165,0.07351857887701452,0.02817057594037977,-0.03472478603476703,0.7751204191769573,0
2017-04-11 00:00:00+00:00,-0.006515654485963029,-0.0016735370991736165,0.09691459462219876,0.02232586021067625,0.048141486674156964,0.8676814559446316,0
2017-04-12 00:00:00+00:00,-0.013371167706746068,-0.04310973460289447,0.0868949454030854,0.015282789722949459,-0.14888125752198156,0.7934750499440751,1
2017-04-13 00:00:00+00:00,0.007976587270423607,-0.05123389443141413,0.08606207762372198,0.011803661775777227,-0.5368045479281233,0.47069225438431894,1
2017-04-17 00:00:00+00:00,0.01981977523566325,-0.010486043698770264,0.09538432363823635,0.015650551897468765,-0.06893358915796055,0.5145945466020047,0
2017-04-18 00:00:00+00:00,-0.015555079032824826,-0.008072050809022069,0.0373227096148292,0.015066195151336306,0.3530231293730721,0.7986980799826381,0
2017-04-19 00:00:00+00:00,-0.0010218386367580878,-0.0025868415924488186,-0.004256049516247806,0.01480976212141647,-0.27745642688806615,0.7270228915748937,1
2017-04-20 00:00:00+00:00,0.000547782979252398,0.011484249897115939,-0.03212056767095661,0.012962065893316159,-0.27470687765893054,0.6932890332979939,1
2017-04-21 00:00:00+00:00,0.02405959868124219,0.027623228657536414,-0.025025911354772834,0.016277786383661924,2.601706249696193,1.9366154839825245,1
2017-04-24 00:00:00+00:00,0.010623748661415577,0.01835683595901738,0.007678301676209642,0.01470915614929251,-0.15607854570820523,1.3906930960655217,1
2017-04-25 00:00:00+00:00,0.010864952615348145,0.04568697831856916,0.037246139899248965,0.010059600392123263,0.4410308338524578,1.6343503809856637,0
2017-04-26 00:00:00+00:00,-0.01141131537968354,0.034811725022946494,0.0321348310123033,0.013225799450690058,-0.5440373906055369,0.7123291141749252,0
2017-04-27 00:00:00+00:00,-0.00490660408483079,0.02917055147507197,0.040989803274964265,0.014081773443339381,-0.25004597882033286,0.5158953593196725,0
2017-04-28 00:00:00+00:00,-0.010145223627809452,-0.005204982804618896,0.022274467422746858,0.01099068539124797,-0.057505516006959856,0.5726189611929244,0
2017-05-02 00:00:00+00:00,-0.017667725474149076,-0.03305334628949552,-0.015303265186210946,0.010794558012586173,0.5690731389158166,0.9628950875888866,0
2017-05-03 00:00:00+00:00,-0.0003286495500298692,-0.04376062833421934,-7.294089356268962e-05,0.0065982048415546305,-0.4890093065018034,0.6856772300090304,0
2017-05-04 00:00:00+00:00,-0.008867794812624896,-0.04130033868423488,-0.007926349694918677,0.006451830646917221,0.5121975301572479,1.074046203936488,0
2017-05-05 00:00:00+00:00,-0.021871300102265456,-0.05764458174021625,-0.03015555450405627,0.008348449473311578,0.08579421289280598,1.1156971621665097,0
2017-05-08 00:00:00+00:00,-0.0051571735390615325,-0.052895889164412235,-0.057825549775495255,0.008873572021156847,0.03002125596084948,1.0837950101132496,1
2017-05-09 00:00:00+00:00,0.006773271204721709,-0.02933138962819315,-0.06141523533915594,0.010678170552767414,0.31365536478386735,1.3770154463812485,1
2017-05-10 00:00:00+00:00,0.021610840890792904,-0.008028413716286598,-0.05143771362175409,0.016471241150133,0.08527722962264561,1.2719450974297484,1
2017-05-11 00:00:00+00:00,0.00033108257622527226,0.0011782541204445884,-0.04017074685802069,0.015948326432580914,-0.3982435362854767,0.7703813238460475,0
2017-05-12 00:00:00+00:00,-0.006693643539397054,0.016713571406238525,-0.04189445716707563,0.011484066341184693,-0.4541852899132376,0.46220542696056194,0
2017-05-15 00:00:00+00:00,-0.004702019563699533,0.017178731541610093,-0.03662584190241236,0.01140105126239077,-0.10438620591387404,0.4675489588638989,1
2017-05-16 00:00:00+00:00,0.009077019190286695,0.019506289811948907,-0.010397246402919058,0.011612811554245745,0.878277285014956,0.9948525466606263,0
2017-05-17 00:00:00+00:00,-0.0023593746109489278,-0.00441454627752047,-0.012407518189921363,0.006148235986676343,-0.22214133826886107,0.9738245961469694,0
2017-05-18 00:00:00+00:00,-0.019030260758822526,-0.02368403827336829,-0.02253368996860794,0.010057423887186095,-0.005504961972449207,1.0515426941169335,0
2017-05-19 00:00:00+00:00,-0.006404248457472339,-0.02339959326212815,-0.007077112628753213,0.010044206157358989,0.3087546457598833,1.2357882037990147,1
2017-05-22 00:00:00+00:00,0.004018808883733627,-0.01484259347285799,0.002081161140100596,0.010771123491173701,-0.3130968647654404,0.816374698737114,0
2017-05-23 00:00:00+00:00,-0.014046751277345448,-0.03741822775031012,-0.018641828733108268,0.009166458012287,0.04789801202759092,0.9136643818158161,0
2017-05-24 00:00:00+00:00,-0.006012721059519666,-0.04094318915385764,-0.04517698982810914,0.008785529211340334,0.5533480913641884,1.3034891836516889,1
2017-05-25 00:00:00+00:00,0.003660543254299986,-0.01875925293050995,-0.04199899633949222,0.007639671702528151,0.8093708798033523,1.8232805721123773,1
2017-05-26 00:00:00+00:00,0.02675705752255797,0.013989704181201379,-0.009737242468624396,0.015310252281161063,-0.1732722634758851,1.344386783035251,1
2017-05-29 00:00:00+00:00,0.014656319744466462,0.024732855998139014,0.009523162798277918,0.016220873319790177,0.12095830216855519,1.2653531829931237,1
2017-05-30 00:00:00+00:00,0.0018057450203277092,0.04120886419311187,0.0022486737770921472,0.0127430325275326,-0.5979496086045188,0.5064134174435794,0
2017-05-31 00:00:00+00:00,-0.013719941570983218,0.03313549496108226,-0.009164367030673581,0.015130527631757975,0.7004361736614557,0.842596392854589,0
2017-06-01 00:00:00+00:00,-0.009286232167717845,0.01980850574777082,0.0006776600477629291,0.016783673596488278,-0.4194804369245765,0.5880233789594398,0
2017-06-02 00:00:00+00:00,-0.0026349343018695626,-0.009384576533781108,0.004473840197846801,0.010984434894407319,0.20567671578630287,0.8079898074256416,1
2017-06-05 00:00:00+00:00,0.0034724614515440066,-0.020303448572758565,0.003927245155564751,0.007311000870447316,-0.05741398111614571,0.9349288451722915,0
2017-06-06 00:00:00+00:00,-0.012449706823393636,-0.03424429197453749,0.005553403841206395,0.007224626171688747,-0.11480973150884388,0.8285514344729037,1
2017-06-07 00:00:00+00:00,0.019957207242439434,-0.0012679599290623678,0.0318255205521798,0.01282909898304528,0.16767263778033392,1.0634652281238002,0
2017-06-08 00:00:00+00:00,-0.005451821960317904,0.002597483807814882,0.022457441828522606,0.012250861430551294,-0.2943150609644972,0.7744599414159522,1
2017-06-09 00:00:00+00:00,0.003003355986441747,0.008265353929255426,-0.0011967894510535038,0.012140104353544222,0.7507695375612906,1.296406831385402,0
2017-06-12 00:00:00+00:00,-0.012165709488720422,-0.007447509715337142,-0.02759974815759536,0.01350862087801212,-0.3905679646807835,0.8273193887759428,0
2017-06-13 00:00:00+00:00,-0.0038651423306236277,0.0011805378121465537,-0.0331041808439172,0.012242748996253732,-0.28545692910766585,0.6356288857954693,1
2017-06-14 00:00:00+00:00,0.0328299741914293,0.013816326495834419,0.012530848018408536,0.01759478090277238,7.786108098831965,2.9695547785169643,1
2017-06-15 00:00:00+00:00,0.01948428075948283,0.03923553555450554,0.04193493303061424,0.018170845285141443,-0.4655987423778465,1.2915301050165953,1
2017-06-16 00:00:00+00:00,0.003504628596094239,0.03975491597914882,0.04834885835939984,0.018138723374099865,0.15623683207690076,1.2738006916687974,1
2017-06-19 00:00:00+00:00,0.014724685190436793,0.06805867130414578,0.060104293973058054,0.014250263096662073,-0.5341930269072553,0.563483314876924,1
2017-06-20 00:00:00+00:00,0.002199806411854466,0.07456152686185047,0.07583008737578889,0.012580367644723787,-0.33435037812014423,0.36399818105596227,1
2017-06-21 00:00:00+00:00,0.006832769375130887,0.047513903536034796,0.06198669763621467,0.007470290651832113,0.9711632487300437,0.9397290746824906,1
2017-06-22 00:00:00+00:00,0.0074895585213827776,0.03518939932288245,0.07580560980566275,0.0048781533146296,0.10634687896524242,1.1037076820620184,1
2017-06-23 00:00:00+00:00,0.0022333182024512066,0.033877948428441496,0.07497967940090877,0.005129315560590057,0.40801299937080127,1.578733101634531,1
2017-06-27 00:00:00+00:00,0.0009055120863137311,0.01979793387238793,0.08920402625045587,0.0030048431316171756,0.04650282762363345,1.4049484472514076,0
2017-06-28 00:00:00+00:00,-0.02689341676365109,-0.009806151754302106,0.06402421346010878,0.014265782938174036,-0.5223360724899775,0.6411056303005904,0
2017-06-29 00:00:00+00:00,-0.0041475713049413665,-0.020605031293947307,0.025929846772829945,0.013407316290303227,-0.17147943097686935,0.5641315164765524,0
2017-06-30 00:00:00+00:00,-0.009119077875070492,-0.036750523608158,-0.002854353135848031,0.01178249844783968,-0.3941601357393971,0.3906543736754756,1
2017-07-03 00:00:00+00:00,0.0007609366034979637,-0.03816563402055628,-0.005580658973202035,0.01149633699315156,0.1767288336941475,0.588933983834965,1
2017-07-04 00:00:00+00:00,0.029615300478553097,-0.010576555149271027,0.009011984783674043,0.020506804844706326,1.0463527040726772,1.4633757758442878,1
2017-07-05 00:00:00+00:00,0.014557607159316754,0.03156951146765952,0.02145378429309619,0.015727099649688367,0.44599698290600376,1.7916320980810785,0
2017-07-06 00:00:00+00:00,-6.927777445631111e-05,0.035794076416882925,0.01445150705822762,0.015142517648349287,-0.5005215919285559,0.8867991521481826,1
2017-07-07 00:00:00+00:00,0.03368999622900337,0.08054353559387617,0.04083299487939085,0.015735515199744348,1.6375632408171907,1.7125187588337039,1
2017-07-10 00:00:00+00:00,0.0011403349573260169,0.08095318031885457,0.039697916845448766,0.015646061136710382,-0.9022315611163636,0.17705785792700127,1
2017-07-11 00:00:00+00:00,0.0010048340250803367,0.050916160969090685,0.03980108823534079,0.014515197252207674,4.990956587740474,1.0378963429826096,1
2017-07-12 00:00:00+00:00,0.01120882315755134,0.04744736708078334,0.08051476874760977,0.014332164264713553,-0.18532810790783394,0.9393918018099083,1
2017-07-13 00:00:00+00:00,0.015286709227564588,0.06353306961664917,0.10160125358238936,0.013412903527523345,0.3452767526078837,1.1452433657245216,1
2017-07-14 00:00:00+00:00,0.007653949052202513,0.03674535059485029,0.12024848664227217,0.006260069031047974,-0.10775170660812117,1.2056314929733736,1
2017-07-17 00:00:00+00:00,0.011736001948325026,0.04771784676326973,0.13253393853557882,0.005406181449333086,-0.0867677434177524,0.9338249052142407,0
2017-07-18 00:00:00+00:00,-0.020525308546337495,0.025182975952778852,0.07738135737916196,0.014562781935094865,0.047506300184805506,0.991574785893359,1
2017-07-19 00:00:00+00:00,0.008585808185145094,0.0225237128670559,0.07103977082026458,0.014331860156525296,-0.39968952402492297,0.6290055080964613,0
2017-07-20 00:00:00+00:00,-0.0026416544365114314,0.0044675551208670505,0.06828446222802653,0.013168850603955104,0.1557100228511854,0.8078360209641513,1
2017-07-21 00:00:00+00:00,0.03669288172013063,0.03341466114641212,0.07138784518009533,0.020957995443227698,6.129165899141718,3.0178140939674543,1
2017-07-24 00:00:00+00:00,0.01908522765901166,0.04092136011024494,0.09059188606459978,0.02164000000949163,-0.5529304715035214,1.1697952864699745,0
2017-07-25 00:00:00+00:00,-0.00811009297749421,0.05411543565782484,0.08066119932544868,0.017904109685606438,-0.5380303027023587,0.5391816140897696,1
2017-07-26 00:00:00+00:00,0.012857638210850286,0.05858010483327658,0.0824232591613192,0.017878568140903644,0.0942657113589429,0.5594450067125788,0
2017-07-27 00:00:00+00:00,-0.01722359479868696,0.04310306789271423,0.04776318834527049,0.021583237090124517,-0.16146974789429858,0.4579477591764906,0
2017-07-28 00:00:00+00:00,-0.00021973878906333955,0.005962205467564097,0.03957609168936016,0.014865008402792212,-0.22149059576419916,0.6063162939509057,1
2017-07-31 00:00:00+00:00,0.013014007877123701,-3.083365802103444e-05,0.040889264697000494,0.013201677163171496,0.15598523374107054,0.9070481280935045,0
2017-08-01 00:00:00+00:00,-0.007181941010590442,0.000904878402372411,0.055069281949158944,0.013063817901108677,-0.25685963694291125,0.7365800723978201,1
2017-08-02 00:00:00+00:00,0.0159642035022316,0.003974783034489837,0.06278773107461633,0.013862822244829771,0.6883020682395598,1.2611967537779554,1
2017-08-03 00:00:00+00:00,0.012828133853906687,0.03467472413413275,0.07927237901536155,0.010045814722504801,-0.05190255669134969,1.1771950281576358,0
2017-08-04 00:00:00+00:00,-0.01693812129561778,0.01737283442990245,0.02343862030589161,0.014702895306790456,-0.05721282802621008,1.056240385400224,0
2017-08-07 00:00:00+00:00,-0.00357544581427216,0.0007119991478434784,0.0006811435362841234,0.013878402711006068,-0.4866976973892061,0.5892729827472571,0
2017-08-08 00:00:00+00:00,-0.008537910788916414,-0.0006547520059720924,0.00024953392545135067,0.014071096859392345,0.1493336330754209,0.6887670141625801,0
2017-08-09 00:00:00+00:00,-0.002339891735509081,-0.018659432221682093,-0.014758816381820195,0.010882291273155743,-0.04786340958222457,0.7538505448289035,0
2017-08-10 00:00:00+00:00,-0.009038009196878805,-0.03984578410048467,-0.006552701537944516,0.005762669855997574,-0.023809074386026752,0.853236261823409,0
2017-08-11 00:00:00+00:00,-0.02404778350307757,-0.046789774392439254,-0.030229810966069248,0.008647893440355846,0.6682378689624549,1.462184537783201,1
2017-08-14 00:00:00+00:00,0.017332267879464736,-0.02678881556095858,-0.02609589002696633,0.014974265476495557,-0.20920247199960984,1.0835186180664018,0
2017-08-16 00:00:00+00:00,-0.004418124383873234,-0.022744866477561687,-0.023384726236582054,0.014866321273326571,0.010121038342213007,1.050200637042742,1
2017-08-17 00:00:00+00:00,0.0006383393924500602,-0.01982754861098135,-0.038117010033234755,0.015033348540070615,0.16587810689676763,1.1301314852681688,1
2017-08-18 00:00:00+00:00,0.005296454998189981,-0.005649157270217864,-0.045269846269763714,0.01517627702951261,-0.49863978253704544,0.5854312326609884,0
2017-08-21 00:00:00+00:00,-0.0069822949462784445,0.011738049440534137,-0.035600945637034975,0.009604377197776485,-0.04565738688414278,0.6489162603091941,0
2017-08-22 00:00:00+00:00,-0.0027807201856900887,-0.008264339116231256,-0.03483176282087197,0.004766134221838902,0.25880609879794947,0.8754739206755865,1
2017-08-23 00:00:00+00:00,0.014101994072460933,0.010184230877644529,-0.01279227457140586,0.008104025439921404,-0.12729543728361492,0.845673654137087,0
2017-08-24 00:00:00+00:00,-0.008848944623121469,0.0006064400524330438,-0.01923313277816774,0.00950767621043504,0.5209456623588411,1.3749497799619137,0
2017-08-28 00:00:00+00:00,-0.0009566070565434348,-0.005617449558343646,-0.011234872972548993,0.009063571575113649,-0.026703946082717644,1.2219155655785234,0
2017-08-29 00:00:00+00:00,-0.02195915628145806,-0.020614895722993132,-0.009118824947666915,0.01308085724271887,0.23126725236687973,1.3075530962810056,1
2017-08-30 00:00:00+00:00,0.020852892339252582,0.002596055504798578,-0.005689738294488933,0.017270620795299098,-0.31849395825019133,0.8789602539510263,1
2017-08-31 00:00:00+00:00,0.019436356094283624,0.007869894184709292,0.018134273881713625,0.018435732706352518,1.4291089686210166,1.6609053791657178,1
2017-09-01 00:00:00+00:00,0.00978362444739056,0.02681675936293959,0.027439462172326623,0.017634853886357302,-0.3852958170058306,0.9847726737965812,1
2017-09-04 00:00:00+00:00,0.0020184716306033135,0.029874545118756757,0.024089276810130178,0.017414242613981213,0.39713883912550596,1.230668956643826,1
2017-09-05 00:00:00+00:00,0.01193180319330156,0.06556164008710441,0.04359519799028733,0.007664591170182187,0.16958041666133283,1.291197936539124,1
2017-09-06 00:00:00+00:00,0.007840035542233892,0.05197887891269426,0.054709874472227416,0.006344083903964541,0.933077567092637,1.7913436393627848,0
2017-09-07 00:00:00+00:00,-0.005591448386005782,0.02615213500521496,0.034227843725119556,0.007068839980159243,-0.6675554031281838,0.6371999463449941,0
2017-09-08 00:00:00+00:00,-0.0014665998487466414,0.014719545486755914,0.04193103535894571,0.007034124201684061,-0.1824661613064682,0.5300338596582586,1
2017-09-11 00:00:00+00:00,0.0012240539769838854,0.01391505820111183,0.04420530935392786,0.007069209667957619,-0.04210474114899654,0.5465036833577384,1
2017-09-12 00:00:00+00:00,0.0071526671792716545,0.00912655570072074,0.07528654774791077,0.005717602977744882,-0.48779450162766247,0.33371785399356996,1
2017-09-13 00:00:00+00:00,0.030652200200068203,0.03196784036634992,0.0856083717825471,0.01432833030711937,3.519421967754486,1.882625488484663,0
2017-09-14 00:00:00+00:00,-0.006065921196620194,0.03147544648972089,0.05845073162088443,0.01442877335042219,-0.5960241965290931,0.8053070776262214,0
2017-09-15 00:00:00+00:00,-0.0024292114894862715,0.030481077876935547,0.04564929097598647,0.01456408554745057,1.409526662419824,1.6059248694307608,1
2017-09-18 00:00:00+00:00,0.004454762844723126,0.033806192113964295,0.04819166544589981,0.014363592399808563,-0.8229786649213973,0.3109244653411444,0
2017-09-19 00:00:00+00:00,-0.008219687142659304,0.01802702019369251,0.027318100498328945,0.015827253613936765,0.5248329956864832,0.4671156607680293,1
2017-09-20 00:00:00+00:00,0.010195564357205367,-0.0021790280020563824,0.0297191535449699,0.007635472214455034,2.231465492167914,1.5950787751787618,0
2017-09-21 00:00:00+00:00,-0.006846379222067545,-0.0029625380981112004,0.028419661182228717,0.007786413316766547,-0.4807883892936543,0.8168695784754384,0
2017-09-22 00:00:00+00:00,-0.028466268299455644,-0.028985674838079567,0.0006118884268009328,0.014846927035811716,-0.05068931097164209,0.9762166901762185,1
2017-09-25 00:00:00+00:00,0.005077119202904656,-0.028384038048147486,0.004462597822590952,0.014956350590383029,0.15743698576396925,0.9863104598517635,0
2017-09-26 00:00:00+00:00,-0.0017649290818153585,-0.022060514702150757,-0.004431179852477207,0.014957876803292434,-0.2575954358900804,0.704453675362613,0
2017-09-27 00:00:00+00:00,-0.025545762809180972,-0.05666060237448034,-0.05871616533734947,0.014801739414960187,0.7463655120912316,1.3468823112597428,0
2017-09-28 00:00:00+00:00,-0.0158916493134883,-0.06525218323456661,-0.06802140925386047,0.014641258008314995,0.6015965218437676,1.7363725624803004,0
2017-09-29 00:00:00+00:00,-0.00705700700692069,-0.04465355696069673,-0.07234491831634982,0.011995178341010505,-0.43595433838973574,0.9315262523413764,1
2017-10-03 00:00:00+00:00,0.022345989741056504,-0.028239140863936307,-0.05582163806335483,0.018038562714736795,0.1007751733327702,0.9802951240756694,1
2017-10-04 00:00:00+00:00,0.02567799782224034,-0.0015240283594597503,-0.023550922211580172,0.022986900790429737,0.030626333687784113,0.927607188128299,1
2017-10-05 00:00:00+00:00,0.006472285232844266,0.03128331179943422,-0.027149821865870893,0.018054699876627226,-0.4376999294093791,0.5649240575929974,1
2017-10-06 00:00:00+00:00,0.015652408470644197,0.06433948936008527,-0.00511098602342408,0.01322195780176613,0.22253502739106668,0.8380305996443075,0
2017-10-09 00:00:00+00:00,-0.0076456879482916795,0.06370847994972006,0.01621011275070905,0.013441753105360763,-0.31907828530735616,0.6345906425125499,1
2017-10-10 00:00:00+00:00,0.01510858246083191,0.05617825869969595,0.02635269207484825,0.012471134144234102,0.6645587412467313,1.1140456303030324,0
2017-10-11 00:00:00+00:00,-0.003617227377629706,0.026011890691891137,0.024448219473333754,0.010627871150091107,0.04674306802649797,1.2310414167465573,1
2017-10-12 00:00:00+00:00,0.0388025122850999,0.05896977524676372,0.09209785691198502,0.01851115395489926,0.20896001489950744,1.3195048119361124,1
2017-10-13 00:00:00+00:00,0.004239461071740225,0.047070067983607355,0.1144380214819023,0.018599247066193935,0.15377181348308655,1.3586953205491064,1
2017-10-16 00:00:00+00:00,0.00039958145973018055,0.055558931974722725,0.12280698702818227,0.01704109983996799,0.4881295188622101,1.564255847839875,0
2017-10-17 00:00:00+00:00,-0.0027944038596492415,0.0369425421164149,0.09519616850415136,0.017821459213065067,-0.5657862464069339,0.6847979321363398,1
2017-10-18 00:00:00+00:00,0.045920085959699763,0.08849637166169577,0.11681022029987997,0.02313791985658211,1.6384885678262164,1.493976594606053,0
2017-10-19 00:00:00+00:00,-0.005030162408398153,0.04256684530817689,0.10404677785572747,0.02118165276349607,-0.7814468833269557,0.3574686501807234,1
2017-10-23 00:00:00+00:00,0.03280562265522624,0.07222325109497452,0.1226928724176195,0.02345940867436082,2.425591785762456,1.162867360045197,0
2017-10-24 00:00:00+00:00,-0.005852571096272352,0.06552222536068042,0.12472150219704958,0.024525311737146626,-0.49526091846680353,0.6935916398065259,1
2017-10-25 00:00:00+00:00,0.006047679695420527,0.07497006298101505,0.1146821898065764,0.023393519138915336,-0.2775331216639211,0.5213840709198597,1
2017-10-26 00:00:00+00:00,0.007979613808850594,0.035975810661914354,0.1276559110347777,0.015632734403668868,0.6820231403360562,1.1052846748879568,0
2017-10-27 00:00:00+00:00,-0.018524430341030684,0.021925399651830935,0.06542554005530721,0.019059190897887268,-0.3171904072250621,0.7216950790406811,1
2017-10-30 00:00:00+00:00,0.013604350743383398,0.0029264059961933153,0.07536101164623688,0.012851221666808932,-0.3196302976367362,0.6515974286396119,0
2017-10-31 00:00:00+00:00,-0.0017505281248235693,0.007064672710954012,0.07304979114910082,0.012457143818135832,0.21496439529132538,0.8535578652110082,1
2017-11-01 00:00:00+00:00,0.012435434129759004,0.013458884395555648,0.08943796078735966,0.013340067077112827,0.8486477518220437,1.3893000238969424,0
2017-11-02 00:00:00+00:00,-0.0062463920389931316,-0.0008444525156751093,0.03510097828242231,0.013462060408174438,-0.41508957952114267,0.9067070812971558,0
2017-11-03 00:00:00+00:00,-0.0013734548931393364,0.01661547495810045,0.03890517553879258,0.009056940391002286,-0.5331107863079578,0.48008572543110084,0
2017-11-06 00:00:00+00:00,-0.013540539356076686,-0.010610054728023233,-0.007714698059605896,0.00948692825919016,1.0334314396242021,0.9398461970806896,0
2017-11-07 00:00:00+00:00,-0.0276676550602043,-0.036297165538145104,-0.029488920422053422,0.014828222958209908,1.0955759551425897,1.626627679823109,0
2017-11-08 00:00:00+00:00,-0.020844782063205725,-0.06797547073716359,-0.05543146034399293,0.010646520667164233,-0.13178976635565665,1.408190106310431,1
2017-11-09 00:00:00+00:00,0.014305064553834956,-0.04870061074858201,-0.0495039379109955,0.016637982122617037,-0.15465560827527247,1.107321532862528,0
2017-11-10 00:00:00+00:00,-0.018489924551031822,-0.06500589244921129,-0.049470521269229795,0.016220143860461975,-0.0722400092115637,0.905412273398714,0
2017-11-13 00:00:00+00:00,-0.009729937127312183,-0.06139409614914959,-0.07135275615705283,0.016292298939359188,-0.3472274353804202,0.5962149723943979,1
2017-11-14 00:00:00+00:00,0.013081923548160956,-0.02205796251100134,-0.05755448653245032,0.016976758896140573,0.37330687973607435,0.9143500097526562,0
2017-11-15 00:00:00+00:00,-0.0033833491326784593,-0.004618164423074833,-0.07227971325963833,0.014319674634753391,0.22357923906836885,1.1609765983082252,1
2017-11-16 00:00:00+00:00,0.022801907071386074,0.0037201580375827437,-0.04516162667951085,0.016847811329523895,-0.007280812626509592,1.1498377676134353,1
2017-11-17 00:00:00+00:00,0.008906257748737323,0.03173627434181148,-0.03533266294400228,0.012998268023014209,-0.19402519618602265,0.9513268159588784,1
2017-11-20 00:00:00+00:00,0.009814691377793006,0.05209930757211567,-0.012493378475420425,0.0093999114926323,-0.24453830161459644,0.7170989840900607,1
2017-11-21 00:00:00+00:00,0.012705522558313476,0.05170841004291993,0.028509865361688425,0.009372973212511746,0.41717794933375374,1.006858825469623,0
2017-11-22 00:00:00+00:00,-0.0019301532615972894,0.053241936818461566,0.048377892376956,0.00885595106603444,-0.15470822059147948,0.9101209479907937,1
2017-11-23 00:00:00+00:00,0.017459212907685373,0.04774023652840542,0.051637995790625446,0.0071530608808958495,0.449736058341619,1.3007906019002422,1
2017-11-24 00:00:00+00:00,0.0043294679447016815,0.04298728074585201,0.07608781122262243,0.007514333358552093,-0.12752988808754284,1.1032505507645394,1
2017-11-27 00:00:00+00:00,0.00026277555730302993,0.03312158281870747,0.08694650192137043,0.008265487840032915,-0.26810298756892503,0.7948523225477351,0
2017-11-28 00:00:00+00:00,-0.0084089883704771,0.011581405081660723,0.06388867116741626,0.009625985307641227,-0.008158239585587146,0.8259294198944486,1
2017-11-29 00:00:00+00:00,0.002808928095760388,0.01638464264458106,0.0704989295715186,0.009328838814901135,-0.20832643103177606,0.687651356036654,0
2017-11-30 00:00:00+00:00,-0.025845612649640137,-0.02687444734201838,0.019582796713708772,0.012461830373451263,1.567413017918725,1.6365153922996412,0
2017-12-01 00:00:00+00:00,-0.012424670308236352,-0.04310804454997774,-0.0019738614176003644,0.011409583112981252,-0.46142588972925225,0.923448615843205,0
2017-12-04 00:00:00+00:00,-0.009339599034275503,-0.05229406568805306,-0.02090454509695938,0.010270562385745174,-0.09102672099701237,0.8412622380818544,1
2017-12-05 00:00:00+00:00,0.013420471359876895,-0.03143071750654536,-0.020213324296335156,0.015005402588302904,0.8119618046070121,1.3421099744695526,1
2017-12-06 00:00:00+00:00,0.014173101928199872,-0.020454559051396703,-0.004405057047325189,0.017395772349810414,0.31526583242232453,1.4291248346255638,1
2017-12-07 00:00:00+00:00,0.005287909510663935,0.010851258680171672,-0.01631481024184156,0.01250829636845623,-0.49766341428953575,0.7989161932867505,0
2017-12-08 00:00:00+00:00,-0.011325060237743267,0.011976785199918183,-0.031647555140023265,0.012192034293692979,0.01065562568471834,0.795768626515562,0
2017-12-11 00:00:00+00:00,-0.00526602599633319,0.01613801072502774,-0.03699997715595438,0.011312166811857576,-0.11713959802961083,0.6963060406864362,0
2017-12-12 00:00:00+00:00,-0.000600456791944648,0.002079484729798242,-0.029416592473848535,0.009799965247722968,0.4623488081445126,1.052530519957192,0
2017-12-13 00:00:00+00:00,-0.001037461098299497,-0.0129496982874453,-0.033139376970523715,0.006162233647491576,-0.4203619293359644,0.761793608867714,1
2017-12-14 00:00:00+00:00,0.007489060818113957,-0.010788479554404873,-5.428945664365248e-05,0.00690002986524995,0.20062504194967445,0.9318897673738408,0
2017-12-15 00:00:00+00:00,-0.0018990058102698049,-0.0013573093517433854,0.010603219645619166,0.00470411782089013,1.2223495484950275,1.7161537445181463,1
2017-12-18 00:00:00+00:00,0.0013591541443740418,0.005293903831532054,0.02151734763337032,0.003785976291150137,-0.23872886620163025,1.1774867330903434,1
2017-12-19 00:00:00+00:00,0.005374423936231665,0.01130402382105622,0.013407015095775687,0.004062781606596781,-0.5214741111565149,0.6173709390567469,0
2017-12-20 00:00:00+00:00,-0.008423776981512865,0.003826455160554021,-0.009172794566730924,0.006291705467174104,0.17452270889755384,0.7123006989015795,0
2017-12-21 00:00:00+00:00,-0.005663559886413316,-0.009278350768728849,-0.019966731025566564,0.005482954367481401,-0.1313777871062871,0.6352870195863607,1
2017-12-22 00:00:00+00:00,0.008160369650437538,0.000706651855939544,-0.0006516166409763491,0.007075117851856977,0.1749420434439919,0.9244647240665143,1
2017-12-26 00:00:00+00:00,0.01021302154713144,0.009554749931360185,0.014899235690163382,0.008428416751627733,0.08799702920543262,1.144494427710249,0
2017-12-27 00:00:00+00:00,-0.006506842227640863,-0.0023759182907080456,0.00890124809339321,0.008878147148660219,-0.17902099783569603,0.9280892034068433,1
2017-12-28 00:00:00+00:00,0.0004871963906296628,0.006589405222655165,0.010441074446828402,0.007690871086940005,0.6293404129049878,1.3761813067380464,0
2017-12-29 00:00:00+00:00,-0.0034082241227019194,0.008872532938172029,-0.0004881403033643039,0.007229891418264882,-0.28508393979818447,0.9498394625102783,0
2018-01-01 00:00:00+00:00,-0.012268702176001178,-0.011570969960341349,-0.0108724947517993,0.008406021995428531,-0.14756918582107725,0.8267410459421194,1
2018-01-02 00:00:00+00:00,0.001538825993219639,-0.020058117240027595,-0.010695017602989632,0.0056083518162827325,0.004889031250998377,0.8624143937812887,1
2018-01-03 00:00:00+00:00,0.004005881487724183,-0.009688787376025854,-0.012041685899592425,0.006367577747546022,0.42196064833017677,1.1435269086329127,1
2018-01-04 00:00:00+00:00,0.006012192662377958,-0.004219985998699771,0.0023416120261761098,0.0073024594177311785,-0.3330570485201143,0.8570295206802908,1
2018-01-05 00:00:00+00:00,0.003205706906094452,0.0023885577319171514,0.011282283227240342,0.007316338395815455,-0.17401041544103124,0.7607020125295035,1
2018-01-08 00:00:00+00:00,0.005740407357804234,0.020664910188700425,0.008854827173332414,0.0018517320260664754,0.18622270027592003,0.9140643712350072,1
2018-01-09 00:00:00+00:00,0.013354241772848274,0.03270596139168047,0.011991824143610774,0.004026846405185088,0.6194107411108165,1.3465219326134046,1
2018-01-10 00:00:00+00:00,0.001487801662372945,0.03011590082047433,0.020135326884761495,0.004536310306612616,-0.1795709014282415,1.1430603139146278,0
2018-01-11 00:00:00+00:00,-0.004881263194713381,0.01896144148576351,0.014661438469478538,0.006635336444587521,-0.3307142025167463,0.7827297148480742,1
2018-01-12 00:00:00+00:00,0.0119966212276994,0.02789042052511337,0.030345596136622133,0.0075467465217186,0.9200958929293297,1.3044195991992675,1
2018-01-15 00:00:00+00:00,0.00015815737828028809,0.022185229367483128,0.043308595328578114,0.007913602269337018,-0.26210562013105687,0.9257638289870173,0
2018-01-16 00:00:00+00:00,-0.027603757969227427,-0.01912970339239939,0.012950602658694743,0.014670924962683587,-0.026596168933789244,0.956385286873594,1
2018-01-17 00:00:00+00:00,0.0016796845489623902,-0.01894177077497705,0.010603681555473976,0.01468835249791118,0.21975351660221643,1.1368968134277786,0
2018-01-18 00:00:00+00:00,-0.005192217843951408,-0.019248331797564355,-0.0006518664288789333,0.01469510175642099,-0.28947215756176004,0.7870249276069217,1
2018-01-19 00:00:00+00:00,0.012612858760399748,-0.01865112032913907,0.008719112606730084,0.014862261910006695,0.06307005857391657,0.9149116035120601,1
2018-01-22 00:00:00+00:00,0.04316549910412193,0.02354741228185242,0.04625504639181921,0.02594440659161882,3.5822010114169167,2.564999870797921,1
2018-01-23 00:00:00+00:00,0.012094606513419537,0.06533403843455754,0.04495451426547725,0.018506427763202903,-0.5070798973837027,1.117546382237146,0
2018-01-24 00:00:00+00:00,-0.01718777340836042,0.04526759854292717,0.025468379292816312,0.02278749978522517,-0.36566762004917697,0.7013424403878178,0
2018-01-25 00:00:00+00:00,-0.0004657190486587748,0.0502338403977749,0.030018590972768378,0.022135160958858965,-0.043359435277058656,0.6438320228862606,0
2018-01-29 00:00:00+00:00,-0.0014493704707172483,0.03564916582823696,0.016333148617601934,0.022615302913996833,-0.2759959271102256,0.4664730144537451,0
2018-01-30 00:00:00+00:00,-0.014618955163905878,-0.021718933396591478,0.0013170542062492796,0.01187627071516691,-0.07215351946799575,0.6600154879776701,1
2018-01-31 00:00:00+00:00,0.01146869190979416,-0.02232393652781739,0.04155158897962119,0.011661277191669914,0.36684592630085566,1.0531511991758769,0
2018-02-01 00:00:00+00:00,-0.018152488248759036,-0.023283609781786785,0.020929995660908363,0.011929600941295389,0.3165409810283655,1.3363874270182508,0
2018-02-02 00:00:00+00:00,-0.04184969196105426,-0.06372284774110093,-0.016690050706444248,0.019959810201344023,0.7528549346621798,1.8779046470047214,0
2018-02-05 00:00:00+00:00,-0.0024326655059896396,-0.06464482069693289,-0.031300188801657636,0.019822908772474994,-0.3374518864502446,1.110388541640883,0
2018-02-06 00:00:00+00:00,-0.011140060781761552,-0.06134254296829211,-0.08172918175977772,0.019818065486943953,0.25383663541103085,1.187735776319802,1
2018-02-07 00:00:00+00:00,0.0025782332656545393,-0.06959301613617319,-0.09036336258898725,0.017388718521747525,-0.3545025635944856,0.7447658666177299,1
2018-02-08 00:00:00+00:00,0.011348211002057074,-0.041637904692371275,-0.06395203374916958,0.02044786994598662,-0.10986085497792852,0.6805597344991389,0
2018-02-09 00:00:00+00:00,-0.007407003267029921,-0.007187602868232168,-0.07045243608613727,0.008808545937530748,-0.1623949236121729,0.6877483232783702,1
2018-02-12 00:00:00+00:00,0.019658191635977262,0.014797957479868007,-0.050803474525031755,0.012802466718147028,0.02559616960687583,0.7724576893068986,1
2018-02-14 00:00:00+00:00,0.019824937785110297,0.04657517491257224,-0.01762440772405005,0.011688864750430999,0.8731766003688286,1.4819298487864407,1
2018-02-15 00:00:00+00:00,0.002142222737336441,0.04612003058587755,-0.026682617583059343,0.01175207523245342,-0.39932372727244536,0.916641260317351,0
2018-02-16 00:00:00+00:00,-0.015336835503801716,0.018517508167575025,-0.023891426765017876,0.015833837863449066,-0.2795310415652261,0.7007657869947744,1
2018-02-19 00:00:00+00:00,0.006186745454420439,0.032466297973667624,0.02504534024899918,0.014548432798887082,-0.07127653232257625,0.6768147834835303,0
2018-02-20 00:00:00+00:00,-0.006364586116303306,0.006116643521540732,0.021005114832160166,0.013259832809893589,-0.054065690736867955,0.6751627280704157,1
2018-02-21 00:00:00+00:00,0.008956730069721086,-0.004605475797732517,0.04175519827400476,0.009936230525990998,0.40893307875556406,1.1391197550662024,0
2018-02-22 00:00:00+00:00,-0.005379970462047523,-0.01207702000650368,0.03348601804728757,0.009933109085093428,-0.060456358313355496,1.1165018474233894,1
2018-02-23 00:00:00+00:00,0.010710137122377228,0.014056183452802573,0.032833977112269874,0.008106244753539969,-0.052357668742120556,1.0377114177806877,1
2018-02-26 00:00:00+00:00,0.004763414033679858,0.01262172008422291,0.045497798583085336,0.007982585430430974,-0.20498745413105157,0.833245141851118,1
2018-02-27 00:00:00+00:00,0.012570269598917605,0.031918381511527816,0.03823025839455907,0.007151987546236292,0.6621636535871558,1.247853513920194,1
2018-02-28 00:00:00+00:00,0.004261128509548184,0.0271159183158447,0.022385560812575367,0.0070270767369957,3.040296787060547,2.8068405945758585,0
2018-03-01 00:00:00+00:00,-0.006442954229814779,0.026018205102395386,0.013626962712336876,0.007438231412324858,-0.8418973678599017,0.45384424789447825,0
2018-03-05 00:00:00+00:00,-0.025622186783380907,-0.010864402869776524,0.0030390685431833653,0.014789705580715486,0.3761592302427599,0.6138921107486471,0
2018-03-06 00:00:00+00:00,-0.014338188100251892,-0.029668903878664832,-0.017421656394404073,0.015040452337445198,0.2997017449889636,0.7418335601536727,0
2018-03-07 00:00:00+00:00,-0.02316511441386837,-0.06391359324049883,-0.034035230181793885,0.012302056898997353,-0.010373460819492197,0.7218886400743945,1
2018-03-08 00:00:00+00:00,0.02438896552987524,-0.04515214355642927,-0.01926056707704593,0.020166797414122157,-0.1620822874579605,0.999703670358982,1
2018-03-09 00:00:00+00:00,0.0018101624427060425,-0.037220570027476585,-0.012170777350084094,0.02076107966192395,-0.1991453306079426,0.7808498966405006,1
2018-03-12 00:00:00+00:00,0.01883699447073295,0.0067093969773908135,-0.004227899484161357,0.020516994035223265,-0.21839273425728956,0.6484972075582262,1
2018-03-13 00:00:00+00:00,0.0016659269036243263,0.02305526000079028,-0.007297668170735516,0.018584476488617982,0.3407732873129168,0.9409812514773611,0
2018-03-14 00:00:00+00:00,-0.0030046619876733516,0.04416963378386707,-0.022566999463875637,0.012071056934669356,0.320730045419519,1.266929221242185,0
2018-03-15 00:00:00+00:00,-0.018567451172079585,0.00038374052881184895,-0.044785729735062674,0.013365560130353405,-0.13668599413873406,1.104633423468598,0
2018-03-16 00:00:00+00:00,-0.012886501313527976,-0.014291997463211414,-0.05098061119827613,0.014478393833188778,1.4241157610906874,1.982558405637882,0
2018-03-19 00:00:00+00:00,-0.005055334775390996,-0.037407432282480446,-0.030949016618177727,0.008088221619190383,-0.5901071369161512,0.7698833241055015,0
2018-03-20 00:00:00+00:00,-0.006365243480232707,-0.04512531976765366,-0.023110435746725444,0.00642130870528022,0.2028488540700364,0.8825425055089696,1
2018-03-21 00:00:00+00:00,0.00797960169158185,-0.03460511483948692,0.00803602369487133,0.009962777246648373,-0.031452480398352356,0.8548770974373775,1
2018-03-22 00:00:00+00:00,0.01254326853422838,-0.004002777761915488,-0.0036205732611586106,0.010609880194478023,0.5038758757485324,1.1588229152627394,0
2018-03-23 00:00:00+00:00,-0.0156913197066193,-0.006832838673977437,-0.02102718122419389,0.011452235805346479,0.06056451768510618,1.3314247082302042,1
2018-03-26 00:00:00+00:00,0.008054430975370064,0.006253506015747812,-0.03138785386954479,0.0118755138926991,-0.43639942208774696,0.7453442891244834,0
2018-03-27 00:00:00+00:00,-0.001442554814319319,0.011238710787015105,-0.034393759398678836,0.011269311898974973,0.14755688912022147,0.8554545323697659,0
2018-03-28 00:00:00+00:00,-0.019004220700149177,-0.015832358629198295,-0.04988959288014183,0.013994334094844216,0.2622651246967629,1.028287361333202,1
2018-04-02 00:00:00+00:00,0.011611988223104497,-0.016737540635475168,-0.020673321741945805,0.013737792668214387,-0.34790700024200694,0.7478837900848864,1
2018-04-03 00:00:00+00:00,0.0073911688791075125,0.006320413591130558,-0.0005556114492679676,0.012337365059985355,0.11426044373607946,0.9408814818642445,0
2018-04-04 00:00:00+00:00,-0.005169127874509516,-0.006880398589301007,-0.0006699191875221278,0.011944488446535888,0.02100311403588795,0.9479982156374694,1
2018-04-05 00:00:00+00:00,0.014861938285137155,0.009335305140317551,0.020678932721913235,0.013959218760652354,-0.40005666031682785,0.6241184549992717,1
2018-04-06 00:00:00+00:00,0.0030831539251323647,0.0320607515464868,0.01572079560088291,0.007819655790369856,0.13332367876555984,0.8215094386195884,1
2018-04-09 00:00:00+00:00,0.005488336725337328,0.025813316323723967,0.008643724257344054,0.007249371016508124,-0.1915170667264846,0.7215932849383563,1
2018-04-10 00:00:00+00:00,0.0011462448248453772,0.0194541914354045,0.025897563562487624,0.00730042446696497,0.08206340575003734,0.8685048509989427,1
2018-04-11 00:00:00+00:00,0.015048530028186402,0.04017226188076006,0.03301546211748563,0.006599206653699404,0.5541822410342025,1.380261030856939,0
2018-04-12 00:00:00+00:00,-0.0023099069179013387,0.022572156495299645,0.032118179604175845,0.006555110089251527,-0.17641400655788808,1.0844861923960853,1
2018-04-13 00:00:00+00:00,0.010929329390233278,0.030570776085503404,0.06361164968865096,0.007053920366172598,0.1657850540794663,1.193660769434149,0
2018-04-16 00:00:00+00:00,-0.0019174419703742451,0.02298025631596201,0.04938676926517016,0.007927520839610201,-0.29187562060031624,0.8277131818818625,1
2018-04-17 00:00:00+00:00,0.0076837776983214034,0.0296603663290127,0.04969157620902598,0.007757024649028192,0.07449300586785168,0.8709004185210322,0
2018-04-18 00:00:00+00:00,-0.006618725043724072,0.007681206579805533,0.04816203990284973,0.007403463627080036,-0.23321582413662933,0.7460285488735,1
2018-04-19 00:00:00+00:00,0.004584115896026475,0.014644267830485669,0.037546977031014395,0.0071414212812629455,0.3316946491007253,1.0144564111120227,0
2018-04-20 00:00:00+00:00,-0.015281931332451815,-0.011663313393737273,0.018550906149591206,0.009143230316275322,-0.25257526406039543,0.8514590141152824,1
2018-04-23 00:00:00+00:00,0.008729581328489111,-0.001120253959663975,0.021834258633166126,0.01040963433006661,0.047468326787408754,0.9187790473494183,1
2018-04-24 00:00:00+00:00,0.036378099662772945,0.027323368604270648,0.0577941560554287,0.01964345496638813,1.5957602089626373,1.9123340118347265,1
2018-04-25 00:00:00+00:00,0.0004639426914090361,0.034648038657752345,0.04259538398007323,0.01878231889001637,-0.29324327478657697,1.1971395882835838,1
2018-04-26 00:00:00+00:00,0.004997434103102494,0.03507372612933968,0.050231622999076686,0.01877007247098657,1.4217681571534886,2.051597056771327,1
2018-04-27 00:00:00+00:00,0.021479315870490012,0.0737148380681083,0.06119176541621418,0.01455960762385864,-0.2515867158866386,1.259674673742017,0
2018-04-30 00:00:00+00:00,-0.033122500832771795,0.029166524573217778,0.028013596698911014,0.026099107231768653,-0.239533780924984,0.8585068658893351,1
2018-05-02 00:00:00+00:00,0.009758189695184383,0.0027318476587696594,0.030129859543591708,0.020471411940058665,-0.3104263413677443,0.628359109792641,0
2018-05-03 00:00:00+00:00,-0.011411500591847146,-0.009170515512013089,0.025159782769767602,0.021184340596154937,-0.3547401365753807,0.4273033072630248,0
2018-05-04 00:00:00+00:00,-0.00795562572186359,-0.02194096959816394,0.01236320497247756,0.020957499432515108,-0.03846789021000108,0.5517143532240957,1
2018-05-07 00:00:00+00:00,0.017873021455456994,-0.025393970323788095,0.046448955333995956,0.019885254466004816,-0.07460040765302733,0.6691726510080909,0
2018-05-08 00:00:00+00:00,-0.004016359197315578,0.003944825090272053,0.03322640650142228,0.012456965872941534,0.4046949813542884,1.1059108142218068,1
2018-05-09 00:00:00+00:00,0.009926542276288197,0.004112208434437603,0.0068552900201912514,0.012487256060939103,-0.08909806008682952,1.0864371543178772,1
2018-05-10 00:00:00+00:00,0.004556151314196066,0.020330598824866097,0.010973641240961118,0.010429087728082112,-0.10674959851669874,0.9673224495333269,1
2018-05-11 00:00:00+00:00,0.008255569163580168,0.03700402454452445,0.014251150768819443,0.007987294729674578,-0.0007793582570069235,0.9566192425296016,0
2018-05-14 00:00:00+00:00,-0.0026788264241305315,0.01606590307581257,-0.00973604431390751,0.0063103162759743925,-0.35696111793625795,0.6437899559164963,0
2018-05-15 00:00:00+00:00,-0.00775380565647843,0.012253097567615612,0.016246258984605744,0.007491012656680928,0.8611397184120015,1.2061973686731398,0
2018-05-16 00:00:00+00:00,-0.0232903347249952,-0.02104030074260832,-0.017014614410347573,0.012361171032585008,0.7941056683539529,1.7929559478857158,0
2018-05-17 00:00:00+00:00,-0.011295074285960549,-0.03648763141306366,-0.016898847984526122,0.011566920092014998,-0.450449644741033,0.9566893275234877,0
2018-05-18 00:00:00+00:00,-0.012165027700582365,-0.056002026626243984,-0.021070302449540113,0.007604657052675147,0.10490384923702534,1.007428458428661,0
2018-05-21 00:00:00+00:00,-0.0026770227666931268,-0.056000319403926135,-0.040834112031871594,0.007605176366368386,0.26670103111707677,1.1040497267038072,0
2018-05-22 00:00:00+00:00,-0.004939157455575605,-0.05332252933751991,-0.04172279792442901,0.008037757983146453,-0.21952172655309343,0.8511992326341689,0
2018-05-23 00:00:00+00:00,-0.015646076377065166,-0.04591331919535202,-0.06598758989399878,0.005369643306989411,-0.11662568402520479,0.8674819498098629,1
2018-05-24 00:00:00+00:00,0.003946456440456547,-0.031205451273436657,-0.06655446968235679,0.007773598685780968,0.16429350413190713,0.988066405939769,1
2018-05-25 00:00:00+00:00,0.005404645152232268,-0.013974432165969053,-0.06919386226996782,0.008403006815948667,0.5286848756100264,1.363531007185586,0
2018-05-28 00:00:00+00:00,-0.0004344235553449538,-0.011757236521958037,-0.06709914692534713,0.008469612963142916,-0.3606221541399619,0.9156442502626088,0
2018-05-29 00:00:00+00:00,-0.0032051124384238072,-0.010035073045638887,-0.06282250690627855,0.008371185434917508,0.5724616323820575,1.3020644539377828,0
2018-05-30 00:00:00+00:00,-0.0014713789285607515,0.0042204228562436885,-0.041886669960846334,0.003667945493661043,-0.26698498029799567,0.9130189148418979,1
2018-05-31 00:00:00+00:00,0.005730845247162053,0.006005298603863896,-0.025387550722538066,0.004105487183407735,1.8294396909178423,1.9071064150044403,1
2018-06-01 00:00:00+00:00,0.009985284610956269,0.01058867464920965,-0.003533728232372191,0.005538068362743173,-0.4828965399769871,0.9722513035325878,1
2018-06-04 00:00:00+00:00,0.01106889431236091,0.02221884982925415,0.01020038103460763,0.00651439126965559,-0.3611153963659023,0.6156591399202086,1
2018-06-05 00:00:00+00:00,0.007227335144839087,0.03291738440496261,0.02255198300234862,0.0049417903043309785,0.4233956789593858,0.8802334232368763,1
2018-06-06 00:00:00+00:00,0.007122920242021991,0.041807666398629095,0.04620453528570789,0.002214556305723151,-0.47444395225457503,0.48178231606797683,1
2018-06-07 00:00:00+00:00,0.01775975175769906,0.0542680648047158,0.06059925934238586,0.0043393358527883934,0.6367891740111493,1.0270185478679958,1
2018-06-08 00:00:00+00:00,0.013383661706077632,0.05781544366076563,0.06901630723259888,0.0044765293535405535,-0.04735115108617771,1.048528745617728,0
2018-06-11 00:00:00+00:00,-0.0017271594092240772,0.0444277671920803,0.06763375090882429,0.007371959697320466,0.051044608475207864,1.0590217535289765,1
2018-06-12 00:00:00+00:00,0.014756016928262339,0.052234509553604536,0.08687131738874787,0.007741946825339869,0.08435240611082784,1.1673044740028344,1
2018-06-13 00:00:00+00:00,0.0053653795552544015,0.05039824416296379,0.09431294354063491,0.007956849753128383,-0.20405047826657485,0.8811351125745523,1
2018-06-14 00:00:00+00:00,0.005436331422465246,0.03767962460677077,0.09399248972146412,0.0067306524026960884,-0.07444342149378258,0.8502414694110044,1
2018-06-15 00:00:00+00:00,0.006200661751296188,0.03032441159289645,0.08989307456365703,0.005855283093722559,1.0592482001918895,1.5256157998430584,1
2018-06-18 00:00:00+00:00,0.001331016090049264,0.03348077600923349,0.07939601932326235,0.00493252187368962,-0.499555288232887,0.7893675009355755,0
2018-06-19 00:00:00+00:00,-0.019201297191550837,-0.0011031345685685867,0.051073753291875024,0.010806247821774766,0.12273199173208016,0.9143167016055002,1
2018-06-20 00:00:00+00:00,0.02329209416113498,0.016708239675509162,0.0679485497811727,0.015188683283522204,0.1335817283898677,0.999923631635612,1
2018-06-21 00:00:00+00:00,0.012459954192749256,0.02381060401201318,0.062387403239617,0.015737606674597712,0.46094147434737653,1.2817789491777458,0
2018-06-22 00:00:00+00:00,-0.01884766355529721,-0.001676102602746976,0.028597482164951726,0.018863200662446653,0.538568359203127,1.762509418983744,0
2018-06-25 00:00:00+00:00,-0.007950762510768428,-0.010930006894785294,0.022184824001824532,0.019130525349194297,-0.6785589926923398,0.5722145468085367,0
2018-06-26 00:00:00+00:00,-0.025386936616837663,-0.017167811172259517,-0.018252007334857323,0.020656154904246975,0.5523393510511707,0.8558138364797929,0
2018-06-27 00:00:00+00:00,-0.006786259870324329,-0.046056898362275334,-0.030118188383313482,0.014418584531444355,0.11030061438750316,0.9159220949470905,0
2018-06-28 00:00:00+00:00,-0.021639216014975537,-0.07818524877902377,-0.05623628276526871,0.0083311633434388,-0.04211849959310221,0.9133627371781776,1
2018-06-29 00:00:00+00:00,0.02910205519223985,-0.033135406449195326,-0.03475597071094971,0.02153833811418913,-0.07164855205651599,1.0273270214197987,0
2018-07-02 00:00:00+00:00,-0.012185708392147832,-0.0372628419368457,-0.04778556571234194,0.021690797104592537,-0.16387389913441175,0.8277372271233179,1
2018-07-03 00:00:00+00:00,0.01113883144923733,-0.001182149541916977,-0.018329665794063477,0.020209999011551655,-0.23925463575713501,0.6804548187198614,1
2018-07-04 00:00:00+00:00,0.019355604978127827,0.02510721819426398,-0.022106040764544033,0.02138664916472293,-0.013130744565417962,0.7513889041919404,0
2018-07-05 00:00:00+00:00,-0.02585595806319363,0.02068899867683327,-0.05911382461072778,0.022747211836551134,2.743328645618544,2.1558795342769197,1
2018-07-06 00:00:00+00:00,0.013530269229764746,0.005244514292162883,-0.02806467126973189,0.019310903010474674,-0.5105992141595375,1.0268285965120156,1
2018-07-09 00:00:00+00:00,0.019999047620581356,0.03799717812836456,-0.0006815466511246315,0.019097889610780384,-0.43564688259868556,0.5995285032389903,1
2018-07-10 00:00:00+00:00,0.028683048022944746,0.056007412459766925,0.05475905378086665,0.021378445307034456,1.0201413768445482,1.0768417178779532,1
2018-07-11 00:00:00+00:00,0.012771857450864177,0.049186940627757414,0.07552910607267083,0.020944456159677532,-0.17037089367652747,0.8306179643713022,1
2018-07-12 00:00:00+00:00,0.041923411300573976,0.12218767370113515,0.1454046129974964,0.012175396635451747,1.7823539994734583,2.09462694128443,1
2018-07-13 00:00:00+00:00,0.016122256305583393,0.12505753958988342,0.13095791993576822,0.011696871230238302,-0.2547571338614546,1.353847902311599,0
2018-07-16 00:00:00+00:00,-0.021458367454683325,0.07933006806808307,0.1203415649237658,0.02369431109011296,-0.6329004548641107,0.4865440941101692,1
2018-07-17 00:00:00+00:00,0.015006410781480017,0.06498006411580315,0.12462684182816597,0.02257038173078581,-0.019182702734473756,0.5069418487229841,1
2018-07-18 00:00:00+00:00,0.00018322167104756204,0.051742486431067825,0.1034744816668427,0.023275614288497507,-0.2762538716974412,0.39132466296505647,1
2018-07-19 00:00:00+00:00,0.011258041237495409,0.020788126247133887,0.14551585273501177,0.015678157535626562,0.1605087698999128,0.6602523070005301,1
2018-07-20 00:00:00+00:00,0.021541433191738735,0.026232187121789652,0.15457025949118552,0.01684998722620636,0.4756560681964619,1.285005100295057,0
2018-07-23 00:00:00+00:00,-0.007398397067100992,0.04097738924894401,0.123558196395398,0.011632045238192779,-0.2713411253140965,0.9594970386146451,0
2018-07-24 00:00:00+00:00,-0.008345991091962324,0.01702746925169807,0.08311397941120635,0.012804007194765172,-0.23506262185731663,0.7855623465799774,1
2018-07-25 00:00:00+00:00,0.0037806046902817414,0.020685436380828648,0.07349823872315242,0.01267513758498492,0.33127957765691396,1.0011884321567115,0
2018-07-26 00:00:00+00:00,-0.004035175599710672,0.00524964940597461,0.02614690602771308,0.012377974394939067,0.0798677296549053,1.0462475054078717,1
2018-07-27 00:00:00+00:00,0.017287110726678767,0.0010631758792969404,0.0273232524296958,0.010647532469448629,0.03962743123257306,1.1372925543900647,1
2018-07-30 00:00:00+00:00,0.019073451797189556,0.027760687768439984,0.06987563752588954,0.012336413743329012,1.0768820002758273,1.8548248380989414,1
2018-07-31 00:00:00+00:00,0.030050247153810217,0.06755495459205707,0.08573271375587121,0.013424829077995797,0.00020975821584046095,1.4823531852646559,1
2018-08-01 00:00:00+00:00,0.005354240113341957,0.06922856960788804,0.09134602916107659,0.013163790036107997,-0.30061033594275166,0.9597480164866268,0
2018-08-02 00:00:00+00:00,-0.02012847901121595,0.05195143354305687,0.057473809761270145,0.019145590751253827,-0.35606090228064624,0.6201769414845427,1
2018-08-03 00:00:00+00:00,0.007360843997764377,0.04168692669429408,0.04279442310853443,0.018754130235210647,0.06343788431135433,0.6599659744766896,1
2018-08-06 00:00:00+00:00,0.013297076049538115,0.035782371836750704,0.06453640285736495,0.018094099339753943,-0.3956090433871411,0.49597085098025445,0
2018-08-07 00:00:00+00:00,-0.007043538928591664,-0.0015178373860507133,0.0659345797703137,0.013361887936851658,0.010716567893640727,0.6616984849244489,1
2018-08-08 00:00:00+00:00,0.028289124119388998,0.02126027570876854,0.09196066379344403,0.01864943399795342,0.94913539014993,1.3697543377222077,1
2018-08-09 00:00:00+00:00,0.00020554339264799992,0.0424531860869406,0.09661012350568421,0.013474866350694751,-0.13466255162626561,1.1612584009669262,0
2018-08-10 00:00:00+00:00,-0.011289823464723625,0.023152805458922288,0.06580490145714957,0.01615658881147106,-0.4769610636657756,0.6778370302873928,0
2018-08-13 00:00:00+00:00,-0.01370170248382685,-0.00410857390681274,0.0315267834106856,0.01704859315520213,0.30351437047121,0.8622959332498646,1
2018-08-14 00:00:00+00:00,0.019280845954879,0.022293620177647133,0.020741944701420323,0.018597328838013055,0.1352519108669492,0.9360402606178735,0
2018-08-16 00:00:00+00:00,-0.008095341500625075,-0.013878703543822812,0.007086507101123907,0.013374696134258887,0.12887052165264756,1.1339784699426239,1
2018-08-17 00:00:00+00:00,0.002457037887262148,-0.011658913137081228,0.03029931494087945,0.013534765319025262,-0.359632536208095,0.8199059488038112,1
2018-08-20 00:00:00+00:00,0.025877270248574336,0.025494305943623008,0.0492373761083682,0.017083452626066243,0.9856569271291276,1.3887426476791307,1
2018-08-21 00:00:00+00:00,0.009960117645751998,0.050096459138303295,0.04578206022665121,0.013439744879769617,-0.04303840221496569,1.2132858529739843,1
2018-08-23 00:00:00+00:00,0.017840116723547572,0.048612172770711615,0.07198953426411903,0.01320156663341142,0.0945763705179472,1.219550377093224,1
2018-08-24 00:00:00+00:00,0.0063413202282569525,0.06387418318004001,0.04910898878375769,0.009390281096766663,-0.16517295257838593,0.997667118103723,1
2018-08-27 00:00:00+00:00,0.010958774377573866,0.07289679225195078,0.060387981746032215,0.007743545433593129,-0.1623311949435181,0.7942329838011662,1
2018-08-28 00:00:00+00:00,0.02129323738732336,0.06810265722718123,0.09533319314972766,0.006114769290224672,0.5603867905100788,1.2020383215236405,0
2018-08-29 00:00:00+00:00,-0.018802191844347615,0.037684526196445356,0.08966884666149522,0.015829394497513333,0.27401033399075336,1.3858886888776731,0
2018-08-30 00:00:00+00:00,-0.01526038305516264,0.0039386796087679254,0.05274232015310942,0.017291654010695556,-0.1107825441335758,1.1769345087649912,0
2018-08-31 00:00:00+00:00,-0.02573636385612621,-0.02806241898199502,0.03401930010751397,0.020435827550173567,0.5538875010738722,1.5154305099162722,0
2018-09-03 00:00:00+00:00,-0.010067522509616289,-0.04827713856527782,0.021100405146161183,0.01824587272516943,-0.20291807837438658,1.0677818878577772,1
2018-09-04 00:00:00+00:00,0.010413969989192973,-0.05841531153991719,0.005709107748641973,0.013708101348366327,-0.2755119729405967,0.7716498712209648,0
2018-09-05 00:00:00+00:00,-0.01203783910630074,-0.05192405064170946,-0.016196257691897253,0.013179027636473098,0.16814027650518026,0.9133929215846999,1
2018-09-06 00:00:00+00:00,0.028036185892560406,-0.0102394926095849,-0.006341143081562417,0.021127370747622092,0.08427372305952807,0.9673479047795412,1
2018-09-07 00:00:00+00:00,0.013635529785391842,0.02975865982253123,0.0008611408602536841,0.016933006058094197,-0.044864122059971145,1.0039884354430928,0
2018-09-10 00:00:00+00:00,-0.017792972157655185,0.021722405979987425,-0.027603428188757495,0.018992430758582913,-0.33983460534829024,0.7336239964555982,0
2018-09-11 00:00:00+00:00,-0.014452342009990904,-0.003422206899748481,-0.06163760915746286,0.020254388961364604,0.5405518864130363,1.0842991804568465,1
2018-09-12 00:00:00+00:00,0.011957625314052756,0.020782512595601155,-0.03222065028258436,0.019678318793876035,-0.25832413656142694,0.8421415236948138,1
2018-09-14 00:00:00+00:00,0.0005190617389017049,-0.006540454745854407,-0.016712976417405767,0.014552654156330861,-0.023181308307387405,0.883829858784992,0
2018-09-17 00:00:00+00:00,-0.02174495868682158,-0.04121670962803714,-0.012684603846330744,0.014114548727187303,-0.14272834896005537,0.8311289333093679,0
2018-09-18 00:00:00+00:00,-0.007137824342125509,-0.03081566647482825,-0.009762650912551019,0.013090717545817407,0.12767470907795375,0.9245596502168109,0
2018-09-19 00:00:00+00:00,-0.005258412517759825,-0.021774386375215116,-0.0251220768196726,0.012255883377203534,0.479146153515561,1.3546984655978251,1
2018-09-21 00:00:00+00:00,0.0055752135629789645,-0.02794405049495796,-0.007742285480740407,0.010313451788262392,0.6927511013430379,1.8132697462927192,1
2018-09-24 00:00:00+00:00,0.01195081072754367,-0.01683751585448401,-0.023267845589859504,0.01294348066577818,-0.47024132700654675,0.9216169558044792,0
2018-09-25 00:00:00+00:00,-0.0011769155176165613,0.003833707458715363,-0.03754101497644646,0.007917771351962618,-0.03836335294376114,0.8408363670636558,1
2018-09-26 00:00:00+00:00,0.016902278392187498,0.028139463128664,-0.0035433396567179365,0.009109152054207675,-0.3415527898079449,0.5655864764487358,1
2018-09-27 00:00:00+00:00,0.0018777042877211603,0.03551517094417922,0.012967463514643729,0.007377197781561546,0.6897046033969583,0.9634607060544063,1
2018-09-28 00:00:00+00:00,0.0033500005291269286,0.03322370450382017,0.004351249132577895,0.007551643131853837,0.024449980232985613,1.15113261772634,0
2018-10-01 00:00:00+00:00,-0.020867194622714025,-0.0002841900528736119,-0.01711692085283667,0.013576254624392402,-0.3377876100202667,0.8088781709356313,0
2018-10-03 00:00:00+00:00,-0.02159618532998142,-0.020721710146410555,-0.01696744366244074,0.016730069630656152,0.005984435492483842,0.8579833539160571,0
2018-10-04 00:00:00+00:00,-0.06874956264222876,-0.10320455062505685,-0.0779692081434169,0.0291397990182203,2.146777885284481,1.9407266803386614,0
2018-10-05 00:00:00+00:00,-0.06540413877346873,-0.16342951663099392,-0.13371857290728895,0.03127684849636805,-0.05467985099953898,1.5466473273748347,1
2018-10-08 00:00:00+00:00,0.05772987394906637,-0.11808881102629654,-0.08878845428522142,0.05101946563079609,0.12469645774659321,1.4595555017457573,0
2018-10-09 00:00:00+00:00,-0.01744199599336993,-0.11500371268306209,-0.11525521982474762,0.051091255192664914,-0.5546413807055355,0.6230636684689536,1
2018-10-10 00:00:00+00:00,0.011054662453716224,-0.08547001848332259,-0.1044206436805134,0.05336626553153352,-0.13547389246445962,0.5259792292047455,0
2018-10-11 00:00:00+00:00,-0.01297527107991836,-0.030697145596080833,-0.13073361110442216,0.04488604376307813,0.39169935579802706,0.8230112899264932,1
2018-10-12 00:00:00+00:00,0.03562235814367232,0.07408105415295285,-0.10145549334977266,0.03202180583978388,-0.31500167545973334,0.6714452250029102,1
2018-10-15 00:00:00+00:00,0.01171733552433274,0.027357219464446247,-0.09396217308139221,0.0214737705991331,-0.020616993753270307,0.858871663913449,1
2018-10-16 00:00:00+00:00,0.021101023324457735,0.06765758747799788,-0.05512699895621287,0.01772766055488094,-0.15703453136069379,0.7768318590814887,0
2018-10-17 00:00:00+00:00,-0.010740583367196521,0.04464215573549235,-0.044643428623678205,0.020827605848789853,0.7096307397492132,1.2432868036079407,0
2018-10-19 00:00:00+00:00,-0.04342936992127977,0.012410303247430088,-0.018667803234328484,0.03087167350636027,0.988263199533796,1.9980283269177883,0
2018-10-22 00:00:00+00:00,-0.03509482668317643,-0.05672185286368969,0.013157186635612161,0.028188768190373553,-0.48210442962540123,0.972017043825399,0
2018-10-23 00:00:00+00:00,-0.007481219181395549,-0.07462169155838716,-0.04930591408671181,0.025445562063486863,-0.1968632906942399,0.7615245557080759,0
2018-10-24 00:00:00+00:00,-0.008485994165132849,-0.10143508569955617,-0.04064035140561417,0.016928846805205556,0.29143993139302893,0.9031130374503457,0
2018-10-25 00:00:00+00:00,-0.014295910290152314,-0.10466446312889599,-0.06469475465637564,0.016455809088790387,0.03228773658654105,0.9163864743202327,1
2018-10-26 00:00:00+00:00,0.013678822444517014,-0.05121206508970344,-0.03943731909996362,0.017442508278875134,-0.3485770044320976,0.7567240369079724,1
2018-10-29 00:00:00+00:00,0.04105647646336963,0.023667249117699907,-0.03439705396813231,0.022832656213140026,-0.1645289765728084,0.6951654042471117,0
2018-10-30 00:00:00+00:00,-0.028313898477054567,0.002180772570878675,-0.07260365192565144,0.027148467967034347,0.14793046868179682,0.8244014857182776,1
2018-10-31 00:00:00+00:00,0.004020586731638298,0.014821900009913458,-0.0881166463873786,0.026659052398023082,0.8687691253815213,1.463815409468668,0
2018-11-01 00:00:00+00:00,-0.0047113847729078895,0.024689553495014227,-0.08255902849532959,0.02539867503583541,-0.42907988222453364,0.9119728495489059,1
2018-11-02 00:00:00+00:00,0.017656903712242045,0.028710845276726404,-0.02397156149006907,0.025792045491172446,0.787585331638313,1.4203151538153713,1
2018-11-05 00:00:00+00:00,0.014326847781766405,0.002298196648482076,0.02601983775878325,0.018407124799039387,-0.5485575342575373,0.6421602941165198,1
2018-11-06 00:00:00+00:00,0.01265719657750175,0.044560049137195135,0.04683799704098934,0.009072879475057926,0.13870693218127084,0.7333743421157269,1
2018-11-07 00:00:00+00:00,0.005977691351197745,0.046596176010079704,0.06210871988165878,0.008855283390991531,-0.8512905392400968,0.14693392278798004,0
2018-11-09 00:00:00+00:00,-0.015530752136419856,0.03521906555562482,0.06077816205371911,0.01330351955533638,7.442747077813529,1.2008281054501309,0
2018-11-12 00:00:00+00:00,-0.012300520155083983,0.004744652981742092,0.0335917212561192,0.014039575434138855,-0.46480877786123664,0.8496216520055396,1
2018-11-13 00:00:00+00:00,0.018009255846745953,0.008392273885670765,0.010709757629870253,0.014977019333760276,0.17406523405888286,1.020554528177636,0
2018-11-14 00:00:00+00:00,-0.0013642656885951565,-0.005570135373353713,0.03874170825790402,0.013684009695025215,0.14327508301562908,1.1971493609218862,0
2018-11-15 00:00:00+00:00,-0.001001964809570377,-0.012469670612321515,0.033545466431118554,0.013133876387061663,-0.12273338817938773,0.8971884467475789,1
2018-11-16 00:00:00+00:00,0.027852502760114417,0.031048478980321592,0.06736104295255685,0.016276036467341347,0.6147992630722467,1.4415313859663645,1
2018-11-19 00:00:00+00:00,0.02004601299805353,0.06481466443286998,0.06986684050547431,0.013203195715227952,-0.3374678463600538,0.9188661946544954,0
2018-11-20 00:00:00+00:00,-0.010956490043536604,0.0345171491469658,0.043199100402030455,0.016289699602608863,-0.21741472471057832,0.7393866216740429,0
2018-11-21 00:00:00+00:00,-0.021540248256467054,0.013616234779279868,0.007970255134930326,0.020743459985989386,0.3125772480666005,0.977571451972095,0
2018-11-22 00:00:00+00:00,-0.009030515346177825,0.0054702035770264335,-0.007067678672083022,0.021418818404514647,-0.22846121910594086,0.7752127406970704,1
2018-11-26 00:00:00+00:00,0.006256479145613225,-0.015655549584849715,0.014906848393261285,0.0162803921351564,0.10254312525753528,0.9760654693376272,1
2018-11-27 00:00:00+00:00,0.016625534283616572,-0.018956311704808604,0.044629705746029424,0.015096358016153704,0.0663380404388787,1.056928641989306,1
2018-11-28 00:00:00+00:00,0.021671446487927515,0.013407715634795592,0.04838766090204749,0.01796964702990387,0.17528582179821206,1.1599568719372844,1
2018-11-29 00:00:00+00:00,0.013751041819493048,0.04995951614979299,0.0642560114304278,0.011940055757529225,0.5787388354576948,1.5942888184627937,0
2018-11-30 00:00:00+00:00,-0.0008131049813794311,0.058666089201981464,0.06445720823001055,0.008858663345168346,-0.1518435577053392,1.2027382844741163,0
2018-12-03 00:00:00+00:00,-0.009507105868249655,0.04208147758030134,0.025767119336589372,0.013018787207069714,-0.4803261174279361,0.6367067492292539,0
2018-12-04 00:00:00+00:00,-0.003588494881717974,0.021361296284336806,0.0020000531887436335,0.012943122431154511,-0.06764481965389801,0.6164324281471928,1
2018-12-05 00:00:00+00:00,0.0024732186697662417,0.0021688964985500103,0.015605692080839395,0.00863219410346422,0.12070365322853283,0.7286246166406085,0
2018-12-06 00:00:00+00:00,-0.02726891341145643,-0.0383824041387717,0.009659545671582448,0.011768897816400663,0.007988525155896431,0.8843669421347709,1
2018-12-07 00:00:00+00:00,0.009032978024856808,-0.0289065325913066,0.02806372339115315,0.013856469620098384,0.22978952263465757,1.2160386755559132,0
2018-12-10 00:00:00+00:00,-0.03841068692176208,-0.05724401881869412,-0.017571454132918052,0.02032409851882177,0.30044948081062683,1.401310820916834,1
2018-12-11 00:00:00+00:00,0.006695727827801257,-0.04751358874899214,-0.027167244311454675,0.021798468077448653,0.43842690089484604,1.6151212545439757,1
2018-12-12 00:00:00+00:00,0.011798891454132487,-0.03865292650140706,-0.03656786419980462,0.02341741202687315,-0.06589524745899644,1.2978744794314925,0
2018-12-13 00:00:00+00:00,-0.003106588738357563,-0.014773377020912415,-0.052588743432373075,0.0206853259944879,-0.26241964863985234,0.894108429613445,1
2018-12-14 00:00:00+00:00,0.004651958317835936,-0.019051034287974167,-0.04740686753573742,0.02014461826907683,-0.22330626890770766,0.6943516432187186,1
2018-12-17 00:00:00+00:00,0.015914192601602872,0.036367566622099945,-0.022958277864699728,0.0072467081094868295,-0.2986941366945234,0.5310409948265152,1
2018-12-18 00:00:00+00:00,0.005752831834207051,0.03539687925406332,-0.01379854225880417,0.007275026246617771,0.15926421983747363,0.7327749086068008,1
2018-12-19 00:00:00+00:00,0.0003520411161859194,0.023683056262851387,-0.015885289671612512,0.007188804184079549,0.25513366537937965,1.0580384723455902,0
2018-12-20 00:00:00+00:00,-0.007345159387446398,0.019330581958949544,0.004271626962723873,0.008476066426129619,-0.21768381874177611,0.9211737338761176,0
2018-12-21 00:00:00+00:00,-0.02503430127529993,-0.010789413345615895,-0.029634898149995648,0.015375959991333718,0.4366570180099447,1.2800227992800484,0
2018-12-24 00:00:00+00:00,-0.010043512279832578,-0.03606481225328306,-0.0010088350935179013,0.01173624594297839,-0.4995696025582952,0.6593082860826968,1
2018-12-26 00:00:00+00:00,0.008446763811676972,-0.033482889792529336,0.000728799654470702,0.012518931290110284,0.739654526554143,1.1000983805572564,1
2018-12-27 00:00:00+00:00,0.019893595349070647,-0.014602290013819408,0.00873493939306802,0.01738518549154577,0.7306376886009829,1.647075215415466,1
2018-12-28 00:00:00+00:00,0.0047758147441585574,-0.0025699302615466157,0.016710973449853395,0.01744082949939252,-0.3856374578340228,0.9635381654337615,0
2018-12-31 00:00:00+00:00,-0.0038202735228730633,0.019132893959053376,0.008137047912015527,0.011524399121543379,-0.0578134766238243,0.9326640823235626,0
2019-01-01 00:00:00+00:00,-0.00022302366337234591,0.029242816069704913,-0.007876632854889376,0.009158454543175615,-0.3830869722381004,0.5707836040240465,0
2019-01-02 00:00:00+00:00,-0.013024117205018504,0.007329165459539322,-0.02639912597234295,0.01215809743511099,0.6035033503750511,0.916782201887893,0
2019-01-03 00:00:00+00:00,-0.012337240258196158,-0.02450460708534985,-0.03874907371983438,0.0077131674906753865,0.042195705394995286,1.0971288694581234,1
2019-01-04 00:00:00+00:00,0.0053991504507970856,-0.023899436159515175,-0.026407946536841642,0.007911658086748565,0.13680118725805857,1.2185236796628267,1
2019-01-07 00:00:00+00:00,0.005552327193896867,-0.014715751126450072,0.004135587926773043,0.009206514754635749,-0.3486748931118031,0.8347306429822594,0
2019-01-08 00:00:00+00:00,-9.05825680462824e-05,-0.014585229891997842,0.014231072982640924,0.009216423009141666,0.020239894728899532,0.8225042811117382,1
2019-01-09 00:00:00+00:00,0.005522169292781154,0.003931721701420754,0.011289703399850692,0.007736528297609688,0.025181908666899178,0.8786276509082201,0
2019-01-10 00:00:00+00:00,-0.0029259052753350945,0.013498081918669858,-0.011337290360502794,0.003963067538589765,-0.29245343971260407,0.692725403760473,0
2019-01-11 00:00:00+00:00,-0.008532807133745934,-0.0005461036995250135,-0.024432488288536947,0.0059719244952632835,0.5841800034957356,1.1774085217667511,0
2019-01-14 00:00:00+00:00,-0.0011384742233584433,-0.0071963270295329895,-0.021806178798391862,0.00507196306452233,-0.3638855765517651,0.7892724115275758,1
2019-01-15 00:00:00+00:00,0.02995084157356187,0.022631611090753623,0.007716293948170749,0.015046199192868046,1.4473271247912511,1.6504282951315221,1
2019-01-16 00:00:00+00:00,0.005532738871964593,0.022642360516394344,0.026663105678028876,0.015046366246170647,-0.3657104245993906,1.0261164667265694,0
2019-01-17 00:00:00+00:00,-0.0012763394734361944,0.024334226621838484,0.03816077392487749,0.014857619351150512,0.17315135522374714,1.0849196153789598,1
2019-01-18 00:00:00+00:00,0.04398601546925218,0.07859404270169201,0.078005018504687,0.020480911483182145,2.4300572614683964,2.3901323983201115,1
2019-01-21 00:00:00+00:00,0.04504564032982117,0.12846473001821512,0.12034392877971034,0.021538380202278513,-0.14194004354341339,1.5377947756003385,0
2019-01-22 00:00:00+00:00,-0.0020601934790398513,0.09339186773184771,0.11813708725214767,0.02416536445972098,-0.24891468662500704,1.0590925559849123,0
2019-01-23 00:00:00+00:00,-0.007165208348164254,0.07958442846044989,0.10402876829753693,0.026399353333243825,-0.4665862227725083,0.5477836882123055,1
2019-01-24 00:00:00+00:00,0.017247070413144217,0.09960756966148954,0.12636566945672123,0.024663007523556518,0.48991246659986043,0.762529391333769,0
2019-01-25 00:00:00+00:00,-0.0011623863459985229,0.052053748385585186,0.13473890561067714,0.021474884767013366,-0.35000259074677,0.6184885362485725,0
2019-01-28 00:00:00+00:00,-0.013202338090381516,-0.00658484276103366,0.12103396720967297,0.011408900552259545,0.002155208364075456,0.7698197410625184,0
2019-01-29 00:00:00+00:00,-0.01537143285640341,-0.019835729109790035,0.07170364283267139,0.01307169848811987,0.08864250647249983,0.9630561928914926,0
2019-01-30 00:00:00+00:00,-0.012348880342301083,-0.02495324727433168,0.052645291263558214,0.01358772590915993,-0.15885384800286384,0.8268450200722248,1
2019-01-31 00:00:00+00:00,0.026302762942996605,-0.016273228573143728,0.08171340433962904,0.017366979921547076,0.29800245835862316,1.1449033260680395,1
2019-02-01 00:00:00+00:00,0.018579467093084112,0.0031699616713298795,0.05538871844414661,0.019981077348005298,-0.09389782920029677,1.0218214380548825,1
2019-02-04 00:00:00+00:00,0.03276148839803361,0.04989638983029154,0.04298298718788218,0.022364333064393928,0.2645589016433729,1.2091176562920685,1
2019-02-05 00:00:00+00:00,0.0005036213352880292,0.0668237496900288,0.045662522783286974,0.0186896233610714,-0.19777645452793724,0.969309006815537,1
2019-02-06 00:00:00+00:00,0.014478572044194005,0.09580175900926169,0.06845794675305594,0.012291438412378975,0.005252790512915384,0.9438224553091896,0
2019-02-07 00:00:00+00:00,-0.015149653220560722,0.051542275173366514,0.03443028737514675,0.018263084786668063,-0.021182182762600643,0.9422200081481624,0
2019-02-08 00:00:00+00:00,-0.00984210905125149,0.022200932834981923,0.025441270612466482,0.019403910301688865,-0.29381872896786265,0.704633816812303,0
2019-02-11 00:00:00+00:00,-0.01913591382898694,-0.029165789844095347,0.019275332366426978,0.013532859561332143,0.15655927939556658,0.895379045967398,1
2019-02-12 00:00:00+00:00,0.0025135474609725428,-0.027215467025576756,0.037789643108237625,0.01379530340620425,-0.1494569690266092,0.8193375622270946,0
2019-02-14 00:00:00+00:00,-0.0256287444012967,-0.06567441349565017,0.023835621178826427,0.010622993537734955,0.03560834061465101,0.9136504914662574,1
2019-02-15 00:00:00+00:00,0.016541325760219827,-0.03560924408189958,0.01409764963428195,0.016933906760718705,0.4482329792550035,1.3092542101634614,0
2019-02-18 00:00:00+00:00,-0.019566784028820283,-0.045080851325961735,-0.023880755443411394,0.01785927359149331,0.005319450940867165,1.2122544134104025,0
2019-02-19 00:00:00+00:00,-0.0032785386579299303,-0.02964292122734613,-0.05794415186055957,0.017009379601694827,-0.35286785517711217,0.8105544345842516,1
2019-02-20 00:00:00+00:00,0.015007026887088992,-0.017550180704949736,-0.04428801136625804,0.01931301856636276,0.008646435348755643,0.8197187740674048,1
2019-02-21 00:00:00+00:00,0.010167326931993514,0.018542677752019898,-0.048349515229633044,0.015203540952267978,0.6798788928264956,1.2485599286402433,0
2019-02-22 00:00:00+00:00,-0.011668848605431825,-0.009723036400579033,-0.04498605050607318,0.014499214078564996,-0.17242742055042337,1.0542267571355095,0
2019-02-25 00:00:00+00:00,-4.087544994935133e-05,0.00999891624649707,-0.03553269473619369,0.010662394393841482,-0.10316935622402745,0.9882132570279757,0
2019-02-26 00:00:00+00:00,-0.009778208771865082,0.0034126631902067217,-0.026331419343262108,0.011807249027092766,0.2901640972485582,1.161343521034188,1
2019-02-27 00:00:00+00:00,0.0026633470045178687,-0.00879001558584458,-0.026185929928863483,0.009045100790944283,0.09694275390139562,1.1472784062662318,1
2019-02-28 00:00:00+00:00,0.006170705388104825,-0.01271163438365186,0.00559533562829051,0.007825023156636675,0.01563316382706126,1.148455577294781,0
2019-03-01 00:00:00+00:00,-0.004061538686366051,-0.005112350918657471,-0.014785679745161873,0.006168236813486711,-0.2980799153172692,0.8200308497603648,1
2019-03-05 00:00:00+00:00,0.009461402196533353,0.00434173418995254,0.014384063072979458,0.007791468922121691,-0.1011047798778576,0.7484480998917104,1
2019-03-06 00:00:00+00:00,0.021936794442940277,0.036508973500139597,0.04004622952032255,0.009627358715239077,0.6904044936607285,1.2164166371234937,1
2019-03-07 00:00:00+00:00,0.0043087553752763075,0.03820992382056221,0.029084042408801025,0.009458704844904608,-0.3263745222782869,0.872368043411185,0
2019-03-08 00:00:00+00:00,-0.00247955421134749,0.029284216371833205,0.016200331736450968,0.010509772509684302,-0.2551660009430552,0.7324548576702044,1
2019-03-11 00:00:00+00:00,0.029200527456301195,0.06365995444645911,0.05822215150120558,0.012929387816205267,0.60906563717318,1.1293651288382516,1
2019-03-12 00:00:00+00:00,0.020895573347901042,0.07570803269841897,0.08037847104239226,0.013267539753274195,0.15535765331636409,1.1911220948015673,1
2019-03-13 00:00:00+00:00,0.01198047598609464,0.06522784273131776,0.10411821781320629,0.012656534526689554,0.0006511791558179159,1.2125335907932269,0
2019-03-14 00:00:00+00:00,-0.004268073968821451,0.056130762405383505,0.09648543838144574,0.014533871883870297,-0.07422537871998924,1.069603415185469,0
2019-03-15 00:00:00+00:00,-0.014833406418338635,0.043051047192431025,0.07359597974528165,0.01803955524202493,0.5278811302619266,1.3588772748181381,1
2019-03-18 00:00:00+00:00,0.021488251563466454,0.03523498294483507,0.10113799480048402,0.01605813535993765,-0.3641744749283843,0.8583374532429926,1
2019-03-19 00:00:00+00:00,0.019628863712645384,0.033950481217249306,0.11222883805779071,0.01579294416192782,-0.029679294707041004,0.8535011089410428,0
2019-03-20 00:00:00+00:00,-0.0007991771677108295,0.020893382941424177,0.08748405596937037,0.01577889980145423,0.008924222877345844,0.8817365867608631,0
2019-03-22 00:00:00+00:00,-0.02450099764502156,0.00014918728133150871,0.05628832368255754,0.020419422701066014,0.158932323424126,1.0028687196366866,0
2019-03-25 00:00:00+00:00,-0.012893724442918808,0.0021183682949177385,0.04526061346078425,0.020078059588021994,-0.3064182938446869,0.8077930335675643,1
2019-03-26 00:00:00+00:00,0.03231535507838812,0.0127401637890181,0.04842404618767371,0.02323222926660056,0.19206456814522266,0.9753451039509131,0
2019-03-27 00:00:00+00:00,-0.01316509702398383,-0.01983223814042001,0.013444929048346932,0.02186467241470545,0.06486626686361663,1.0324748547405005,1
2019-03-28 00:00:00+00:00,0.007967303438709106,-0.011232743945625567,0.009425948975059661,0.022508347824810433,0.03851372313333368,1.059449734320325,1
2019-04-01 00:00:00+00:00,0.023419151082229694,0.037339190881960915,0.037493948695667356,0.020690491378241523,-0.03669362843349977,1.049571760107506,0
2019-04-02 00:00:00+00:00,-0.0015447547489779723,0.04926569903126077,0.05148843022103344,0.01838396309213831,-0.20653466223281658,0.8317502935727731,0
2019-04-03 00:00:00+00:00,-0.010433881773288967,0.005814531064451067,0.018628772931586823,0.01490563806255529,-0.020364711292573556,0.8433481236036653,0
2019-04-04 00:00:00+00:00,-0.01610650807843661,0.0028165483507467393,-0.017071548247299173,0.015655882206323423,0.06703812091605199,0.9343889775746789,1
2019-04-05 00:00:00+00:00,0.0006279089402398963,-0.004485341534798293,-0.015667702787454774,0.01513490535328483,-0.1966928381305557,0.8192323306686785,0
2019-04-08 00:00:00+00:00,-0.01820656967259271,-0.04497609758209775,-0.009316277792880467,0.008448499629451576,0.29656167116908816,1.0989755093463967,1
2019-04-09 00:00:00+00:00,0.00391205489463653,-0.0397566511768801,0.0075504086430098205,0.009901295537004579,0.0887301085120551,1.153335704812529,0
2019-04-10 00:00:00+00:00,-0.0022856097082549764,-0.03184982826658145,-0.026220489017983795,0.010078056416205091,-0.19846125461414466,0.9297894577678195,1
2019-04-11 00:00:00+00:00,0.011566887441156082,-0.004619235885677364,-0.0018156978361461018,0.010981214626309986,-0.24582281629615843,0.7494531659206163,0
2019-04-12 00:00:00+00:00,-0.0027473688024534093,-0.007976814170874702,-0.012426376969757014,0.010969308139863453,0.031074441892834592,0.7894044968608465,0
2019-04-15 00:00:00+00:00,-0.0021962147150236255,0.008200360009203322,-0.037144557764876684,0.006186291147547517,-0.2828865045009298,0.6428789235417935,1
2019-04-16 00:00:00+00:00,0.0026859942356922684,0.006969062116410907,-0.0330646556320614,0.00609787701516974,0.8695680267489807,1.2615539078011615,1
2019-04-18 00:00:00+00:00,0.031404721895746945,0.04097190095263592,0.00781712467695761,0.014213630043564114,1.2630078701903886,2.1482166910613847,0
2019-04-22 00:00:00+00:00,-0.029293880867667932,-0.0010766399682885508,-0.005690902599988501,0.02158685749520818,-0.39908361475715826,1.1517264161844674,1
2019-04-23 00:00:00+00:00,0.013750980977191185,0.015449350017890051,0.007349299252861874,0.022316140129340568,-0.16098291073648918,0.9057073401277902,1
2019-04-24 00:00:00+00:00,0.01880698539989889,0.03682397919801739,0.04532630909361579,0.022996295980081113,-0.18711838222486998,0.6930376095004503,0
2019-04-25 00:00:00+00:00,-0.012306433429219,0.02132111130245007,0.02843876156791847,0.02469115905078767,0.8924105366138686,1.1785109817111599,1
2019-04-26 00:00:00+00:00,0.014864222275457806,0.00494232119700877,0.046116718444204396,0.021015102886707538,-0.5054175735448416,0.7172290753636228,0
2019-04-30 00:00:00+00:00,0.0,0.035269379052929706,0.03415476666149608,0.01292828616143844,0.48299615312234656,1.0765529311365056,1
2019-05-02 00:00:00+00:00,0.008795431897281603,0.030208640947523513,0.04612469483297654,0.012465232877598476,-0.1501919585047462,0.922107577135243,1
2019-05-03 00:00:00+00:00,0.002704532035772589,0.013925982078958565,0.05126277135136359,0.010216939864185412,-0.25019693815339017,0.7041224015950927,0
2019-05-06 00:00:00+00:00,-0.016999713803619976,0.009108051625783542,0.03062335671069527,0.012011149199463179,0.11178530282659116,0.9153326515873211,0
2019-05-07 00:00:00+00:00,-0.029893672523844228,-0.0353959825341047,-0.030628599651863375,0.015943314997219495,0.22647215652944386,1.068893397012016,0
2019-05-08 00:00:00+00:00,-0.03278778252754422,-0.06702320928397199,-0.034117697204622544,0.018792281555945468,0.6458698111053311,1.5909308200953307,0
2019-05-09 00:00:00+00:00,-0.03309074207520213,-0.1057613190459521,-0.07874758381162428,0.0153052828683685,0.3351569557155547,1.7189202887887172,0
2019-05-10 00:00:00+00:00,-0.004218189654231264,-0.11193518713460271,-0.09956801246568547,0.012580880509094264,-0.4244825302208173,0.913348296010237,0
2019-05-13 00:00:00+00:00,-0.015266021683915887,-0.11036893024793515,-0.10226612453673234,0.012822871701560297,-0.28316362909310955,0.6462058480221856,1
2019-05-14 00:00:00+00:00,0.023050970955302175,-0.06181631443464197,-0.09502424778269536,0.023322073701925756,0.6154728968562728,0.9790864274047196,0
2019-05-15 00:00:00+00:00,-0.0028164048714920398,-0.03274445508167945,-0.09757302589982242,0.020469129322945364,-0.1413123965433296,0.8867647105283714,1
2019-05-16 00:00:00+00:00,0.00672274831318509,0.007083294032410592,-0.0994271635335996,0.014354004941235187,-0.40820765845935214,0.6600567697927627,1
2019-05-17 00:00:00+00:00,0.0016201017735280043,0.012987846316356633,-0.1004011378261429,0.014006357899535823,0.1955283909248906,0.8453370289957475,1
2019-05-20 00:00:00+00:00,0.04615747944036852,0.07617370309312688,-0.04260243727822055,0.020003446308794193,0.5615662232955598,1.2091186181347848,1
2019-05-21 00:00:00+00:00,0.010483605755230219,0.06295376749905168,-0.0027541168221568713,0.01951416627403216,0.12470616143607449,1.3370685075825364,1
2019-05-22 00:00:00+00:00,0.0004478106707508367,0.06643327741628924,0.03151350086632321,0.018922056120185413,-0.1863209854084359,1.0853585697695995,0
2019-05-23 00:00:00+00:00,-0.004849390399498832,0.054174774432462325,0.061641804321317606,0.020534052759390672,0.5701148136660479,1.4040004466898113,1
2019-05-24 00:00:00+00:00,0.002211530777838977,0.054797235519363774,0.06849677990920733,0.020469757071836295,-0.4255465729433153,0.7783851751591175,0
2019-05-27 00:00:00+00:00,-0.01959811302600134,-0.011501403563699997,0.06379619502921119,0.011147212830592761,-0.2780773860295793,0.6082951711498774,1
2019-05-28 00:00:00+00:00,0.009994766868270943,-0.011979606822902444,0.05021999929349019,0.011008775537250355,1.6494422420143056,1.474909756235427,0
2019-05-29 00:00:00+00:00,-0.008082898808154715,-0.020404349066855176,0.044673400567376786,0.011125514170644888,-0.634727348533491,0.5751135497464479,1
2019-05-30 00:00:00+00:00,0.012718443575714833,-0.003111113658655573,0.05089511689311532,0.013364551263568336,0.510065774272159,0.9789888498420134,1
2019-05-31 00:00:00+00:00,0.0003008531444312901,-0.005011643875711624,0.04951096741385563,0.01329292942217185,0.09490290465622397,1.0418997086374067,1
2019-06-03 00:00:00+00:00,0.02259135010650115,0.0378055162355766,0.025869296172717382,0.011788333347489764,-0.2786155190240921,0.7368067133199879,0
2019-06-04 00:00:00+00:00,-0.006285927794742241,0.021076523884643095,0.008844428592409193,0.01310364048020278,-0.16781757468444958,0.7817008703422008,0
2019-06-06 00:00:00+00:00,-0.017977832048845954,0.010890708935656246,-0.009735857957907434,0.015883823404753986,0.08561124529480191,0.8383844011058481,0
2019-06-07 00:00:00+00:00,-0.009379735272033396,-0.011167587546743074,-0.014243957571247745,0.015313689334119857,-0.12182738452242448,0.8070526190677633,1
2019-06-10 00:00:00+00:00,0.0032321740445084846,-0.008269874215612205,-0.013240072426858207,0.015486126264351073,-0.20064304649935583,0.7616596504387879,1
2019-06-11 00:00:00+00:00,0.007580743897892539,-0.02282746888117726,0.014115043108994918,0.010177946053571186,-0.02348597965342647,0.8186339082620473,1
2019-06-12 00:00:00+00:00,0.0022569941439967156,-0.014426753939602244,0.006345704121055062,0.010528094677997741,-0.10393902789000486,0.7915701795645949,0
2019-06-13 00:00:00+00:00,-0.003678347346728117,-7.556104926187412e-05,0.010814324973000167,0.006605268629185858,0.5232841170063041,1.2261193627706053,0
2019-06-14 00:00:00+00:00,-0.007308288318022882,0.0020153414964012573,-0.009174752552939314,0.005896650720498303,-0.04739213252133134,1.1640012651767697,0
2019-06-17 00:00:00+00:00,-0.026754193426378636,-0.027934655143403986,-0.035973513274723756,0.013129864677802841,-0.0023095453265419286,1.1071551123862633,0
2019-06-18 00:00:00+00:00,-0.0010136472342776592,-0.036226109530876904,-0.058226628024051985,0.011428434335066922,0.12671595344781084,1.156331442912812,0
2019-06-19 00:00:00+00:00,-0.0028496940436602003,-0.041136719055966164,-0.05497000367186544,0.010555745138039531,-0.13720051786675425,0.943203634519217,1
2019-06-20 00:00:00+00:00,0.015187755010062975,-0.022979919235061153,-0.02305374389751358,0.015046678501857055,-0.25832996786051077,0.747589856264724,0
2019-06-21 00:00:00+00:00,-0.013302321693621222,-0.028879324764308656,-0.026922184969492835,0.015551913366269309,1.161797431687563,1.448968087439711,0
2019-06-24 00:00:00+00:00,-0.013364430298098418,-0.015518798859594285,-0.04301994170861567,0.01170788655226352,-0.5151134199360738,0.7360060239048246,1
2019-06-25 00:00:00+00:00,0.026497009988082576,0.011592407205883282,-0.02505365013816052,0.0177962521268814,0.3283568061283575,1.0016319208400943,0
2019-06-26 00:00:00+00:00,-0.001311771618808466,0.013152603937066631,-0.02852517009191302,0.017695110443088195,-0.2254222467860577,0.807169579186918,0
2019-06-27 00:00:00+00:00,-0.015454370267166562,-0.01742809294543579,-0.04000751601218966,0.017612813307731304,1.1483201065606075,1.4485095002101849,0
2019-06-28 00:00:00+00:00,-0.016520650857695385,-0.020632965008884452,-0.048916423675850806,0.01811733482493412,-0.23943948519391256,1.1596081618856193,1
2019-07-01 00:00:00+00:00,0.012568701014691763,0.0051091171760464515,-0.010488969045353014,0.018485635059098317,-0.28842046302521385,0.803398642982771,1
2019-07-02 00:00:00+00:00,0.007605313440041339,-0.01338895564306497,-0.0019517586630576345,0.01318061319441836,-0.24721020484155298,0.6416603791186559,1
2019-07-03 00:00:00+00:00,0.003167828233000991,-0.008963527804330185,0.0040711824016472775,0.013441645031048985,-0.1320870750090719,0.57724933784233,1
2019-07-04 00:00:00+00:00,0.0011305749152288325,0.007730757426086088,-0.009832067878310258,0.011038706434161423,0.06187628399594303,0.7699713951259324,0
2019-07-05 00:00:00+00:00,-0.016082515826900123,0.008179696335503195,-0.012622040061654904,0.010859277117180051,0.16846110290378835,1.0364921792350343,0
2019-07-08 00:00:00+00:00,-0.008944601145549735,-0.013240355871671827,-0.008198885225226271,0.009661296565689325,0.2821026520870382,1.3156515002691085,1
2019-07-09 00:00:00+00:00,0.02240311196940037,0.0012513009466723624,-0.012154408309263731,0.014588567822202367,0.2517295932057311,1.446137476394996,0
2019-07-10 00:00:00+00:00,-0.0009762144137170914,-0.002884824609221459,-0.011822494207956225,0.014504861222333926,-0.31464617945712514,0.9412551841223475,1
2019-07-11 00:00:00+00:00,0.002111190045789968,-0.0019081425935082441,0.005807863445052908,0.014538907345347797,-0.2837214503740828,0.6821401109741502,0
2019-07-12 00:00:00+00:00,-0.0008191132029184978,0.013575145507745523,0.021865882411212345,0.0117264626837555,0.8229264149242552,1.1561682477778603,0
2019-07-15 00:00:00+00:00,-0.0034363168836661906,0.01920859448415002,0.005713909985713306,0.010552542204385666,-0.32072381878759937,0.826135028131765,1
2019-07-16 00:00:00+00:00,0.013243550967634743,0.010077652700611228,0.011341563823648038,0.006572396134301199,-0.05523008682022357,0.8826380610349168,0
2019-07-17 00:00:00+00:00,-0.00862331195216226,0.0023459425621259467,-0.0005456496799305377,0.008146523501557954,-0.05844039975878712,0.8697171348006055,0
2019-07-18 00:00:00+00:00,-0.015602662441771664,-0.015372059536264082,-0.017250870048221234,0.010714907964568265,0.25950374769318585,1.0322689964197114,0
2019-07-19 00:00:00+00:00,-0.010183305196370784,-0.02459986322872243,-0.011358664443777422,0.011041422874303444,0.3678859453660699,1.3964773407785975,1
2019-07-22 00:00:00+00:00,0.025220278633701687,0.0034481658742777643,0.022722994778420658,0.017533329051082402,0.7808297303663396,1.8909700520268828,0
2019-07-23 00:00:00+00:00,-0.005427649082975772,-0.015042533057449625,-0.005116473780728992,0.01615779089380876,-0.3016658641140533,1.1653209188133056,0
2019-07-24 00:00:00+00:00,-0.011346444246364995,-0.017748032913340928,-0.015443726217020393,0.016441356358913046,-0.2523666655050406,0.8176990760739192,0
2019-07-25 00:00:00+00:00,-0.021920466710745767,-0.024052068320691067,-0.03905439803075916,0.017794197865676122,0.43556613560219426,1.0611801532694418,0
2019-07-26 00:00:00+00:00,-0.014372710238937714,-0.028182773740921596,-0.052089344590211306,0.018208887237114516,-0.0650108866877801,0.9545543627955362,0
2019-07-29 00:00:00+00:00,-0.0023479075406497296,-0.05431495116591023,-0.05105407225270586,0.007691344409389908,-0.1354486061658161,0.9245320076139785,0
2019-07-30 00:00:00+00:00,-0.024815321512994037,-0.07274964013736218,-0.08669783432812794,0.008916880452018964,0.18308542841006026,1.0876756591810577,0
2019-07-31 00:00:00+00:00,-0.012405568099608688,-0.07374298403254564,-0.0901822240381489,0.008821632628901854,0.018070823656722412,1.041687857434588,1
2019-08-01 00:00:00+00:00,0.012004336184658904,-0.0416156512056266,-0.06466677704030988,0.01391172700058809,0.06586317914078932,1.1013997413167007,1
2019-08-02 00:00:00+00:00,0.009497022129867805,-0.01840568314790436,-0.04606973368512146,0.015364097913789463,0.050317033304693615,1.1199754682524596,0
2019-08-05 00:00:00+00:00,-0.034618002327571507,-0.05015637247792393,-0.10174708272203647,0.020589004620706692,0.2790583522641472,1.278593606854682,0
2019-08-06 00:00:00+00:00,-0.013163142653141557,-0.03880698596587395,-0.1087334318394031,0.01910862836149661,-0.043788715947918666,1.143579838074286,0
2019-08-07 00:00:00+00:00,-0.016750916545566708,-0.04303616996578963,-0.113605538403726,0.01946944302981708,-0.12792850445751436,0.965973415826087,1
2019-08-08 00:00:00+00:00,0.03871479275872036,-0.017778431524229865,-0.05865422172456103,0.02823130413387816,0.2307433766891791,1.1159733296172578,1
2019-08-09 00:00:00+00:00,0.008460790281575203,-0.018786665574477057,-0.03684656730841196,0.028117780389941137,-0.2958007239306625,0.7961009304245539,1
2019-08-13 00:00:00+00:00,0.09693653593501428,0.11492524065400644,0.05900463499872499,0.04693808237427055,3.7713746498692835,2.4675302958267866,1
2019-08-14 00:00:00+00:00,0.010590546507201148,0.14176208547425095,0.09745374024688491,0.04345609284986738,-0.6977025053739898,0.736836319888709,0
2019-08-16 00:00:00+00:00,-0.007956756058925096,0.15197398313699462,0.10239743500254339,0.041339174536422364,-0.3064540127400113,0.5191701414087715,1
2019-08-19 00:00:00+00:00,0.011424179646860377,0.1217076612285295,0.10176545838317397,0.0415943052916828,-0.25754049535605683,0.41461218624179136,0
2019-08-20 00:00:00+00:00,-0.01288096503822056,0.09796929611113558,0.07734211413405179,0.044562706933901935,-0.08262874655234265,0.3943839259393976,0
2019-08-21 00:00:00+00:00,-0.003918534015930675,-0.0029807283758221947,0.11160195135226858,0.011019896731020539,-0.2866834980048164,0.5582809070053372,0
2019-08-22 00:00:00+00:00,-0.01904096903863861,-0.03221432070333874,0.1049809954858707,0.011489687947923101,0.31411806948366383,0.8997786826865085,1
2019-08-23 00:00:00+00:00,0.02334072928573039,-0.0016821253584815565,0.15003621848764892,0.01745639445713482,0.5185281051041148,1.378178679806408,0
2019-08-26 00:00:00+00:00,-0.007093229938213486,-0.019959581398035442,0.09931884585943873,0.016295393066567524,-0.09880886984953718,1.1973200637355113,1
2019-08-27 00:00:00+00:00,0.0063544300670363985,-0.0008621230335940089,0.09702271149077935,0.015916737848926398,0.4790730417241418,1.5168372698564867,0
2019-08-28 00:00:00+00:00,-0.009060015104116359,-0.006019380421008247,-0.008982166658804691,0.016386555396570163,-0.5913834796861872,0.6137237822460608,0
2019-08-29 00:00:00+00:00,-0.01705821785037409,-0.004010309509401733,-0.036095440816084956,0.015859351561646792,0.6276973445666396,0.950135570027111,1
2019-08-30 00:00:00+00:00,0.005475959710588896,-0.02139760370246102,-0.023043735609143967,0.010028901230847804,0.3094202916196538,1.202662197127525,0
2019-09-03 00:00:00+00:00,-0.03375910203463406,-0.04767931223718791,-0.06668723452162284,0.01674370603764273,-0.2427557201789835,0.9149073436594449,0
2019-09-04 00:00:00+00:00,-0.00435196858622422,-0.0578108569736252,-0.05862313993583035,0.01475871202351191,0.7591193862840304,1.5409736180098423,0
2019-09-05 00:00:00+00:00,-0.0021228719869297308,-0.05121499745815694,-0.05692609532620363,0.015387563039947842,-0.30209686702896976,0.9719061287092493,1
2019-09-06 00:00:00+00:00,0.01994004446869746,-0.01550240791732449,-0.01945054797283663,0.019664691928331052,0.00832045906748835,0.9456476617124163,0
2019-09-09 00:00:00+00:00,-0.000245387914041717,-0.021104384678199084,-0.04205040512093183,0.019212081619131835,-0.49333589053332416,0.5358955578679103,1
2019-09-11 00:00:00+00:00,0.009981801721063333,0.023209387370600965,-0.025576532493863713,0.010162248243939473,0.03234365818860496,0.5886899781859635,0
2019-09-12 00:00:00+00:00,-0.01948307590228826,0.007659423368638674,-0.05059423143385122,0.01473407749698059,-0.020440059697062196,0.7249374433558956,1
2019-09-13 00:00:00+00:00,0.012599782289827832,0.022526405387269577,-0.029842281865537834,0.015262216774871917,0.08987454129859374,0.9005180638385382,0
2019-09-16 00:00:00+00:00,-0.012116707643595515,-0.009611636141287794,-0.024965040554397078,0.013853637923191555,0.5869773160746896,1.483563213323468,0
2019-09-17 00:00:00+00:00,-0.010984934993769735,-0.02025056926777069,-0.04092757814219028,0.014365231017169394,-0.23880779044692524,1.0691749092292064,1
2019-09-18 00:00:00+00:00,0.006889896989431543,-0.023249922221984742,-0.0005801513025702754,0.013662198524947048,-0.0451936132052817,0.9831391205895353,0
2019-09-19 00:00:00+00:00,-0.02210341364438051,-0.025860193427398648,-0.018398844228615263,0.014404976284884595,-0.07819031172615287,0.8843054918249762,1
2019-09-20 00:00:00+00:00,0.06386480506177161,0.023457711079821086,0.04651253437633218,0.03446618423174529,2.4988219716346287,2.1301978600652167,0
2019-09-23 00:00:00+00:00,-0.012077792725594949,0.02349802735322304,0.013660536722978067,0.03446132574048155,-0.5513216497430944,0.9468696978627441,1
2019-09-24 00:00:00+00:00,0.031875315679341876,0.06785264192678153,0.04622801803367138,0.03478363757675019,0.6176588938405183,1.3099576815044036,1
2019-09-25 00:00:00+00:00,0.0006646499906299841,0.06125048366281116,0.03657649245960726,0.035196840818197905,-0.47961087187512996,0.6654383989567345,1
2019-09-26 00:00:00+00:00,0.013481231829040041,0.09986829125775887,0.07142548450117059,0.029620593939705803,0.008695286514547096,0.6494444769060287,1
2019-09-27 00:00:00+00:00,0.009446545707029408,0.04360840029703983,0.06808906463168207,0.01625418302525838,0.038593371271353094,0.8495345347444239,1
2019-09-30 00:00:00+00:00,0.01772261835399669,0.0750885706039397,0.10035103124312839,0.011512859581297299,0.32557934415441414,1.0906090608024748,0
2019-10-01 00:00:00+00:00,-0.020529170059503055,0.020489470489680306,0.08973237712086757,0.01517028423395539,-0.29066865317409085,0.9070347377952385,1
2019-10-03 00:00:00+00:00,0.004713139677705147,0.024618167448331674,0.08737652577424515,0.015044794827935136,-0.24528118370677776,0.7185040607215667,0
2019-10-04 00:00:00+00:00,-0.0022501190532415727,0.008713948005214078,0.10945248636036253,0.01445232677432566,0.10849672207109706,0.8259291565491778,1
2019-10-07 00:00:00+00:00,0.001528924475881599,0.0008020729239168745,0.04444545033809022,0.013828153569634627,-0.3288811228038908,0.6152907453975242,1
2019-10-09 00:00:00+00:00,0.011182313322832815,-0.005629493707990818,0.06903636626019183,0.011941212985745159,0.748099205850689,1.1870150166183413,1
2019-10-10 00:00:00+00:00,0.02868462837752328,0.04433294332686377,0.06573077235056046,0.012173187519663405,0.9902832776165216,1.9197630677039903,0
2019-10-11 00:00:00+00:00,-0.007448119385122576,0.031692117831422006,0.05709048714331977,0.014228310192593316,-0.5258829602252617,0.8805215075440868,1
2019-10-14 00:00:00+00:00,0.003992465250612476,0.038147067257296996,0.04719342682314265,0.01354355907486764,-0.1929762417902955,0.7228581199499328,1
2019-10-15 00:00:00+00:00,0.004528517926419173,0.04125633256909955,0.042091496080310487,0.013271776797211607,-0.27784139119138584,0.5242180703677894,1
2019-10-16 00:00:00+00:00,0.006011076977934016,0.03593129620286484,0.030099527488979927,0.013181280093219104,1.0060042649531038,1.0312950488615151,1
2019-10-17 00:00:00+00:00,0.017597589282078552,0.024766153393925183,0.07019705319562641,0.008886708411961272,-0.173406460430661,1.0677423155019057,1
2019-10-18 00:00:00+00:00,0.014214172362206456,0.047131516677359375,0.08031733208889391,0.006219891086526543,0.7533547104733853,1.6230766534116523,0
2019-10-22 00:00:00+00:00,-0.0015531670498158956,0.04134760239247193,0.08107195941916245,0.0077115536718626405,-0.011928368696752178,1.375244739251854,0
2019-10-23 00:00:00+00:00,-0.015380371768719092,0.02070899016758032,0.06281969972220369,0.013224470549788645,-0.33614673772179027,0.8400103926135174,1
2019-10-24 00:00:00+00:00,0.03163585486787879,0.046708148389461135,0.08431772890719524,0.01815765290859202,0.22749059966952467,1.0015605553630458,0
2019-10-25 00:00:00+00:00,-0.0036546823896596026,0.02484790995641939,0.05022945049984373,0.018217869712622993,-0.4020110775812269,0.6124623381961187,1
2019-10-27 00:00:00+00:00,0.0021310365702993384,0.012638086036079743,0.06036525487621858,0.01748540839726985,-0.7773374760348205,0.17645106140062264,1
2019-10-29 00:00:00+00:00,0.02286912331702351,0.037407498444970155,0.08030181120964164,0.019335922029523302,7.547218576369367,1.5446530557713487,1
2019-10-30 00:00:00+00:00,0.008213754480873803,0.062266563599453706,0.0842650314203841,0.014664755083089284,-0.3658395781982695,1.0049155943307673,0
2019-10-31 00:00:00+00:00,-0.009972343126586791,0.01942296012,0.06703831901290891,0.012560642585564746,0.1910718479715834,1.2456250549576011,0
2019-11-01 00:00:00+00:00,-0.005087611236159195,0.017956841355229347,0.04325094128874518,0.012790836989560593,-0.28563059896861553,0.885706023259166,1
2019-11-04 00:00:00+00:00,0.0005147689592630567,0.01631504940180739,0.029159326435910016,0.012858459400536286,0.011444875941624133,0.7853039110523992,0
2019-11-05 00:00:00+00:00,-0.007100310051984082,-0.013462353650691261,0.02344155182102492,0.007200594332948838,-0.09799014948980456,0.829561533741614,0
2019-11-06 00:00:00+00:00,-0.008567864723095564,-0.02988317615765934,0.0305226647530199,0.004088082823823845,0.15294399305782203,0.9783949490367153,1
2019-11-07 00:00:00+00:00,0.01651688118635275,-0.003926686984749295,0.015420005250542212,0.01024701188706091,-0.037022037871512814,1.015246825614396,0
2019-11-08 00:00:00+00:00,-0.008981022796306859,-0.007824641614168182,0.009991693892934084,0.010792919260609143,-0.14659757758410075,0.8906168493890432,0
2019-11-11 00:00:00+00:00,-0.01224512834628999,-0.02047818364560905,-0.00449723682163905,0.01166387543658783,-0.05503723869329735,0.8767541929399411,1
2019-11-13 00:00:00+00:00,0.031166812554962453,0.017273345357864622,0.0035784518232351292,0.019262526435152055,1.2209986035198064,1.6314149226631398,0
2019-11-14 00:00:00+00:00,-0.006486265063094465,0.01940920092929388,-0.011053983798815059,0.01895442400096154,-0.434778606573783,0.9265132035997347,1
2019-11-15 00:00:00+00:00,0.005537422646476831,0.008398502273990971,0.00443883699967107,0.017737927343583957,0.1005371460625315,0.9987949997530957,0
2019-11-18 00:00:00+00:00,-0.007920645518095681,0.00947747541556554,0.0015786759528635397,0.017582486687930537,-0.10295658092336635,0.8731025579542052,1
2019-11-19 00:00:00+00:00,0.034642426455809616,0.057396176510695396,0.03574262342194445,0.02036241743089099,1.143801198219586,1.5174959681544977,1
2019-11-20 00:00:00+00:00,0.02510336969052318,0.051178500356569234,0.06933586962599048,0.01902674724285718,0.44279401138411645,1.8489068861837155,0
2019-11-21 00:00:00+00:00,-0.006493574022237492,0.0511707671764019,0.07157315180752843,0.019028347551396183,-0.6578315508340737,0.6292214164082364,1
2019-11-22 00:00:00+00:00,0.005788033499154466,0.0514327512620647,0.060263211614487666,0.019013406019816752,0.5004570269479092,0.8938238426792718,1
2019-11-25 00:00:00+00:00,0.009731849445999474,0.07014134676189876,0.08028358506701472,0.016238327518892683,-0.32240650135899807,0.6005100262374902,0
2019-11-26 00:00:00+00:00,-0.0008325647331247632,0.03344919701376137,0.09276522954039956,0.012036501820622714,1.3326699526929473,1.3457833301889426,1
2019-11-27 00:00:00+00:00,0.006152874562650235,0.01434441738668224,0.06625704351359074,0.006476161372722933,-0.7270741377334449,0.4951590690342624,1
2019-11-28 00:00:00+00:00,0.00665662979566628,0.027770436062968473,0.08036223775753548,0.00386836285749662,0.4256819561330032,0.7143757681207595,0
2019-11-29 00:00:00+00:00,-0.01844580417824626,0.003006946055506221,0.054594352826102144,0.011354392553045366,0.35003617754207883,1.0040141862950775,1
2019-12-02 00:00:00+00:00,0.022789351615003506,0.015977484105614836,0.08723951312054812,0.014909664054579995,0.6824378809148519,1.4388751886425175,0
2019-12-03 00:00:00+00:00,-0.00479016115524078,0.011953304859848357,0.0458023303228321,0.015281919507488488,-0.5839783965368666,0.7538057936390905,0
2019-12-04 00:00:00+00:00,-0.01659389808585543,-0.010924602005504047,0.003263108330227915,0.017180301623617993,0.6156211505303983,1.076171974148007,0
2019-12-05 00:00:00+00:00,-0.0011914681894117374,-0.01863563316383099,0.008617283239868323,0.016529094908216347,-0.04979829286873916,0.9614952641206874,1
2019-12-06 00:00:00+00:00,0.002611499708263798,0.0024175983172500803,0.005431813960480092,0.014355318533230587,-0.3438505580555258,0.6660434016761557,1
2019-12-09 00:00:00+00:00,0.011383439713141152,-0.008761132471479027,0.007076370779325547,0.010264015129761815,-0.03382109941633449,0.7936553882485831,0
2019-12-10 00:00:00+00:00,-0.006772350433740915,-0.010735412647334686,0.001089568552343767,0.010449042517750399,-0.19531812764021417,0.6620564498762751,1
2019-12-11 00:00:00+00:00,0.0002880886712026687,0.006247145860698966,-0.0047457037270035585,0.006629167947251597,0.21539725476399907,0.9063877008011263,1
2019-12-12 00:00:00+00:00,0.0037123119217621348,0.011187446812926938,-0.007656671505749668,0.006537211115757583,-0.16482767271609422,0.881222646772263,1
2019-12-13 00:00:00+00:00,0.009373674343500449,0.018007462448392797,0.020468595576556003,0.007288419398448567,0.22676346904297495,1.0887994030482904,0
2019-12-16 00:00:00+00:00,-0.010297477020688062,-0.0038154527399562044,-0.012543157524541826,0.00791992852933548,-0.061222485758352985,1.0354892062862346,0
2019-12-17 00:00:00+00:00,-0.0024895002078982875,0.0004801477853380032,-0.010260419446603941,0.007312604411527242,0.7089954541930616,1.503813457234901,1
2019-12-18 00:00:00+00:00,0.008414932396023422,0.008608551895036065,0.014909476635072805,0.008208337330883993,-0.27466831944203973,1.0536933359569507,1
2019-12-19 00:00:00+00:00,0.021639057117169846,0.026622746098863725,0.038108033467785685,0.012219002192498335,0.3911076437872356,1.2795709867216802,0
2019-12-20 00:00:00+00:00,-0.006739227295807448,0.010234492918666405,0.02842625261397025,0.012986010334365593,0.03723916773975344,1.1985472362335803,0
2019-12-23 00:00:00+00:00,-0.017322408893729935,0.003063824638275481,-0.0007633179797915668,0.014902068060096047,0.18034742244438684,1.2313311475584778,0
2019-12-24 00:00:00+00:00,-0.015877335410613203,-0.010398543111097558,-0.009923388163205038,0.016711449070511114,-0.281160869232045,0.9053410522706681,0
2019-12-26 00:00:00+00:00,-0.02007836552645359,-0.03836025632041695,-0.030081930682622104,0.017134642497034825,0.6489516079747351,1.2973805597632277,1
2019-12-27 00:00:00+00:00,0.017784133175811956,-0.04198878642118664,-0.016483897122213653,0.01549403325482354,-0.4060159364838952,0.7901203347878045,1
2019-12-30 00:00:00+00:00,0.0011994635748449056,-0.03433182957337433,-0.02444870552136147,0.01610735679773531,-0.031329077959862284,0.7948374449120003,0
2019-12-31 00:00:00+00:00,-0.019524822355210802,-0.03649612089040433,-0.033544113966514244,0.016490589788141677,0.2966205589675486,1.0591642743050047,0
2020-01-01 00:00:00+00:00,-0.0029391055770365826,-0.023828965583434614,-0.033979722168619886,0.015809091208664364,-0.3692534861835144,0.6948741752142994,1
2020-01-02 00:00:00+00:00,0.017024415828723383,0.01313180676921677,-0.025732189024817553,0.015497688729303022,0.2646189773149541,0.9981116920369432,1
2020-01-03 00:00:00+00:00,0.00120511713965743,-0.003371426012329981,-0.04521865034674999,0.013045464943662134,0.18488557742278577,1.1401475770453113,0
2020-01-06 00:00:00+00:00,-0.023192358774950517,-0.027651889606105984,-0.0610343792181417,0.016344572590321734,0.16843125404997483,1.2330902548563258,1
2020-01-07 00:00:00+00:00,0.015384530639911409,0.00696810301973283,-0.029782326600856446,0.016304085480738185,-0.3195684341281112,0.8883501988625815,0
2020-01-08 00:00:00+00:00,-0.007510030650942023,0.002351759347584581,-0.021533246228404246,0.016737363302318505,-0.038104435595579855,0.8363011313220189,1
2020-01-09 00:00:00+00:00,0.0230313405397804,0.00827202188866627,0.02151245525091583,0.01835045314201842,-0.0663737851838826,0.8036387466684194,0
2020-01-10 00:00:00+00:00,-0.00022613633508383746,0.006830666056471424,0.0034362109589172185,0.018372884676555595,-0.16715117967058368,0.7365183307043806,0
2020-01-13 00:00:00+00:00,-0.0025521921120365,0.028105226032963726,-0.0003238261807604337,0.012960135275973698,0.4651271052547854,1.164853798611321,0
2020-01-14 00:00:00+00:00,-0.009263531036999395,0.003148374459063241,0.010138415676371526,0.013007687360806043,-0.13487558678075973,1.0190026352980468,0
2020-01-15 00:00:00+00:00,-0.003628860048601079,0.007071225168869599,0.009439614336343771,0.012501533440762411,8.37098643919898e-05,1.0221176654924249,1
2020-01-16 00:00:00+00:00,0.009220051665031148,-0.0065245964419484714,0.0016934538421353729,0.006749695998016876,-0.18775511907142428,0.8537642184114931,1
2020-01-17 00:00:00+00:00,0.02802534883426855,0.02154890762711137,0.02852676707546542,0.014839724728635678,1.2932385064572434,1.5973131846778963,0
2020-01-20 00:00:00+00:00,-0.030771762731750085,-0.007352525923898567,0.02054605570606083,0.021840744408682628,0.10461696790578401,1.528093412734834,1
2020-01-21 00:00:00+00:00,0.0010115222213227248,0.002942346610213864,0.006099984678194392,0.021380765329017778,-0.41858270716542967,0.8632795115781213,0
2020-01-22 00:00:00+00:00,-0.00035849872973403585,0.006234276418184637,0.013349585559372157,0.02126220090918605,-0.45447499091039767,0.49579904324025453,0
2020-01-23 00:00:00+00:00,-0.004239091279248264,-0.0071850476820473075,-0.013662764587454301,0.02087715909469183,0.08959976719533058,0.5486562940449207,0
2020-01-24 00:00:00+00:00,-0.0034710941991631383,-0.037602721355055824,-0.016864111296952644,0.013151672525796507,0.30056760740980915,0.8343133517409762,0
2020-01-27 00:00:00+00:00,-0.009858518853917864,-0.01683687052471805,-0.02406560292160631,0.004217002213914006,-0.08481386777610334,0.9770729363827667,0
2020-01-28 00:00:00+00:00,-0.023099152204627105,-0.040517643019497784,-0.03769451335887619,0.009003829357894663,0.8324390580941532,1.6549225099366238,1
2020-01-29 00:00:00+00:00,0.005503864795420421,-0.03489079142775797,-0.02887403384778331,0.010532935025734375,0.008736627187183377,1.3974362210519022,0
2020-01-30 00:00:00+00:00,-0.024394591305703317,-0.054425861049942736,-0.061219856325209765,0.012807703739057428,-0.0947152059285804,1.1235310529025824,0
2020-01-31 00:00:00+00:00,-0.022233714114073266,-0.07222910596056653,-0.10711581637046252,0.012775523749057584,0.5511669157215904,1.4501101865263224,0
2020-02-03 00:00:00+00:00,-0.018524447907066643,-0.08034915435609069,-0.09583319657214462,0.012520034042166993,-0.11620097777545002,1.119708840534069,1
2020-02-04 00:00:00+00:00,0.02952012374160584,-0.03081356256053569,-0.07008271265204669,0.02319898186555955,-0.17349370561426714,0.9197348498147643,1
2020-02-05 00:00:00+00:00,0.015493230340798414,-0.021184999265878246,-0.05533662930285321,0.024814048995819144,-0.2722907326182843,0.7011812593089546,1
2020-02-06 00:00:00+00:00,0.0064206158482496,0.00973158518949746,-0.04522392576376444,0.02217769622079446,-0.15880831091213232,0.6222540525463421,0
2020-02-07 00:00:00+00:00,-0.016565941063063083,0.015584650027078206,-0.0577701212716526,0.02071753632691052,-0.2142644722229069,0.5966418963666317,1
2020-02-10 00:00:00+00:00,0.001360260376662925,0.036160409107534486,-0.04709420354151683,0.01707692246328141,0.2402500669166856,0.8728027555675999,1
2020-02-11 00:00:00+00:00,0.011946214086694829,0.01847314977405734,-0.012909636342731456,0.012556473044744006,-0.07546057857380783,0.9288356450299654,1
2020-02-12 00:00:00+00:00,0.012080309306634396,0.015050213675873225,-0.0064536243556797546,0.01182888954677555,-0.033304080567916006,0.9608679590375085,1
2020-02-13 00:00:00+00:00,0.0026184991346167585,0.011215495545282339,0.02105622528512119,0.011679163550001731,0.0023714372377123816,0.9909068461623959,1
2020-02-14 00:00:00+00:00,0.009124055769407002,0.03763121975315098,0.053802339170174074,0.00512063437399895,0.5648219522545863,1.3700798497656306,0
2020-02-17 00:00:00+00:00,-0.006285364378477154,0.029708657560132856,0.06694334387907741,0.007816629123710572,-0.38057148628539283,0.8710800839752912,0
2020-02-18 00:00:00+00:00,-0.007339788601144037,0.010084132401630308,0.028743567863884323,0.008783769742465343,-0.15377207465436882,0.7662979793936798,1
2020-02-19 00:00:00+00:00,0.024805852241593707,0.022784576108122456,0.03817770252293706,0.01316926746824753,0.2657684201747419,0.9626521102000979,0
2020-02-20 00:00:00+00:00,-0.011869999476758597,0.008004664383504334,0.01930993620652144,0.015154412464029769,0.19935937674062143,1.1043468434022448,0
2020-02-24 00:00:00+00:00,-0.027591812370561075,-0.02867047593287575,0.007881838840017696,0.019045664461820357,0.2650885008454755,1.3945005572856528,0
2020-02-25 00:00:00+00:00,-0.01975842307613762,-0.04184003107819345,-0.013374384673668027,0.020081838300820935,0.2983052953985392,1.5207921225808003,0
2020-02-26 00:00:00+00:00,-0.017226748253596824,-0.05138336609307792,-0.04181739035837162,0.020440952521177103,0.058305366194532304,1.3413196387060617,0
2020-02-27 00:00:00+00:00,-0.004130778822753034,-0.07816870255151553,-0.05716516719595133,0.008773102689783598,-0.14670816914002738,1.0402712769166376,0
2020-02-28 00:00:00+00:00,-0.04155088695643183,-0.105858147260533,-0.09870084181810868,0.013789577869550705,0.5691790055578942,1.3761324159940709,0
2020-03-02 00:00:00+00:00,-0.009408022568890395,-0.08913791833822493,-0.11525276772867799,0.014349656878443367,-0.24965234687384597,0.9769730197100768,1
2020-03-03 00:00:00+00:00,0.020286393749284537,-0.05192739179860062,-0.09159477919013115,0.0223546638540205,-0.07124277067215312,0.9094565544265946,0
2020-03-04 00:00:00+00:00,-0.0023458200140796803,-0.03757189278249862,-0.08702468855392353,0.022209681046735447,-0.19320325658081794,0.7708879609374323,0
2020-03-05 00:00:00+00:00,-0.021310524330202196,-0.054174745445890515,-0.1281086784348422,0.02289017899256087,0.380232063308368,1.0250031524071244,0
2020-03-06 00:00:00+00:00,-0.030622093264121575,-0.04338989632315071,-0.14465486954908824,0.019498009010279795,0.10565741703072296,1.177461727599141,0
2020-03-09 00:00:00+00:00,-0.1234068807205525,-0.15347806784086115,-0.2289352707011788,0.05496195412147261,1.6141849779683954,2.183544136116409,1
2020-03-11 00:00:00+00:00,0.035363662336703516,-0.14096860126902677,-0.1855758612782299,0.05879224010192336,-0.32440650164630813,1.2724196169951896,0
2020-03-12 00:00:00+00:00,-0.07849713677682335,-0.2065387892823003,-0.23635062881845725,0.06018182944922835,-0.06056020875691959,1.04430141986297,1
2020-03-13 00:00:00+00:00,0.03979317667231719,-0.15699966805734777,-0.20266899645114222,0.07108065713042161,0.3095724112449625,1.1792963879259442,0
2020-03-16 00:00:00+00:00,-0.081064087364908,-0.2008655509863242,-0.23553991187728573,0.07443021233355604,-0.47498470034470386,0.6098310341030847,0
2020-03-17 00:00:00+00:00,-0.007580937834593238,-0.09527437189317256,-0.23412991322111787,0.059017969628274075,0.18095926179799537,0.8330314144492453,0
2020-03-18 00:00:00+00:00,-0.03918640486512481,-0.16041801062428174,-0.2787727093172435,0.050899217481920694,-0.015745375404939588,0.8671154003771772,0
2020-03-19 00:00:00+00:00,-0.0524523872995869,-0.13668861872374405,-0.31499590618617224,0.04623758488423445,0.3727574403233236,1.1657805825647864,1
2020-03-20 00:00:00+00:00,0.1092406291386454,-0.0790283287161696,-0.22362057539795177,0.0738914275717981,0.031862169913658756,1.2500925477850116,0
2020-03-23 00:00:00+00:00,-0.13153891745214086,-0.1296149778872807,-0.30444534492419606,0.08750281992925356,-0.35810220804058046,0.7955607789792888,1
2020-03-24 00:00:00+00:00,0.06713419683551103,-0.0640872823590436,-0.15325577867911788,0.096942931047166,0.12450995426735667,0.893606007448138,1
2020-03-25 00:00:00+00:00,0.14718046863171086,0.11744962337987563,-0.061809422175576834,0.1164696570690323,0.5990046722975395,1.2861438405802417,0
2020-03-26 00:00:00+00:00,-0.014830178959776563,0.1618177606392035,0.003010495728717144,0.11106983955194724,-0.37447967188647313,0.8514052486913423,0
2020-03-27 00:00:00+00:00,-0.0005627213068216674,0.046809817931319886,-0.035917812463470256,0.1034211520495075,-0.08933421661643692,0.843487944179411,0
2020-03-30 00:00:00+00:00,-0.03298618941282716,0.16560151207701979,0.014522097863775896,0.07411225813625691,-0.27433123193321607,0.6391160304926549,1
2020-03-31 00:00:00+00:00,0.0808384402624871,0.18057028255380092,0.10491074151107971,0.07591309240909229,0.4652003419399875,0.9421780912739883,0
2020-04-01 00:00:00+00:00,-0.02989887393512569,-0.001663128147411208,0.11559116145791859,0.046732816183476376,-0.06085301429283896,1.0219372826982334,0
2020-04-03 00:00:00+00:00,-0.0027767048100653113,0.010551443818336725,0.1740766154677338,0.04604942456732581,-0.00552081799034887,1.0386307410564484,1
2020-04-07 00:00:00+00:00,0.11940234099293634,0.1318505683349782,0.18483228736419943,0.06920840221674769,0.31439464509201565,1.2832347326272477,0
2020-04-08 00:00:00+00:00,-0.011566249518582539,0.1569217419599762,0.3485097317833279,0.06511541421177444,-0.08263738315474434,1.0772729607182832,1
2020-04-09 00:00:00+00:00,0.023319182767310487,0.09535353981368377,0.29314183799414684,0.058941674803635206,-0.3377578496373219,0.7498875254647429,0
2020-04-13 00:00:00+00:00,-0.02524698194259456,0.1006060503241284,0.09877560142262332,0.05799219078174725,-0.2833261742997283,0.5850336325989468,0
2020-04-15 00:00:00+00:00,-0.03304886235104654,0.06719555950760236,0.07845601349692521,0.06245482275391693,0.49202349738427964,0.8997708236116918,1
2020-04-16 00:00:00+00:00,0.015828296450409285,-0.031547989945743926,0.0961429579850619,0.02484480464480308,0.06041202494479192,1.044122500058108,1
2020-04-17 00:00:00+00:00,0.047900334296083535,0.02671644365774628,0.18783057649547152,0.034106683847284644,-0.11176857806391371,1.0220772546835915,1
2020-04-20 00:00:00+00:00,0.01617648616535683,0.019550034411461636,0.11676773920975769,0.033327544787109205,0.0830072798269037,1.0868954573403542,0
2020-04-21 00:00:00+00:00,-0.005185671630203115,0.040533308369514964,0.14521725475527014,0.02991022691094171,0.7033039278584301,1.5082771202278493,1
2020-04-22 00:00:00+00:00,0.10203250975010669,0.18589398021613612,0.2655807897334568,0.04182083575656128,1.3249076266968185,2.295339951759167,1
2020-04-23 00:00:00+00:00,0.005353512651499193,0.17366555234638792,0.1366387633012982,0.04328014998116041,-0.541190372534385,0.9660667580361894,1
2020-04-24 00:00:00+00:00,0.03362757803822225,0.15767983136831343,0.18860891935677437,0.04253706797861448,1.061977161301861,1.5320664199954483,1
2020-04-27 00:00:00+00:00,0.008997799966366848,0.14950150768002035,0.17197430171119166,0.04325234213231612,-0.5667493846857417,0.6315802131717231,0
2020-04-28 00:00:00+00:00,-0.0011189751894574718,0.15420054905548408,0.2009841158306136,0.04248096279704922,0.3414758785649159,0.8171029525377314,0
2020-04-29 00:00:00+00:00,-0.0008403671758121511,0.046457873607790745,0.24098809286125733,0.014307629644247909,-0.5220771627223656,0.5000866086360708,1
2020-04-30 00:00:00+00:00,0.027366000339938745,0.06937035242184453,0.25508314533803556,0.01610092483465773,0.9028276604206593,0.9368802258220444,0
2020-05-04 00:00:00+00:00,-0.02100943613152162,0.01284399385770052,0.17254906401159187,0.017587835185250183,-0.2507366400975619,0.8932292832578662,1
2020-05-05 00:00:00+00:00,0.01773250688585093,0.02161199656474455,0.1743445303151696,0.018766656104429992,-0.16000011448482165,0.7859800354766207,1
2020-05-06 00:00:00+00:00,6.85616830178315e-05,0.022826557543629722,0.18054697430538824,0.018686279219626577,-0.09831400989712158,0.8173330698429945,1
2020-05-07 00:00:00+00:00,0.03162772334196928,0.056063714213429705,0.10512618877013113,0.02169477226578368,0.2355664466090548,0.9612341111507652,1
2020-05-08 00:00:00+00:00,0.03639784566620419,0.06534784870717503,0.13925140442384554,0.023668043011710656,0.6843469979770511,1.5424862026801758,1
2020-05-11 00:00:00+00:00,0.009604451848925555,0.09866220423237637,0.11277341483522463,0.015086330597688526,-0.20385879790089978,1.1696762447993785,0
2020-05-12 00:00:00+00:00,-0.06186580858377755,0.012734261344280462,0.03462147072145205,0.03935291975970072,0.5008289103045189,1.4696256875277252,1
2020-05-13 00:00:00+00:00,0.02121671557004179,0.03415025303341701,0.057756343293043466,0.04006672882432739,-0.3402064725752365,0.9013875931513733,0
2020-05-14 00:00:00+00:00,-0.04042899895114915,-0.038082661908793836,0.015845996830894604,0.04208033281920289,-0.25836702851304283,0.6698807303816147,1
2020-05-15 00:00:00+00:00,0.01633069932138298,-0.05670768711105012,0.0049344362382581775,0.03762585447284088,0.2615452309630766,0.8991482521362834,0
2020-05-18 00:00:00+00:00,-0.012779344750375343,-0.07762128671604662,0.013382630273571339,0.03584674196451892,0.010358899258047893,0.9198777534062375,0
2020-05-19 00:00:00+00:00,-0.022106611803206055,-0.03852982506459046,-0.02628621258223196,0.026067610309388506,-0.3261387026825827,0.74773271219165,1
2020-05-20 00:00:00+00:00,0.017602511968171086,-0.04193257877627743,-0.009214333918414086,0.025102630892575712,0.30733471667616596,1.0174836555067828,1
2020-05-21 00:00:00+00:00,0.005266200602147109,0.003691019634343151,-0.03453220612728414,0.017695803139253716,-0.29198691961106626,0.7481854212049673,0
2020-05-22 00:00:00+00:00,-0.00673033326864958,-0.019083212541823102,-0.07470873480697782,0.01552899134990795,-0.03418629109322735,0.7966346249542423,0
2020-05-26 00:00:00+00:00,-0.0052389962362261455,-0.011591012696243408,-0.08831259009246561,0.014780964566491306,-0.12192606973496212,0.7990513976714062,1
2020-05-27 00:00:00+00:00,0.01509768666033584,0.026013355439944208,-0.01351875965909033,0.01121490503158891,0.07379799308388701,0.8863694706025814,1
2020-05-28 00:00:00+00:00,0.01847055711150003,0.026888575282373317,-0.01617151079511414,0.011458971151123704,0.12499516372623098,1.0786180213506396,0
2020-05-29 00:00:00+00:00,-0.005332110416845004,0.016062304095524116,0.019812610009656728,0.012423321918582761,-0.002585612351088229,1.0709092262444775,1
2020-06-01 00:00:00+00:00,0.038206835607191625,0.06203064972896244,0.04176369311425421,0.01827263758458621,-0.001969515817929257,1.0568397552596558,1
2020-06-02 00:00:00+00:00,0.010096415524884828,0.0784031022626781,0.06590331821268314,0.01571287244613927,-0.4453703865505506,0.6226015751404258,1
2020-06-03 00:00:00+00:00,0.0038743364753588416,0.06647982057628266,0.09422253921846147,0.01653077728667531,0.14567729651944838,0.7570729813981403,1
2020-06-04 00:00:00+00:00,0.02474622205828436,0.07305131150423394,0.10190413247546481,0.01726588402078996,0.3475418841021036,1.057561543935744,1
2020-06-05 00:00:00+00:00,0.001202644977940981,0.08010102922425921,0.09744994040954791,0.015570674798749818,-0.03291191979498487,1.0686584212849604,0
2020-06-08 00:00:00+00:00,-0.007713022313906581,0.0323281923469112,0.0963641808517155,0.012070705130616711,-0.050238770904641794,1.074167985982174,0
2020-06-09 00:00:00+00:00,-0.0206117248293608,0.0009441793606257409,0.07942130821426918,0.01667870786050095,-0.17691549626065017,0.8622937552712909,1
2020-06-10 00:00:00+00:00,0.02276944557009397,0.01978413649426769,0.08757920291494603,0.019579478567286417,-0.14404187683249525,0.7544339457918038,0
2020-06-11 00:00:00+00:00,-0.02191266737082509,-0.026648818555494502,0.044455761803222194,0.018346794426170092,-0.07892603175752089,0.7671493481866348,1
2020-06-12 00:00:00+00:00,0.03323140108479716,0.004488961346688525,0.08494956099496531,0.025399946577603007,0.8909677101296711,1.3932719415967092,1
2020-06-15 00:00:00+00:00,0.016207151606868253,0.02870327756490698,0.06195939498992331,0.02556477229909411,0.3776632894236487,1.6592753701660072,1
2020-06-16 00:00:00+00:00,0.0019508437838251513,0.05240193607562227,0.05339559226274737,0.0213511338222374,-0.036160683662125215,1.3807325693400716,0
2020-06-17 00:00:00+00:00,-0.0014524816342040836,0.027478231915612605,0.04780600150072001,0.020591300211986078,-0.18373707091231728,1.019018974103376,1
2020-06-18 00:00:00+00:00,0.02510289154614842,0.07686795585640027,0.048170697092556836,0.014806028595459063,-0.0313650456572826,0.8989807123744898,1
2020-06-19 00:00:00+00:00,0.06250386135857244,0.10737668257997068,0.11234765370429622,0.02563818105425993,1.6142847185246665,1.809532765290839,0
2020-06-22 00:00:00+00:00,-0.007531083007418893,0.08150876041871835,0.11255160655789509,0.028727537426138886,-0.43103657168607135,1.0051763823445405,0
2020-06-23 00:00:00+00:00,-0.014460336762369463,0.0637944826778114,0.11953937315669383,0.031549333588888596,-0.36938713216505237,0.6631658898046466,1
2020-06-24 00:00:00+00:00,0.0040384874220771305,0.06964424193231977,0.09903617447933577,0.031018884716716353,0.3588882305125658,0.8713219471853132,0
2020-06-25 00:00:00+00:00,-0.005758658460956356,0.037441738618319675,0.11718776438601974,0.031309162845412485,-0.23081448435620044,0.6720065702143407,1
2020-06-26 00:00:00+00:00,0.013825088538494512,-0.01008880931182532,0.09620457039305963,0.011032617166198312,-0.2207056240352986,0.7016599234708836,0
2020-06-29 00:00:00+00:00,-0.01062200872987129,-0.013171769301658864,0.0672633765287598,0.01149837251857056,-0.17139841897879993,0.6896090516172306,0
2020-06-30 00:00:00+00:00,-0.011055260237726405,-0.009762240728078075,0.053409464852709476,0.010692572970074065,0.18165966004299605,0.8500511388118297,1
2020-07-01 00:00:00+00:00,0.019658228389261456,0.005642803490361725,0.07568003419414082,0.014478197645095787,-0.05985902560474454,0.9184116252319027,1
2020-07-02 00:00:00+00:00,0.017215612454821283,0.028880531843244128,0.06740360778599652,0.015334200520641878,0.011432996852210664,0.9991237136854371,1
2020-07-03 00:00:00+00:00,0.015650130832232323,0.030732676268397707,0.020333810846058453,0.015592401077498222,0.022394701574353526,1.032156406534183,1
2020-07-06 00:00:00+00:00,0.035740185178126715,0.07903274825920259,0.06481997783019744,0.016845524055379407,0.5973282635959056,1.4335906706276984,0
2020-07-07 00:00:00+00:00,-0.01530933984419236,0.0743911428949009,0.06390267792184612,0.01854053335732901,-0.2515430803243607,1.041767514137119,0
2020-07-08 00:00:00+00:00,-0.013957029021931522,0.03897149558251689,0.04483420756417633,0.022013172758156917,-0.2553452386158872,0.7862785268580896,1
2020-07-09 00:00:00+00:00,0.014599468592835674,0.036299398469903155,0.06622827624654803,0.02176513615699681,0.3898187287139663,1.0449414364466891,1
2020-07-10 00:00:00+00:00,0.029491693322754253,0.050422374923475566,0.08270466571708024,0.02386459949253287,0.20157161622103126,1.1601954120515061,1
2020-07-13 00:00:00+00:00,0.030323993449249853,0.044929405682440304,0.1275130483503788,0.022494115886545863,0.5906865743294551,1.648074328282918,0
2020-07-14 00:00:00+00:00,-0.009302367990499105,0.05130385583517927,0.12951155120057467,0.02097855705103676,-0.03271536569900935,1.3835777899459896,0
2020-07-15 00:00:00+00:00,-0.038080240655009034,0.025584058471960214,0.06555260307619992,0.029124457501789745,1.0743715002071554,1.957320508596862,0
2020-07-16 00:00:00+00:00,-0.00032542891495113135,0.010497576138647657,0.04717803030777579,0.028708579738556925,-0.563529583455398,0.7993282287284581,1
2020-07-17 00:00:00+00:00,0.03705103467681958,0.01791744767819692,0.06924326286617433,0.030625603374889728,-0.1842952965044099,0.6419706916885983,1
2020-07-20 00:00:00+00:00,0.004289449594468087,-0.0078036037586499685,0.03677519064473289,0.02701765202613393,-0.2641198758857529,0.5164375288851552,1
2020-07-21 00:00:00+00:00,0.026902298991192675,0.028455834990072315,0.08121958488125203,0.029099279205333898,0.1525002720470272,0.6406901021072656,1
2020-07-22 00:00:00+00:00,0.01645919520319805,0.08676776849649559,0.1145716986311518,0.015508407617775367,0.4172795672416132,1.199140455727668,1
2020-07-23 00:00:00+00:00,0.026846416798415262,0.11630686750528096,0.12802538384101303,0.01242918484767012,-0.024053387221261824,1.182768803717781,1
2020-07-24 00:00:00+00:00,0.042934143589731466,0.12263958852109047,0.14275442460988952,0.014309763464284468,1.0673687176399818,1.8993573256874314,1
2020-07-27 00:00:00+00:00,0.004682717597775943,0.12307920105469838,0.11431513598008647,0.014178346471630462,-0.3341079853713562,1.1116985162482818,1
2020-07-28 00:00:00+00:00,0.00997137738363274,0.10456257495422339,0.13599382532333015,0.015169198081826957,-0.31368481747678756,0.7365838842833199,0
2020-07-29 00:00:00+00:00,-0.0372181605859937,0.04623264040590036,0.13701191194211693,0.030102902655727605,0.3184098891575058,0.9387701994717909,1
2020-07-30 00:00:00+00:00,0.005818741337182853,0.024807975471102806,0.1440001808925757,0.02848936324957684,0.0026704641218338043,0.9072309626381463,0
2020-07-31 00:00:00+00:00,-0.019797567187834098,-0.03683345981504038,0.08128888835052539,0.020403875382854184,0.028831878867449756,1.0530830290653406,0
2020-08-03 00:00:00+00:00,-0.028106951579541684,-0.06826817214973602,0.04640863681930818,0.02085078653168051,-0.3767797302013989,0.7246993595819963,1
2020-08-04 00:00:00+00:00,0.07048275447190244,-0.012444435712525848,0.0908169169997437,0.043454716786349726,0.9702515336329363,1.2810690408072376,0
2020-08-05 00:00:00+00:00,-0.011229358543287549,0.014213094597831155,0.06110284389532805,0.03953091793349626,-0.1900354358172014,1.0321997304533723,1
2020-08-06 00:00:00+00:00,0.003597390538404577,0.01197320486897091,0.03707821131277367,0.03950988673720673,-0.33839061527477277,0.7305214177278684,1
2020-08-07 00:00:00+00:00,0.005787111792015409,0.0383871462305545,0.0001397550074169196,0.03742258092437904,-0.3312565594431398,0.5578970525945164,0
2020-08-10 00:00:00+00:00,-0.012392482025753493,0.05517675412105749,-0.01685823417767862,0.03413653941939225,-0.18267472129868845,0.4886400270899349,1
2020-08-11 00:00:00+00:00,0.006580585250013371,-0.007811727682286884,-0.020158950851866808,0.009456253415047645,0.7370195931250707,1.0151611686593933,0
2020-08-12 00:00:00+00:00,-0.002905641531501524,0.0005407597955151555,0.01476154026347487,0.007931950880432095,-0.3537110439143367,0.8119963751100152,0
2020-08-13 00:00:00+00:00,-0.002608424431412848,-0.005646154283367011,0.006259448023647307,0.007737558281634535,-0.17955935143669588,0.7669992791226962,0
2020-08-14 00:00:00+00:00,-0.0038878453932684742,-0.01521113157482401,0.022592102723635543,0.006725839983642638,0.3380670214425734,1.0247756176315703,0
2020-08-17 00:00:00+00:00,-0.010620545602699316,-0.013444252290065184,0.04099069162804181,0.0061303605246778095,-0.06758746935820359,0.9323913653357596,1
2020-08-18 00:00:00+00:00,0.013005813872558836,-0.007146846676635676,-0.014902745138897666,0.008695724522321728,-0.013925339130624548,1.0193000946196127,1
2020-08-19 00:00:00+00:00,0.0061362657825680955,0.0018566003016626809,0.0023983640719773547,0.009229027872951882,0.11588022157629552,1.1091205840429819,0
2020-08-20 00:00:00+00:00,-0.01618542730070227,-0.011781182761782527,-0.017360818669636013,0.011937292476947525,-0.33882459642221796,0.7444288294687452,0
2020-08-21 00:00:00+00:00,-0.0072482195215319845,-0.015114928797460014,-0.030096145201601865,0.012141164100156629,0.12170861943544287,0.8812787607673689,1
2020-08-24 00:00:00+00:00,0.006676759438456026,0.002103801014802009,-0.011368735306874322,0.01188224498511697,0.2941479326582386,1.1268496811002553,0
2020-08-25 00:00:00+00:00,-0.006513247799119104,-0.017205195661787354,-0.02422907944298669,0.009752514012540417,-0.4074065832859016,0.7233710053962604,1
2020-08-26 00:00:00+00:00,0.026511795707439445,0.0026976401933800354,0.004559248934639326,0.016600300416499316,2.088013012992361,1.8733580735849003,0
2020-08-27 00:00:00+00:00,-0.012492484150806393,0.0064614646827949596,-0.005395841775324373,0.01572305573028752,-0.530902547019003,0.8493041473094697,1
2020-08-28 00:00:00+00:00,0.0026295386055765757,0.016475632481719016,0.0011116756724047772,0.014969321601127206,-0.03269218348173841,0.8122731695577852,0
2020-08-31 00:00:00+00:00,-0.016752081881882708,-0.007181262421357304,-0.0050925693537250405,0.01717666315961054,1.2849913681722978,1.5788501432521902,1
2020-09-01 00:00:00+00:00,0.0031480058813653233,0.0024734950892351115,-0.014774257539530877,0.016989261340892996,-0.37792100190778644,0.8946620628236603,1
2020-09-02 00:00:00+00:00,0.01961910534005673,-0.004257785965743999,-0.001571631746919877,0.014452221494132158,-0.3021219456323293,0.7367510633534847,0
2020-09-03 00:00:00+00:00,-0.0075650336728040335,0.0007107538881434561,0.0071768110820849,0.013595611531396039,-0.3103222297132048,0.535955825248592,0
2020-09-04 00:00:00+00:00,-0.016500291012080837,-0.01838246597156834,-0.002209696243304582,0.015327900935009279,0.5320826286749327,0.8149759568177074,1
2020-09-07 00:00:00+00:00,0.0025996666277379177,0.0009371942088562957,-0.0062507984500544955,0.013515991305070673,-0.23000016329572204,0.8147801013691518,1
2020-09-08 00:00:00+00:00,0.01173985686913559,0.00951010984078593,0.012007128140010481,0.01448624903807442,0.24949790146367823,1.110674190391194,1
2020-09-09 00:00:00+00:00,0.025746238584922976,0.01557649573198705,0.011252388381320033,0.01647429636002161,1.018860147222978,1.8230732227809727,1
2020-09-10 00:00:00+00:00,0.0706271767332951,0.09559198665291424,0.0963706829172466,0.03275936660996199,1.536651226846394,2.565779426533637,1
2020-09-11 00:00:00+00:00,0.0024850370253741705,0.1167411268831815,0.09621267111920062,0.02845640728646533,-0.5761301477037029,0.9768219957473555,0
2020-09-14 00:00:00+00:00,-0.007414764481498359,0.10558659785801394,0.10662274721491571,0.030498674129250728,-0.25907437240594366,0.6746884361364456,1
2020-09-15 00:00:00+00:00,0.0070792715393093175,0.10049370698903637,0.11095952302159584,0.030907047803076463,-0.38319863551295186,0.4164276305301557,1
2020-09-16 00:00:00+00:00,0.0024580593913561266,0.07550848775478469,0.09226114112401307,0.031517677363521304,0.24923850354213362,0.5566509498082536,0
2020-09-17 00:00:00+00:00,-0.011098991417365589,-0.0065902945551346015,0.08837171274862632,0.007616959200202352,-0.2392658876226187,0.6779405654496262,1
2020-09-18 00:00:00+00:00,0.0030233369608003713,-0.006056867760177664,0.10997717355529835,0.0076872816930195435,0.2805504999115518,1.0077810832675997,0
2020-09-21 00:00:00+00:00,-0.021620191522257137,-0.020281728399294985,0.08316339075835733,0.011985886012616418,0.016703474521400974,1.0942021103990076,0
2020-09-22 00:00:00+00:00,-0.01981516766988667,-0.04644548158371875,0.04938074678807869,0.01178609014059188,0.03464061028124665,1.0786589091261554,1
2020-09-23 00:00:00+00:00,0.00888655408123995,-0.04033059218687385,0.03213259354162501,0.013613442148434754,0.23558272482145015,1.2620580589168016,0
2020-09-24 00:00:00+00:00,-0.022233892293959667,-0.05113634891839414,-0.05738963987168233,0.01505593445195166,-0.3061824979713277,0.8555559219534788,1
2020-09-25 00:00:00+00:00,0.009398352558339429,-0.045105561445480724,-0.05088923078473451,0.016656617608357717,-0.048661152207925884,0.8364778782917447,1
2020-09-28 00:00:00+00:00,0.006608504931687298,-0.017554476459932022,-0.037480169735474744,0.016117504410213014,-0.30689360169459423,0.6317689452986367,1
2020-09-29 00:00:00+00:00,0.012995003567458863,0.015331367919117822,-0.03182618643094148,0.014362933882393202,0.31401522429953066,0.8807993755991378,0
2020-09-30 00:00:00+00:00,-0.0047661246204355745,0.001591475276226939,-0.03880330205098803,0.014292759709058368,-0.0532989424916801,0.9543595202838602,0
2020-10-01 00:00:00+00:00,-0.0040727488369884934,0.020195153931490406,-0.03197390142480505,0.008044648829438089,-0.15049695773487515,0.8722720726513488,0
2020-10-05 00:00:00+00:00,-0.00586453153173061,0.004769013850874915,-0.040551656641890754,0.008388030301299244,-0.08951583890220705,0.8626322092609782,0
2020-10-06 00:00:00+00:00,-0.0008362239285656381,-0.0026621104031477882,-0.020169854908673956,0.007777697628728494,-0.02698459144442633,0.8490672048751009,1
2020-10-07 00:00:00+00:00,0.02133147909017552,0.005545514387914174,0.02096190262841402,0.011431514794884433,1.887810103912221,1.95835028338897,0
2020-10-08 00:00:00+00:00,-0.008084339019584386,0.0021929198999413035,0.0037878851539716596,0.011946171420218036,-0.6035835038606199,0.7961889316808978,0
2020-10-09 00:00:00+00:00,-0.002590053556138283,0.0036849432491385947,0.02395451517677416,0.01182220796261415,-0.12014100327700106,0.7125805236591655,1
2020-10-12 00:00:00+00:00,0.001611903040931395,0.011233195019423103,0.016055780132935293,0.01122778685759525,-0.23288809861627346,0.5670953184342025,1
2020-10-13 00:00:00+00:00,0.01951232929435287,0.031827549000650324,0.029080710148201128,0.013308039819228928,0.6245777853723828,0.8880173713812668,1
2020-10-14 00:00:00+00:00,0.002981605887864225,0.01328909691291047,0.018908306178957668,0.010346537681109358,0.15706114205894317,1.2893457243800401,0
2020-10-15 00:00:00+00:00,-0.03540989840093378,-0.01462526362939609,-0.012464415761109682,0.020088424542961628,-0.2507595259010251,0.9758313459739882,0
2020-10-16 00:00:00+00:00,-0.013913497513883377,-0.02581207367119709,-0.022222246448679428,0.020691063736683165,0.07723037460651838,1.0209810865897977,1
2020-10-19 00:00:00+00:00,0.00018386830326355685,-0.027201009041863622,-0.016273368261732868,0.02058581777806013,0.4455598231990956,1.2716766740000476,0
2020-10-20 00:00:00+00:00,-0.009328131512810978,-0.05472002020614786,-0.024634075329925342,0.015228622030771001,-0.4076262840987379,0.7828526943161367,0
2020-10-21 00:00:00+00:00,-0.014518299528669787,-0.07121315441860632,-0.05887041601623877,0.01303730370907099,0.8440531280542756,1.359109056536211,0
2020-10-22 00:00:00+00:00,-0.00830758923895647,-0.04511681754681496,-0.059082235825469565,0.005902720986668962,-0.09624083406760942,1.1311798790405967,1
2020-10-23 00:00:00+00:00,0.0028952530724382086,-0.028839956224342433,-0.053907610820802754,0.0071790919747902445,-0.2395959575627853,0.8486933435265853,0
2020-10-26 00:00:00+00:00,-0.03972934996126265,-0.06759495320580922,-0.09295731131433727,0.015825160143531643,0.5935537872844585,1.2949672396785419,1
2020-10-27 00:00:00+00:00,0.0026613559829371525,-0.056310632932758065,-0.10794933416700447,0.01749224726558594,-0.02265326803773704,1.1251280982302088,0
2020-10-28 00:00:00+00:00,-0.011329575236320943,-0.053257136142549344,-0.12067768190114359,0.0174080490358524,-0.1796896210894101,0.9472523505671963,1
2020-10-29 00:00:00+00:00,0.007681011974835172,-0.03799323582631786,-0.08139591948434377,0.019333607814985616,0.02443812941290613,0.9713048069184327,1
2020-10-30 00:00:00+00:00,0.013616850611896991,-0.02770876262325017,-0.05574959934650736,0.021280278926322452,0.10981000221038428,1.0101162503100576,0
2020-11-02 00:00:00+00:00,-0.08617668259489708,-0.07473751906538872,-0.13728059316725472,0.04100135937527358,1.9207034080121481,2.1559628708029743,0
2020-11-03 00:00:00+00:00,-0.014407822439825524,-0.09048906895880016,-0.14170420514499227,0.039888977266961924,-0.10743288295362352,1.5688779918949947,1
2020-11-04 00:00:00+00:00,0.03393862811925974,-0.04884533738835517,-0.09950111074768409,0.046419189280859696,-0.09596741735124181,1.2042112265472096,1
2020-11-05 00:00:00+00:00,0.021848181341265427,-0.03547288217806943,-0.07211838842635676,0.04809924396269531,-0.5359775666079409,0.5479992107947819,1
2020-11-06 00:00:00+00:00,0.037928357809579705,-0.012338787719071265,-0.03970565780235491,0.05170179456006347,0.7920553034100746,0.8958726688522703,1
2020-11-09 00:00:00+00:00,0.010620163464046595,0.09227934633666734,0.010645097865100261,0.02103993644551435,-0.46248217035926076,0.5806821963722711,1
2020-11-10 00:00:00+00:00,0.01650661600337422,0.1265401728569162,0.02460060147040788,0.011537275006393994,0.030574150543646983,0.7190341318714364,0
2020-11-11 00:00:00+00:00,-0.04190350805083498,0.043905468177867,-0.00708444661682972,0.03021616700825779,0.5358317086891888,1.2153036114858469,0
2020-11-12 00:00:00+00:00,-0.008612147908845125,0.012787632038107732,-0.023138864304586004,0.030048337496408624,-0.2940205850071168,0.8476598400177937,1
2020-11-13 00:00:00+00:00,0.008282970989552219,-0.01613968350578221,-0.028279327096222606,0.023655333725497107,0.13339840930525626,1.0558808379527904,1
2020-11-14 00:00:00+00:00,0.002955270383157904,-0.023601620646051646,0.06649978356491215,0.022782563663235254,-0.88485628682224,0.1417699531412249,0
2020-11-17 00:00:00+00:00,-0.0045198541610173,-0.04379845071958843,0.07719945861240585,0.019648175753118523,7.905587977544,1.1999912297690722,0
2020-11-18 00:00:00+00:00,-0.003035178730557919,-0.0050069959691601,0.03867863770651625,0.006638765431954459,-0.34678520705413685,0.9069556342191473,0
2020-11-19 00:00:00+00:00,-0.007070239382876875,-0.0034594803394721874,0.009283913137011268,0.0062184506165110735,-0.08571548393229589,0.894601038639716,0
2020-11-20 00:00:00+00:00,-0.03732608879588073,-0.04853737756429244,-0.06389368315798638,0.015823059310740573,1.0675830629950136,1.7161880945024028,1
2020-11-23 00:00:00+00:00,0.02695448364998354,-0.025770306025275302,-0.048763705684585656,0.022773021286031057,-0.21130010957827117,1.0920199676197375,1
2020-11-24 00:00:00+00:00,0.006843688539305948,-0.014649340154002766,-0.05780617247078168,0.0233914738644137,-0.31749550996196196,0.8059102028744131,0
2020-11-25 00:00:00+00:00,-0.008273766994471021,-0.019826901380220918,-0.024734624134089334,0.023525681585481593,0.05500375804864377,0.8404489834271179,1
2020-11-26 00:00:00+00:00,0.0024643526548093764,-0.010414804983950199,-0.013838255510341013,0.023578105685700925,-0.2083236475017265,0.6721404206205059,0
2020-11-27 00:00:00+00:00,-0.011676814402658109,0.01595148780432032,-0.033360133146242754,0.015256479039550885,0.8320165649604505,1.2999107213676804,1
2020-12-01 00:00:00+00:00,0.01300650170805251,0.0021529473320998083,-0.023672840804779938,0.010317021682459189,-0.582762619982998,0.6310112271874373,1
2020-12-02 00:00:00+00:00,0.0016625438692383643,-0.0030040591235845904,-0.01760939179364318,0.009762454653951579,0.12344887041144448,0.7508782179511995,1
2020-12-03 00:00:00+00:00,0.00301311068623189,0.008342793322504427,-0.011649519798157426,0.008790418908815245,0.2522201767037706,0.9721936805856533,0
2020-12-04 00:00:00+00:00,-0.008808373411971271,-0.0029960358941499843,-0.013379637748537787,0.009916854521340815,-0.33545780851881346,0.6812165156803613,1
2020-12-07 00:00:00+00:00,0.005881611247451346,0.01471661137723479,0.03090285102845991,0.007900133493076162,-0.01204275088829665,0.8569904642871109,1
2020-12-08 00:00:00+00:00,0.01815444846775427,0.01987324865719997,0.022068982046976604,0.0096744390645697,1.3792683750436079,1.6682697711003178,1
2020-12-09 00:00:00+00:00,0.016652017425112353,0.035135238021440474,0.03202563056551844,0.01100717508013413,-0.32780653419812944,1.0642432010516756,0
2020-12-10 00:00:00+00:00,-0.009842424374308045,0.021867996344329788,0.030393229840712133,0.01340521780710639,-0.4493447426370307,0.6408230941956208,0
2020-12-11 00:00:00+00:00,-0.0005978881066859287,0.030332587794529298,0.027245674378584495,0.011786776157368693,0.6771460745060831,1.006656180145631,0
2020-12-14 00:00:00+00:00,-0.007228977394423519,0.01690330688130115,0.03186867765689816,0.013206305549293149,-0.35745927825214496,0.6513411047103708,0
2020-12-15 00:00:00+00:00,-0.008512071476724836,-0.009730444368684865,0.009949428748031286,0.010966679852357029,0.07153792520620783,0.8584655708210096,1
2020-12-16 00:00:00+00:00,0.0011142363096940944,-0.024865014838167387,0.009396584968527577,0.004937449587619799,0.0005253550094832526,0.9524843256098863,1
2020-12-17 00:00:00+00:00,0.00457873792371255,-0.010662649245387512,0.010972176324223204,0.005581442559025767,0.09112364622810687,0.9964594824310107,1
2020-12-18 00:00:00+00:00,0.00299655760740114,-0.007104402411718946,0.02301269047292931,0.0060405798051694735,-0.08818795322500228,0.9912822361356065,0
2020-12-21 00:00:00+00:00,-0.0260349866172922,-0.025912771451927497,-0.009447476098623175,0.012725361264250407,1.3900529525497847,1.8394940828406805,0
2020-12-22 00:00:00+00:00,-0.001546638020758051,-0.01906958196311115,-0.02861447082536983,0.012649269784263019,-0.36241856336186207,1.0860231496284976,1
2020-12-23 00:00:00+00:00,0.0036919227617098205,-0.016543865159537874,-0.0409975165450327,0.012947539714144123,-0.30698616535230405,0.7472053494379617,1
2020-12-24 00:00:00+00:00,0.02587648955800459,0.004306072941225869,-0.006402490449558873,0.01848951212373016,0.0654095267983188,0.79289204405092,1
2020-12-28 00:00:00+00:00,0.004588425255195094,0.005900018936227047,-0.0012462995842515978,0.01854617604887392,-0.17112629607332885,0.6635114959118843,0
2020-12-29 00:00:00+00:00,-0.00661412576020326,0.025957663754549998,-0.0006277427056751161,0.012402179546811784,0.08073861630744217,0.8926432154859776,1
2020-12-30 00:00:00+00:00,0.002738624187109462,0.0303609716813662,0.010712418680297375,0.011959635360719622,0.18438116522947978,1.1228936552550217,0
2020-12-31 00:00:00+00:00,-0.005111502028962378,0.02132363152176575,0.004426991077620235,0.012997695941698433,-0.14799926327923307,0.9637779942976487,1
2021-01-01 00:00:00+00:00,0.0011082017482615392,-0.003334734187854571,0.000956979144718817,0.00493686684060185,-0.4667443578785134,0.5777534573685741,1
2021-01-04 00:00:00+00:00,0.0016855403166484706,-0.006214724158039253,-0.0003513722120280782,0.004294532412920387,1.447639107654135,1.3043905799989268,0
2021-01-05 00:00:00+00:00,-0.012431959324423647,-0.012034896845561915,0.013610369103350228,0.006391341882608058,-0.01592765041548072,1.212500547490461,0
2021-01-06 00:00:00+00:00,-0.026371993352261924,-0.040716622637753774,-0.011591847183253456,0.011640803303255922,0.923529119879372,1.8735281408792386,0
2021-01-07 00:00:00+00:00,-0.0016195058692543007,-0.03734959821576844,-0.016822395763841702,0.011974227428750733,-0.30334277355190575,1.1765216748336245,1
2021-01-08 00:00:00+00:00,0.011799208170186315,-0.027069289244599504,-0.030313754548169203,0.014573794846823175,-0.14804625192701415,0.8889425643583914,0
2021-01-11 00:00:00+00:00,-0.018849908759124068,-0.04701523860776691,-0.05293777602663441,0.014970301114493184,0.20942624681524502,1.0173528541243897,1
2021-01-12 00:00:00+00:00,0.03151943500686527,-0.004602961868832911,-0.016582462543119347,0.023364706370307322,0.23579206988147683,1.1387142298920359,0
2021-01-13 00:00:00+00:00,-0.009325348999090322,0.012824822853224394,-0.028413983257040254,0.019627920333187113,-0.35329304686466345,0.826922708688135,1
2021-01-14 00:00:00+00:00,0.011244180921099467,0.025874618368332936,-0.012441386447479164,0.019762010043863465,-0.19032002830410744,0.7175695147691813,0
2021-01-15 00:00:00+00:00,-0.011807683577027328,0.0019393248175183508,-0.02518246057150575,0.020615907348074936,-0.04453965672542437,0.7188612860405909,1
2021-01-18 00:00:00+00:00,0.02400067205433265,0.0456978510527597,-0.003465882926114827,0.01940283405986921,0.7044627399594858,1.2101271746391105,1
2021-01-19 00:00:00+00:00,0.01635620869623211,0.030326203529753792,0.025583651302446997,0.015895854747208196,-0.08814252509183784,1.1778133014627972,1
2021-01-20 00:00:00+00:00,0.01899422814510965,0.059779266021129374,0.0733707473713705,0.013955240873633479,-0.03380794876309168,1.1030443624154753,1
2021-01-21 00:00:00+00:00,0.021754917968386023,0.07079447026504249,0.09850086853407158,0.014633730689777212,0.2639717774917698,1.2392078072128914,0
2021-01-22 00:00:00+00:00,-0.02372087966228731,0.05788546026843022,0.05993704379562059,0.01988519605568982,-0.2188686673177489,0.9105962891754619,0
2021-01-25 00:00:00+00:00,-0.05298612109416356,-0.02164887142404559,0.023059672726917668,0.03314719813705348,0.7753809854758806,1.451260803126996,0
2021-01-27 00:00:00+00:00,-0.023698969447001006,-0.06020624767308025,-0.03170587106402312,0.03183598647736417,-0.21836571457497522,1.0747175251831385,0
2021-01-28 00:00:00+00:00,-0.009736255579414821,-0.08670367853173011,-0.03210749477455954,0.027099161450995647,-0.19594739983220721,0.8505664314510244,0
2021-01-29 00:00:00+00:00,-0.01843794894359574,-0.12263009968658523,-0.0605171623674039,0.016279056182905562,0.2830991445474018,1.0667275946169228,1
2021-02-01 00:00:00+00:00,0.0289637975578958,-0.0752830356781623,-0.021755368580367196,0.029541492328753586,-0.21804876206360102,0.8195362250433474,1
2021-02-02 00:00:00+00:00,0.01609249276491198,-0.007830839326902428,-0.02931018191721746,0.022830734211999364,0.21324982405405213,1.058982525520743,1
2021-02-03 00:00:00+00:00,0.0025183860158632942,0.018812635124747512,-0.04252625071803662,0.019129095202784004,-0.26931104035265563,0.8246127792946629,0
2021-02-04 00:00:00+00:00,-0.00328906072316848,0.02544569991951917,-0.06346421439804784,0.01817531064176996,-0.154272387921785,0.7309795733686627,0
2021-02-05 00:00:00+00:00,-0.0002859474970595688,0.04440924054158191,-0.08366676873962298,0.013489974870191114,-0.20989343223846768,0.6668099694503064,1
2021-02-08 00:00:00+00:00,0.014399023808985945,0.029625839681550303,-0.047887519142353674,0.008807093210419035,0.04619477849862652,0.7629250177971059,1
2021-02-09 00:00:00+00:00,0.0024085481761622063,0.01575963848660944,0.007805387962868338,0.006722284985515518,-0.074551724463495,0.8380397708482994,1
2021-02-10 00:00:00+00:00,0.009278454656679758,0.02260899404409611,0.04184696392433285,0.0072244932023109104,0.0831464638006838,0.9840037404657439,1
2021-02-11 00:00:00+00:00,0.04122979495076806,0.06828460612250842,0.09546785563854354,0.016587643482314358,1.0033420683167251,1.704174812812609,0
2021-02-12 00:00:00+00:00,-0.006859104961632001,0.061260594690998316,0.10839037171793309,0.018132588805672728,-0.2830854110876071,1.1290344924688802,0
2021-02-15 00:00:00+00:00,-0.004408219631484522,0.04158452453550243,0.07244234067417499,0.0194379192212046,-0.4822086112060293,0.608915797880647,1
2021-02-16 00:00:00+00:00,0.013234279945714356,0.052833345885294314,0.06942561880309372,0.01921511236146117,0.3565654930033686,0.81461572336583,1
2021-02-17 00:00:00+00:00,0.011532040173404257,0.055184183722825075,0.07904083664803907,0.01920586972587402,0.1083638709605137,0.8859851098639725,0
2021-02-18 00:00:00+00:00,-0.007464449908893722,0.005837346681275779,0.0745205537227156,0.010284073873203549,-0.21463666292465056,0.8468181086737062,1
2021-02-19 00:00:00+00:00,0.006093584643880989,0.018955625276269927,0.08137745284443221,0.009331576535300054,0.25508861349812095,1.136023985294931,0
2021-02-22 00:00:00+00:00,-0.03470639302793499,-0.012053564259707938,0.02902971853709624,0.019874167624281357,0.017127877931673696,1.0720804622985134,1
2021-02-23 00:00:00+00:00,0.007643965039026979,-0.0175043586081024,0.03440417344434987,0.018918715496860288,0.07728730922329907,1.112621838064535,1
2021-02-24 00:00:00+00:00,0.018557477236398112,-0.010680589296671261,0.043914194824138386,0.020498093312299397,-0.5785518061302815,0.5282003876470526,1
2021-02-25 00:00:00+00:00,0.040441539191488074,0.03707016875083591,0.043123906858643535,0.027343806122013994,2.22509066021026,1.4705147054368906,0
2021-02-26 00:00:00+00:00,-0.027304311677498028,0.002643985637666324,0.02164972931491982,0.03155984715847983,0.07532548556702068,1.413393280282474,1
2021-03-01 00:00:00+00:00,0.007623020006303882,0.046611262627599404,0.03399586651858355,0.024499408480505018,-0.5282766580539078,0.6990132786462893,1
2021-03-02 00:00:00+00:00,0.0020459056440531587,0.04079671680097796,0.022578237831958115,0.02472614845499115,-0.02997630645372562,0.7268743723039824,1
2021-03-03 00:00:00+00:00,0.045631589121756244,0.06846196632331103,0.057050162881898014,0.02995345015274728,0.8614021186233147,1.1475949745325953,0
2021-03-04 00:00:00+00:00,-0.011920568932830333,0.014689679366353792,0.05230439701019596,0.027296878424195637,-0.32854766130585566,0.8528387898003893,1
2021-03-05 00:00:00+00:00,0.0013098542740241914,0.044539198823727144,0.04730094546339658,0.02173084285506278,0.19014549243287648,1.1218514520299545,1
2021-03-08 00:00:00+00:00,0.005691520903225555,0.04253693559075167,0.09113089849454492,0.021777180067207275,-0.235375651280477,0.8442364954081591,0
2021-03-09 00:00:00+00:00,-2.2848211780113203e-05,0.040384586787963306,0.08282886213925433,0.021950647430001944,-0.22311951996737966,0.6674031560422948,0
2021-03-10 00:00:00+00:00,-0.0041532354863987875,-0.009150416474295042,0.058685094344508526,0.0066504542090650995,-0.23987131465512124,0.618468412268636,0
2021-03-12 00:00:00+00:00,-0.02032577888650322,-0.0175791910446228,-0.0031477443582343945,0.010040454308705118,0.464053118238013,0.9522056233398531,0
2021-03-15 00:00:00+00:00,-0.013426295482497963,-0.032037353123918644,0.011074927659236122,0.010430793831684096,-0.009893476127296408,1.0469850207917275,0
2021-03-16 00:00:00+00:00,-0.003935722493446203,-0.04130342707072232,-0.0005234126969552166,0.008300987850840031,-0.16913889419388395,0.9360188288076211,0
2021-03-17 00:00:00+00:00,-0.021541396717214445,-0.06193365714116039,-0.024050235505110207,0.008466216450440643,0.3846411664690881,1.2288032130819917,0
2021-03-18 00:00:00+00:00,-0.02250236061633548,-0.0792181403755926,-0.08764367787313176,0.0077985771915324974,0.07481657174851986,1.1826325780087483,1
2021-03-19 00:00:00+00:00,0.03628486280894605,-0.026010603817551714,-0.043132549488479666,0.02427201345097265,1.0238512883896727,1.8619020399262876,0
2021-03-22 00:00:00+00:00,-0.00941396998740951,-0.022049457814618312,-0.05338040467233918,0.023989463980547365,-0.555548679484445,0.8139296254203997,1
2021-03-23 00:00:00+00:00,0.012170368043170399,-0.0062362614893767265,-0.04728210958847856,0.025093400377120954,-0.06199027399574786,0.7404515677261142,0
2021-03-24 00:00:00+00:00,-0.019257551045504973,-0.003916691703506614,-0.06560777380357441,0.024642763904646505,-0.034346210485923345,0.7298314364447533,0
2021-03-25 00:00:00+00:00,-0.027279793879155467,-0.008784960779425699,-0.08730717289879975,0.02577369846086689,0.30784588119443046,0.9434221192280634,1
2021-03-26 00:00:00+00:00,0.0016067807053865568,-0.041954833027874394,-0.06687416630530651,0.015800560128577668,-0.08278679851618387,1.0621348230974264,1
2021-03-30 00:00:00+00:00,0.017371477447949424,-0.016049290568018182,-0.03774487022730255,0.01949452310782848,0.012958195363951264,1.0551368967496126,0
2021-03-31 00:00:00+00:00,-0.012910749140355726,-0.040431137562599195,-0.046415259905822515,0.0177377867766866,-0.20501742981173632,0.8490740911321288,1
2021-04-01 00:00:00+00:00,0.009360451020965055,-0.01243097939933413,-0.016298982788960914,0.017851816578651154,-0.27860075284927577,0.6469986161562961,0
2021-04-05 00:00:00+00:00,-0.01446698735778873,0.0005774177819206638,-0.00821261559007258,0.013854281731241584,0.2688478307154156,0.8910327776879929,0
2021-04-06 00:00:00+00:00,-0.004165324212726196,-0.005188755076917517,-0.04692589475191733,0.013947114089690058,-0.05821171341447884,0.9061562428468722,1
2021-04-07 00:00:00+00:00,0.00934832886298631,-0.013033990184187716,-0.02887409445647926,0.011569319722333762,0.7321733855637949,1.4956195121405236,1
2021-04-08 00:00:00+00:00,0.0012481352298088222,0.0011231264069357927,-0.039353420433922315,0.010035684723730953,-0.3666461540388867,0.9576635990817209,0
2021-04-09 00:00:00+00:00,-0.011618757219245102,-0.019684871887169164,-0.031871149049595315,0.00966084319884847,-0.08662155736529475,0.8501860982859761,0
2021-04-12 00:00:00+00:00,-0.03577117990127099,-0.04087626981569925,-0.04032245471882878,0.01721443606723439,0.48893383868011453,1.1797535634554381,1
2021-04-13 00:00:00+00:00,0.010805064673563791,-0.02645775680340967,-0.031509229060389665,0.01926909360721659,-0.0713008292904781,1.0326627884122053,1
2021-04-15 00:00:00+00:00,0.006470659755222652,-0.029233342157086062,-0.04188630524654735,0.018762325595864833,0.016100353255022126,1.1025801103848174,0
2021-04-16 00:00:00+00:00,-0.0062747956457667176,-0.036527248838459814,-0.035445147149267164,0.01835574001474381,-0.2061867043715292,0.8724359258683878,0
2021-04-19 00:00:00+00:00,-0.015734050015152712,-0.040538830908505186,-0.05942570110278478,0.01868829767535835,0.18023052768649417,0.9811185883281852,0
2021-04-20 00:00:00+00:00,-0.00028934571106742357,-0.005232437442525217,-0.045894824733530126,0.010495129068341916,-0.06900553325733993,0.9507485819541143,1
2021-04-22 00:00:00+00:00,0.0027615862265450986,-0.013148297511754614,-0.039258179857219355,0.008694382116954027,-0.15768230356456536,0.8468884025585028,0
2021-04-23 00:00:00+00:00,-0.001075285734480902,-0.02054715120035433,-0.049179831456046985,0.0072599879473768765,-0.18370750469568808,0.7615872729109423,1
2021-04-26 00:00:00+00:00,0.017591247815989863,0.0029761167571935587,-0.033659841438628546,0.011871823223874051,0.7623662201681869,1.2581178797853663,1
2021-04-27 00:00:00+00:00,0.0262146092021025,0.045722188919439244,0.0033298339255622977,0.012215412552096704,-0.04097774725667436,1.184913759540478,1
2021-04-28 00:00:00+00:00,0.00434959517746214,0.050574636374519644,0.04507757031098625,0.011483893604228933,-0.14355801198487994,1.015787974948254,1
2021-04-29 00:00:00+00:00,0.013393096713455899,0.06171307188831765,0.047753352547011074,0.010778507326410138,0.01694671149907001,0.9983925819604652,0
2021-04-30 00:00:00+00:00,-0.014599340246849057,0.04733895013954381,0.025819118373006322,0.015550296218793912,0.13875941372589495,1.0413928792287193,0
2021-05-03 00:00:00+00:00,-0.01777405609017646,0.010939796408665936,0.013948471277271501,0.018626058285796523,0.19221652135843637,1.206174745671076,0
2021-05-04 00:00:00+00:00,-0.02166860446266461,-0.036230693895783816,0.007834948392670071,0.015275407336895395,-0.07573358348364945,1.09409075433743,1
2021-05-05 00:00:00+00:00,0.0018262548266991807,-0.03865207982613805,0.00996774166605574,0.01483119054612329,-0.4327823603204235,0.6514380551905388,1
2021-05-06 00:00:00+00:00,0.005676671719692772,-0.04597220973721561,0.01290377586672431,0.01225733399779311,0.1800167328176967,0.7919174597935,1
2021-05-07 00:00:00+00:00,0.0003885443600135652,-0.031461504583252364,0.01438809095950977,0.012470572870361475,-0.15973821214104988,0.7245876228947637,0
2021-05-10 00:00:00+00:00,-0.002873106881608023,-0.01676820207354679,-0.006011846381704822,0.010701026077083658,0.1344901773586269,0.9282043077375409,1
2021-05-11 00:00:00+00:00,0.003608200739340983,0.008635213106597428,-0.02790834055197633,0.003244268292984232,-0.03320888956984236,1.009966021805727,0
2021-05-12 00:00:00+00:00,-0.010345893283754237,-0.003619663569075171,-0.04213183586999758,0.006288336422438819,-0.022280539986455183,0.9759908936476951,1
2021-05-14 00:00:00+00:00,0.012623201403602735,0.0032626533605262242,-0.042859547761279426,0.008448287648463648,0.008624627133135387,1.0042378975637476,1
2021-05-17 00:00:00+00:00,0.011898012869288488,0.014805188488986376,-0.017122109599768343,0.00980758881300442,-0.10672426889251085,0.9027287669826397,1
2021-05-18 00:00:00+00:00,0.014079002434513432,0.03205784570699777,0.014752091198593664,0.010199739759811017,0.0161575625124335,0.9442560797943369,1
2021-05-19 00:00:00+00:00,0.004577664087785482,0.033054790783921595,0.04197543905313217,0.010143111813121313,0.35243372561670117,1.2227130708588252,0
2021-05-20 00:00:00+00:00,-0.005833522634220323,0.03776504872723585,0.03400868838709825,0.008294441075176679,-0.29996135319466166,0.8790735836361464,1
2021-05-21 00:00:00+00:00,0.008637894789459422,0.03368079319478645,0.037053335308414814,0.007855157175167752,-0.05576057917806665,0.8633576428720716,0
2021-05-24 00:00:00+00:00,-0.008439143378875302,0.012905845982152941,0.027902107953514887,0.009554079237486955,-0.2071135555214566,0.7229875943784412,0
2021-05-25 00:00:00+00:00,-0.011331298137914003,-0.012475058203995415,0.019182864011912937,0.008638882488962833,0.7283111312759012,1.194699206319427,1
2021-05-26 00:00:00+00:00,0.0035147866615379275,-0.013519893268534089,0.019088000271975103,0.008432481769891904,-0.493900380389797,0.7054107280577556,1
2021-05-27 00:00:00+00:00,0.003070921700788265,-0.004684293398723116,0.03290385276005736,0.008542251202087838,2.58536932949957,1.959988578856136,1
2021-05-28 00:00:00+00:00,0.060067821730519944,0.04606634202577542,0.08129868615957236,0.02911159628220107,1.1055711235351682,2.474552676183129,1
2021-05-31 00:00:00+00:00,0.03126785154421574,0.08795600583680363,0.10199699848349164,0.02844484065002628,0.04700220016206491,1.7951910867986771,1
2021-06-01 00:00:00+00:00,0.003981021849374322,0.10480606942442283,0.09102354940422575,0.025232095635875366,-0.5261862404700943,0.7873149606933445,1
2021-06-02 00:00:00+00:00,0.014915291325786617,0.11735730126971067,0.10225074981372684,0.023801559607254653,-0.12078568901248499,0.6313568960876077,1
2021-06-03 00:00:00+00:00,0.0038160914242890698,0.11818737301561177,0.11294945528565914,0.023650084240538063,-0.026630153711534654,0.6236399545327802,0
2021-06-04 00:00:00+00:00,-0.008666522144784472,0.04568458230887096,0.09385544592859163,0.01495825234235016,-0.3964924126741446,0.48161060919097964,1
2021-06-07 00:00:00+00:00,0.016845354381191502,0.031060464142882216,0.121748424345131,0.010257897831926644,0.12910171414795824,0.760381925849165,0
2021-06-08 00:00:00+00:00,-0.00574649195963417,0.02107057919027877,0.1280849732001308,0.011611896644996204,-0.40778674939964454,0.5430096589443358,0
2021-06-09 00:00:00+00:00,-0.01788135442155203,-0.01192497261088521,0.10403284605549667,0.013220600890840999,0.1792737475496744,0.7519545137012892,1
2021-06-10 00:00:00+00:00,0.0036781101040039843,-0.012060790215309591,0.10470114968826238,0.013204707812509696,0.24072690358213022,1.0716710368336824,1
2021-06-11 00:00:00+00:00,0.01734562460776501,0.013862292462294201,0.06018016781214852,0.015086148930349782,-0.027753929825773516,1.0531840909473529,1
2021-06-14 00:00:00+00:00,0.014346037148794455,0.011370307336030061,0.04278393850221662,0.014537867895980498,0.47734970367174423,1.4662512079258134,1
2021-06-15 00:00:00+00:00,0.0022720499866659694,0.019526894330226696,0.04100891649383076,0.013847543115658535,-0.25369419581598585,1.0138550476150336,0
2021-06-16 00:00:00+00:00,-0.01706679929969135,0.020372475317198324,0.008204561496139462,0.01352755990336752,-0.2884410165534098,0.7273642788660479,1
2021-06-17 00:00:00+00:00,0.0018311552983061308,0.01849479976772006,0.006210947652337762,0.01356763013429274,0.4583186113554354,1.0384779853595345,1
2021-06-18 00:00:00+00:00,0.004513427750091781,0.005648107893289511,0.019588696079058998,0.011390989119010994,0.8651767197648923,1.6062867499503741,1
2021-06-21 00:00:00+00:00,0.005211921625164484,-0.003407683382276594,0.00792387754639301,0.009290168063839397,-0.5850578088629838,0.7317165286189417,0
2021-06-22 00:00:00+00:00,-0.005140201788726539,-0.01077793097951385,0.008538503831377442,0.009299179867021567,0.05624813727511091,0.7948499427157062,0
2021-06-23 00:00:00+00:00,-0.009165405241013835,-0.002825983305651314,0.017488919736405872,0.0063206625783330025,0.29382097284218744,0.9590272014982197,0
2021-06-24 00:00:00+00:00,-0.023511033016935023,-0.02805036525912441,-0.01007435138028323,0.01175697703439503,4.491908496668448,2.813464710172359,0
2021-06-25 00:00:00+00:00,-0.02277693616816301,-0.05445604437652907,-0.04911551009731985,0.012203712717874887,-0.39477556656741775,1.468074706622937,0
2021-06-28 00:00:00+00:00,-0.008767061772231188,-0.06760525497860659,-0.07078256105693803,0.008611991263875497,-0.6336910136175178,0.5156406266765374,1
2021-06-29 00:00:00+00:00,0.0008628726748662885,-0.06197910032456411,-0.07208902483860746,0.010372221293060375,0.33865989921015105,0.6435534818374593,1
2021-06-30 00:00:00+00:00,0.010944508908190098,-0.042941089477536165,-0.04564572198119743,0.014957221132822255,-0.27192705086191404,0.461746947303414,0
2021-07-01 00:00:00+00:00,-0.0060170490344826355,-0.025795198620549464,-0.05312199913643567,0.012447204913973416,-0.3657593957311235,0.4639850533997103,1
2021-07-02 00:00:00+00:00,0.014823917011709264,0.011689520129497089,-0.043403089273944095,0.010311042861526457,0.12383617350226461,0.7508459837797542,1
2021-07-05 00:00:00+00:00,0.009934004188725698,0.030776529568244504,-0.038909380539179916,0.008493019147316698,-0.16926225027721342,0.6865103093990061,0
2021-07-06 00:00:00+00:00,-0.011812849741017484,0.01772195684071809,-0.04535553442482454,0.011726871416426858,-0.1394738481460932,0.7387522936985895,0
2021-07-07 00:00:00+00:00,-0.0069418018751365995,-0.00028426511376689056,-0.043213147937617435,0.011644417419711176,0.0382088641609577,0.8882913075018442,0
2021-07-08 00:00:00+00:00,-0.008269988243909676,-0.002550198121187841,-0.028279613874679477,0.011974244129873041,0.06987810108416226,0.9726591327075632,0
2021-07-09 00:00:00+00:00,-0.01022645293885549,-0.027171697600385958,-0.015799801576941164,0.008805464932880152,-0.1920157955059515,0.8615442830048435,1
2021-07-12 00:00:00+00:00,0.0062282150151806714,-0.030741333414012084,-0.0009109154025511712,0.007193954938365053,-0.050055240977353144,0.87012901167267,1
2021-07-13 00:00:00+00:00,0.007485364453192256,-0.01181277180251128,0.00569983960615339,0.00849248865989228,-0.21759993719491433,0.7304335546766699,0
2021-07-14 00:00:00+00:00,-0.0065247781845464425,-0.01139779362129778,-0.011678818739964125,0.008437928876184452,0.2702657517723708,0.9683285508609266,0
2021-07-15 00:00:00+00:00,-0.001749661356715948,-0.004898031114790702,-0.007435738286232008,0.007753258267162584,0.10733164692734087,1.1162727723825052,1
2021-07-16 00:00:00+00:00,0.014430692149737245,0.019891855114843038,-0.007820337957434087,0.008211854526555188,-0.0656379797712957,1.0481914564450432,0
2021-07-19 00:00:00+00:00,-0.006367257150003192,0.007125348192352554,-0.02383502792613157,0.009217758720639553,-0.05366176626339392,0.9974111682605246,0
2021-07-20 00:00:00+00:00,-0.002453595496935579,-0.0028100601556140248,-0.014589637358755736,0.008646111798737382,-0.1930689863568501,0.8043746953525687,1
2021-07-22 00:00:00+00:00,0.012847535766876472,0.016634689104025213,0.005047296729365325,0.009579899786822395,0.18259134811073685,0.9641342037972274,0
2021-07-23 00:00:00+00:00,-0.0070731565769619476,0.011213153344230786,0.0062601998554652205,0.010535364286440547,0.24642939883701231,1.1876873870896607,0
2021-07-26 00:00:00+00:00,-0.01370091057601619,-0.01682922246426588,0.0027278681956226514,0.009915528099176167,0.24681801302803752,1.3646509325430674,0
2021-07-27 00:00:00+00:00,-0.01052072732490672,-0.02093896072592838,-0.013962809919534025,0.010393993010853224,-0.1263266295755463,1.1307327333106836,0
2021-07-28 00:00:00+00:00,-0.008588848271915417,-0.026960522160028533,-0.02969482162654613,0.010500803204755223,0.19153961795822316,1.19377063924922,1
2021-07-29 00:00:00+00:00,0.0078042654371481834,-0.031805576282146863,-0.015699963051349464,0.008325980151267577,0.06728951992611476,1.1506965156637552,0
2021-07-30 00:00:00+00:00,-0.008742167810146584,-0.0334330147785431,-0.022594750955784004,0.008392113557398646,-0.17544500701669608,0.9269073486096359,1
2021-08-02 00:00:00+00:00,0.018277460192681838,-0.0020944099297379726,-0.01888838510336488,0.012798681901137787,-0.03748733107512836,0.9140232181606996,1
2021-08-03 00:00:00+00:00,0.007358120915682331,0.015936692990757617,-0.0053359655238055526,0.011698386452808891,0.08166466882145929,0.9725115940907618,1
2021-08-04 00:00:00+00:00,0.007663866558212051,0.03259146768020971,0.00475226253356098,0.00968014048714591,0.11445094179304416,1.078986819758733,1
2021-08-05 00:00:00+00:00,0.014497849841146104,0.0394496824951347,0.006389386327082303,0.010350058719945085,0.6136978541815366,1.550909467283819,0
2021-08-06 00:00:00+00:00,-0.021178355394356196,0.026408886431713796,-0.00790705703718575,0.01552368445719382,-0.2179123848500838,1.1263079643486555,0
2021-08-09 00:00:00+00:00,-0.005696428851343804,0.0022435545658194833,0.00014444571312099974,0.014165426412293944,-0.5491156451779909,0.5326001576563039,1
2021-08-10 00:00:00+00:00,0.005247542079476641,0.00014369157661042742,0.016082674535909725,0.013940714695105164,0.5904684498280857,0.8458586316725599,1
2021-08-11 00:00:00+00:00,0.014008389540419275,0.0064408655125887115,0.03924225045298457,0.015045491382294328,-0.2293975651717507,0.6908961811814045,0
2021-08-12 00:00:00+00:00,-0.0032116562538601068,-0.011127994436054278,0.02788269221177031,0.01314912987268122,-0.11402887523880068,0.7625641240834387,1
2021-08-13 00:00:00+00:00,0.016654745080953104,0.027093569369672776,0.05421796679789992,0.009976074579696676,0.5705960176031986,1.2905616489848286,1
2021-08-16 00:00:00+00:00,0.012979765880549499,0.04638566492884255,0.048733288265001784,0.008102946427673605,0.7162674212091933,1.714828757156363,0
2021-08-17 00:00:00+00:00,-0.004255746845754249,0.03649346934041264,0.03664240472116842,0.01010918676487844,-0.4229353643354563,0.97826418434375,1
2021-08-18 00:00:00+00:00,0.0038812510421322166,0.026141767101205415,0.03275100821995447,0.009402681565211032,-0.20400335941161796,0.7681178074289399,0
2021-08-20 00:00:00+00:00,-0.01123043017477865,0.01788685632418674,0.006559817050478589,0.011620453109395213,-0.06446874013731829,0.7047512961772491,1
2021-08-23 00:00:00+00:00,0.00656340996135274,0.007783291244002122,0.0350877377549188,0.009463714429775538,0.045416952304206504,0.7704747369630877,1
2021-08-24 00:00:00+00:00,0.009873509915130141,0.0046929700295843535,0.05129632149374008,0.008590590319304594,0.2039777175564812,1.1010257060714623,1
2021-08-25 00:00:00+00:00,0.008655007227183154,0.017719752573165604,0.05485987716082663,0.008568829396679,0.12778377326862933,1.225290727914627,1
2021-08-26 00:00:00+00:00,0.012644062942927414,0.026603359822792605,0.05344058576059507,0.009499469028045339,0.3893004021730333,1.47267056729361,0
2021-08-27 00:00:00+00:00,-0.0013673517548600245,0.036843834199318914,0.05538971089226119,0.005307544318109701,-0.43621019390610327,0.8166346105087203,1
2021-08-30 00:00:00+00:00,0.01923771018628817,0.04989941511053053,0.0580710880352433,0.00746968634238849,0.3383788922733315,1.026235052367606,0
2021-08-31 00:00:00+00:00,-0.005329765183843316,0.034093564697127654,0.0389465348040372,0.010076240056573262,0.888168955124031,1.596214923180042,1
2021-09-01 00:00:00+00:00,0.003963170283181716,0.029283398331386934,0.04752204547748606,0.010075036348794676,-0.5791847777023946,0.6903087955701462,1
2021-09-02 00:00:00+00:00,0.0120419838892174,0.028671426171429815,0.05603754226129354,0.0099763432238046,-0.10665447877284129,0.6905272494644146,1
2021-09-03 00:00:00+00:00,0.04101306194105714,0.07232663880134238,0.111835263688852,0.017572557927500402,2.0797565877287516,1.6615025384537052,1
2021-09-06 00:00:00+00:00,0.015532624141927798,0.06842856632549887,0.12174252687252407,0.017383336614105627,0.09709237035173124,1.5032867264554122,1
2021-09-07 00:00:00+00:00,0.006307732007148292,0.08092902527578238,0.11778174893202542,0.014833259557612843,-0.48427466974776257,0.8442084995664972,0
2021-09-08 00:00:00+00:00,-0.003912522783057537,0.07244956558896942,0.10385453340843398,0.016701231453895852,-0.17569174245680752,0.6751511344897718,0
2021-09-09 00:00:00+00:00,-0.0023649239555325607,0.05718272655902501,0.08749366305327277,0.018329305350712716,-0.3732717292569928,0.42714308071259766,0
2021-09-13 00:00:00+00:00,-0.02228305522665508,-0.007096545406296784,0.06471682411870705,0.0140486037911944,0.8197820901773454,0.9004959077441911,0
2021-09-14 00:00:00+00:00,-0.0013073126195285445,-0.023561236926884166,0.04325506773485266,0.010582016599210152,-0.45384902116097203,0.6765740860485822,1
2021-09-15 00:00:00+00:00,0.004158960248802579,-0.025646229391028896,0.05320727153813842,0.010053012340341366,0.018265884300088686,0.7880286348352064,1
2021-09-16 00:00:00+00:00,0.02098146365696918,-0.0012954066890928928,0.07106030724799073,0.015501793827143562,0.48261170809413434,1.1859114982169638,0
2021-09-17 00:00:00+00:00,-0.015505397786000796,-0.014449967798555674,0.04190647020305782,0.017009037539063677,1.5936827313973012,2.1109570903281645,1
2021-09-20 00:00:00+00:00,0.0015894582575755045,0.009613802967498586,0.002449032771915771,0.013062364953798582,-0.6622964828440967,0.7542437588091166,1
2021-09-21 00:00:00+00:00,0.004322791700092976,0.015305474795141993,-0.008616378049668971,0.012949956322236224,-0.1582437726759639,0.626803490799252,1
2021-09-22 00:00:00+00:00,0.01072907027488923,0.0219485153331056,-0.00426061071694861,0.013408292943910027,0.10893553438695824,0.6785716586662947,1
2021-09-23 00:00:00+00:00,0.024439399012701868,0.02540972597081037,0.024081403352727015,0.014519022226494534,0.4322047138973102,0.9450323784246314,0
2021-09-24 00:00:00+00:00,-0.0028918703692163428,0.03854746554082267,0.023540488106486235,0.010610081965251643,-0.035320039239549295,1.1937513007404275,1
2021-09-27 00:00:00+00:00,0.016816324015854978,0.05433619285920144,0.06447237327885236,0.010625295934789914,0.011958205029790614,1.1434433400080284,1
2021-09-28 00:00:00+00:00,0.009348673013219733,0.05961235368442219,0.07583022385636018,0.010097802984254216,0.17311387647349386,1.1968360871251822,0
2021-09-29 00:00:00+00:00,-0.007927507608720186,0.04005346200480342,0.06288109136286546,0.01343604688205418,-0.4610626030412207,0.6561318394810325,0
2021-09-30 00:00:00+00:00,-0.003402358002587813,0.011787352950470398,0.037496592329673506,0.010301000858120586,0.39823341349554386,0.9449531943193065,1
2021-10-01 00:00:00+00:00,0.0017664831265484793,0.0165142857800451,0.055698335182905234,0.009907138826613787,-0.3408022895734083,0.682028465641042,1
2021-10-04 00:00:00+00:00,0.012858244845616262,0.012557382329768219,0.06757589553704668,0.008635714066701274,0.21873420569961044,0.891699555987432,1
2021-10-05 00:00:00+00:00,0.020753618563002396,0.02399858408716149,0.08504154985411283,0.011810198310357076,0.23950813258021753,1.1929867757885646,0
2021-10-06 00:00:00+00:00,-0.018913556845369217,0.012658990509756496,0.05321948890996153,0.015283494813106216,-0.24197144684125493,0.8958055120891137,1
2021-10-07 00:00:00+00:00,0.004902543668336978,0.02109773548361149,0.033133774888682854,0.014913187005132647,-0.38232395911405936,0.6335821068633658,1
2021-10-08 00:00:00+00:00,0.0384271145084083,0.058465813090463836,0.07594562001624738,0.021100941341563945,1.489084242263083,1.387929474056113,0
2021-10-11 00:00:00+00:00,-0.006963012656455381,0.03775203251438364,0.05078348155016088,0.02261441149756595,-0.0636441556829348,1.217124071121475,1
2021-10-12 00:00:00+00:00,0.005711242956328411,0.022459159115956195,0.046996731221689014,0.02140201676116623,-0.5475548705617691,0.6207887791302936,1
2021-10-13 00:00:00+00:00,0.010176944018652101,0.052776415316184044,0.06610350196656722,0.016876289513393265,0.49053361330892753,0.9304780452662975,1
2021-10-14 00:00:00+00:00,0.0020222882291620614,0.04975894360655908,0.07190648012032574,0.01715980068466282,-0.13416916990586725,0.7726236458072256,1
2021-10-18 00:00:00+00:00,0.0026663639112258775,0.013607954052277993,0.07286936724090598,0.006300871426579923,0.5764513097919179,1.2674704350142023,1
2021-10-19 00:00:00+00:00,0.008956236439122467,0.02985697368747009,0.06873616764328405,0.003645589549918452,-0.3502208506850465,0.9260672344213936,0
2021-10-20 00:00:00+00:00,-0.011512401965946384,0.012219812961911991,0.03495341880154701,0.008619954892991031,0.43892012698608207,1.1830017109104667,0
2021-10-21 00:00:00+00:00,-0.02884762896506876,-0.02688367895640209,0.024473912153952115,0.015111209805157334,0.6389248475874802,1.6125181356987774,1
2021-10-22 00:00:00+00:00,0.0018683968158059727,-0.027033130967364816,0.021380672599880635,0.015092603115120874,-0.47063891040127415,0.8229753506700135,0
2021-10-25 00:00:00+00:00,-0.009743466846675153,-0.03907537613717371,-0.025999158007945833,0.014446413744415479,0.5595970065676865,1.2179916330436984,1
2021-10-26 00:00:00+00:00,0.022772729184824092,-0.02591662096497349,0.0031665608522772892,0.01905306975272009,-0.43307700935498894,0.6816560777464691,0
2021-10-27 00:00:00+00:00,-0.012645422315331722,-0.027033130967364816,-0.01514365780964888,0.01915497763863481,0.014986393068926462,0.7202122635093481,0
2021-10-28 00:00:00+00:00,-0.010961368834841667,-0.009113452205663619,-0.03575212803878414,0.014848499617974293,-0.001022301470711584,0.8558197159696653,0
2021-10-29 00:00:00+00:00,-0.023993605516671068,-0.034691971591766846,-0.06078726994757533,0.0175374676971849,0.439688895034392,1.167328414055623,1
2021-11-01 00:00:00+00:00,0.0006111656400995535,-0.024598213523974732,-0.06271240521539667,0.017730160346350415,0.0876896513566161,1.306493772253946,0
2021-11-02 00:00:00+00:00,-0.01457969034482176,-0.06022061105060528,-0.08457651726470117,0.008811156226271571,-0.3172887945919137,0.8797967520524343,0
2021-11-03 00:00:00+00:00,-0.006877705656238575,-0.054730808947062615,-0.08028439478821159,0.009128712286445167,0.13438192169081087,0.9644181169287478,1
2021-11-04 00:00:00+00:00,0.006140162020352946,-0.038386098307992444,-0.047149720641364246,0.011980249090463958,-0.8577366897342076,0.15799444054936465,1
2021-11-08 00:00:00+00:00,0.0012407138849754862,-0.013523892001234272,-0.0477466931158842,0.008112051767921898,10.923379040087802,1.6924377813557832,1
2021-11-09 00:00:00+00:00,0.007893765502881456,-0.006344169232346597,-0.030786327526911794,0.009404485753733465,-0.22887565106730856,1.3007202620082816,1
2021-11-10 00:00:00+00:00,0.011182898296136168,0.019633726867353207,-0.04176923921240461,0.007022082374914421,-0.34618383794366425,0.8549084218518618,1
2021-11-11 00:00:00+00:00,0.0018236821140817927,0.028567398472251204,-0.027726927302710758,0.004182404321719815,0.04574139291381352,0.9133086424480936,1
2021-11-12 00:00:00+00:00,0.015090708400474329,0.03771745584260855,-0.002116468433285612,0.00597332618613464,-0.18746944502940455,0.6629592371056241,0
2021-11-15 00:00:00+00:00,-0.005900202535537691,0.030316384833892984,0.01638249731829733,0.00824840230608927,-0.4486821624635675,0.4786606344653626,0
2021-11-16 00:00:00+00:00,-0.02323684932290515,-0.0015067929877868869,-0.007841402870420788,0.015253359021538225,1.3603885187358857,1.2369402139542705,0
2021-11-17 00:00:00+00:00,-0.02140694537342136,-0.03368765520022632,-0.014715342553875854,0.01610811964139219,-0.10015822599194657,1.114301225893884,1
2021-11-18 00:00:00+00:00,0.0037743405317489653,-0.031806141174223646,-0.004147361410761219,0.016388142359949606,-0.16628104076159755,0.9762924709105161,0
2021-11-22 00:00:00+00:00,-0.04429281778412675,-0.0884461684068123,-0.054064677015535634,0.018375563722680927,1.8362768168124037,2.0453753679810176,1
2021-11-23 00:00:00+00:00,0.009349302319181296,-0.07446291982787379,-0.04640398152733782,0.021864331749618836,0.04985395020880801,1.5929623277571285,0
2021-11-24 00:00:00+00:00,-0.01443896468124306,-0.06612643778789251,-0.0675335919229133,0.021401200291477223,-0.335874889875425,0.9896707026947847,1
2021-11-25 00:00:00+00:00,0.06019783805356593,0.011749191343348953,-0.022334266563733496,0.03825310560870684,1.5208792996270697,1.809277985711504,0
2021-11-26 00:00:00+00:00,-0.0322307922943581,-0.024541997373156654,-0.05556755231423227,0.04131775155556108,-0.6282448518388406,0.6333799048119865,1
2021-11-29 00:00:00+00:00,0.011978826011467048,0.03289256656316475,-0.058462823325225344,0.034853256802315546,0.5431796638461199,0.9758423619468721,0
2021-11-30 00:00:00+00:00,-0.01478614100722131,0.008194159435654269,-0.06687892142933338,0.03609093602531017,0.3225829724821272,1.2234392800658378,1
2021-12-01 00:00:00+00:00,0.025609103379870213,0.04916191979646989,-0.020215420622377245,0.0359341661535726,-0.6859220411945071,0.4049381129293479,1
2021-12-02 00:00:00+00:00,0.006424860754595141,-0.004051318404181825,0.007650273224043769,0.022892390912906953,0.2588720395938091,0.6688911170049219,0
2021-12-03 00:00:00+00:00,-0.03004611912298072,-0.001803031986896908,-0.0263007793537674,0.022146456930379258,0.5111525091445552,0.9753133474699999,0
2021-12-06 00:00:00+00:00,-0.018955674332146177,-0.03231624397938304,-0.00048664162238154507,0.022227004493094497,-0.4624911321280536,0.6109995788984668,1
2021-12-07 00:00:00+00:00,0.008147820571949405,-0.009790350866132558,-0.001676415126406261,0.02241662521758551,0.08738344992293068,0.8830577337584457,1
2021-12-08 00:00:00+00:00,0.01521918295609459,-0.019821657553496408,0.02836579150409535,0.019542082371231805,-0.2217104540564847,0.70229345547465,1
2021-12-09 00:00:00+00:00,0.0158595501354446,-0.01063301510294623,-0.014641255777349538,0.021169031871842728,0.5111251166204531,1.0529128437172288,1
2021-12-10 00:00:00+00:00,0.0010177914890945328,0.021052622933360743,0.019211632393906886,0.014311252812593994,-0.36698193149803005,0.8059830584271216,0
2021-12-13 00:00:00+00:00,-0.020049214739610743,0.019914486488236127,-0.013045318895224867,0.014756135106569654,0.5424550960772625,1.184536478951484,0
2021-12-14 00:00:00+00:00,-0.012242483421266548,-0.0007138043260825899,-0.010497166797412971,0.016093683180946818,0.006959530165443706,1.1555129159903617,0
2021-12-15 00:00:00+00:00,-0.0029197685533325357,-0.018568080675146592,-0.038021688092074624,0.013653824206547947,-0.27899377155395866,0.8240031622402587,1
2021-12-16 00:00:00+00:00,0.012935868795473926,-0.021392678020910716,-0.031798224455368174,0.012632974655331699,0.04209579427454058,0.9142185210714181,0
2021-12-17 00:00:00+00:00,-0.026394416619514693,-0.048191190289902486,-0.028153118314424908,0.015416081923980952,1.156461361262187,1.5929619241024757,0
2021-12-20 00:00:00+00:00,-0.026960757155614412,-0.054904248801804445,-0.036083152234478666,0.016818337541322722,-0.31943145739814127,1.0612455022515743,1
2021-12-21 00:00:00+00:00,0.014885715565087665,-0.028947730962824436,-0.029640872273315466,0.020365873520070753,-0.10395790936186244,0.9531088702135103,1
2021-12-22 00:00:00+00:00,0.023731738754419807,-0.0029919394144307665,-0.021504465517155125,0.02436706268518363,0.3756443801420022,1.1673981466851686,0
2021-12-23 00:00:00+00:00,-0.0003591850261734919,-0.016077936499185874,-0.037126664401328946,0.023253350920769418,-0.48623162171420375,0.6052853620874227,1
2021-12-24 00:00:00+00:00,0.0031921065747693156,0.013822090216004002,-0.035035203053702,0.019235326399477795,-0.13071589317976573,0.6382740196256562,0
2021-12-27 00:00:00+00:00,-0.001074790168615336,0.04079301184225437,-0.01635094663111214,0.010842233398286185,-0.49061991298034335,0.3902397149226416,1
2021-12-28 00:00:00+00:00,0.01187648830469068,0.03770696712250743,0.007667705019996474,0.010445946370889825,0.5868207963560899,0.7081443926422807,1
2021-12-29 00:00:00+00:00,0.0017094277114588774,0.015384023780705247,0.012346056299172403,0.0052047788528305095,1.4198036806312793,1.8030316642425295,0
2021-12-30 00:00:00+00:00,-0.01806449594499082,-0.0026001256995336064,-0.0186362575428326,0.010960482841842237,0.9016257823504639,2.32666989366991,1
2021-12-31 00:00:00+00:00,0.003836340127791882,-0.001959611823284524,0.011835392461309935,0.011017964562455063,-0.6769087801656357,0.7332230099987143,1
2022-01-03 00:00:00+00:00,0.015074843376593483,0.014175716801660743,0.05554699882727787,0.012948045513801664,-0.4279365725856231,0.41052908031844015,1
2022-01-04 00:00:00+00:00,0.022567962898592198,0.024891485015727577,0.0635370345453532,0.01544575713482165,1.0008311182783123,0.7692866298829508,1
2022-01-05 00:00:00+00:00,0.004678376167336573,0.02792914235197852,0.04374282872280122,0.015343165792239818,0.07338725676012525,0.8725406551350869,0
2022-01-06 00:00:00+00:00,-0.021501336302578222,0.024331321164551944,0.021667930971554616,0.016687499212756373,0.24078100532875268,1.3935201882546702,1
2022-01-07 00:00:00+00:00,0.00806949036530491,0.028650898173417483,0.02663514171132464,0.016725403138592627,-0.0924252783645414,1.1818531998692186,1
2022-01-10 00:00:00+00:00,0.0008209963593774905,0.014206413973698151,0.02858351687661731,0.015940975621169653,-0.29479485193654875,0.7796857216090395,1
2022-01-11 00:00:00+00:00,0.00719855861157348,-0.0010373145337583267,0.02382835018279561,0.012264755358703215,0.7525289748344577,1.2531979424097766,1
2022-01-12 00:00:00+00:00,0.02669450627975478,0.020853564161745997,0.04936512867574394,0.017334413362218918,-0.08668360283178866,1.0912869035296089,1
2022-01-13 00:00:00+00:00,0.00563248808527228,0.049161892382663774,0.07468938733983532,0.009913487823938133,-0.19889473571127136,0.9089620050325995,1
2022-01-14 00:00:00+00:00,0.0014593549070516243,0.0422823049211154,0.07214462910736508,0.01059950304833007,0.6809192970192748,1.3832863970982474,1
2022-01-17 00:00:00+00:00,0.005218582512879655,0.04686207118184993,0.06173422713842247,0.009981879192552463,-0.596769591999589,0.5673141660569936,0
2022-01-18 00:00:00+00:00,-0.011930550847008892,0.02697965675973113,0.02591435583590007,0.013869197260633863,-0.22664526253062145,0.5107783005361775,0
2022-01-19 00:00:00+00:00,-7.921918641629055e-05,0.00019849525428972115,0.021056198749556998,0.007131172460914534,0.5696604151002354,0.8742436779104079,0
2022-01-20 00:00:00+00:00,-0.01750865291961079,-0.022817601267831278,0.025222534656872853,0.00966854449442669,0.6907909755383765,1.364722933416208,1
2022-01-21 00:00:00+00:00,0.00016127462664861092,-0.024084214032429108,0.017179754807181702,0.009481861464057098,-0.19133012086584567,1.238724215823957,0
2022-01-24 00:00:00+00:00,-0.04033743358361752,-0.06831224167515793,-0.024651423625280944,0.016617497211883624,0.6395234010421189,1.6157912728282617,0
2022-01-25 00:00:00+00:00,-0.001955409238493022,-0.0589063063614228,-0.03351592152830629,0.017494535401534766,0.12077715528651445,1.4255472115826004,0
2022-01-27 00:00:00+00:00,-0.01481103105012116,-0.07277141998524628,-0.07258736951247147,0.016188575917463636,-0.1831797816460532,1.040209865148371,0
2022-01-28 00:00:00+00:00,-0.0009622475063765235,-0.0571557099423502,-0.07866915501053706,0.017180341152502894,-0.2673620762709854,0.776843816552386,1
2022-01-31 00:00:00+00:00,0.021726698605001538,-0.03682615172359949,-0.0600234368359267,0.02268900304774712,-0.17208146838293348,0.6514083753413479,0
2022-02-01 00:00:00+00:00,-0.0033101526265278958,0.0003366072905701678,-0.06799862878317087,0.01329499999274666,0.08702681056480155,0.780702038162911,1
2022-02-02 00:00:00+00:00,0.0020387361720544117,0.004339925284572388,-0.054822030045249104,0.013257746012831592,-0.24111327828343587,0.7150381967656522,0
2022-02-03 00:00:00+00:00,-0.0129219308616213,0.0062657474384637535,-0.06696163988514847,0.01271248721075681,-0.0444066402127995,0.8030575220155802,0
2022-02-04 00:00:00+00:00,-0.009116891138160055,-0.0019478946874212921,-0.05899227132601892,0.0135716199234789,0.15548177505126737,0.9876820048616719,0
2022-02-07 00:00:00+00:00,-0.00609104994063292,-0.02912107371752093,-0.06487480836204484,0.005688174011296364,-0.031350370179982545,0.9817762271956582,1
2022-02-08 00:00:00+00:00,0.01680988378826198,-0.009522078701535874,-0.009188676612078117,0.011797194593285413,0.12566019382952032,1.1287204372568542,1
2022-02-09 00:00:00+00:00,0.011650781399905386,-2.0930459424528536e-05,0.004318903988517864,0.013280492328652301,-0.04764374381936132,1.0461877277970861,0
2022-02-10 00:00:00+00:00,-0.0010277347301033135,0.012028721490507488,0.018369837859838256,0.011288242325738796,0.0851686258975426,1.0784806370773026,0
2022-02-11 00:00:00+00:00,-0.001953006558480186,0.019345484575112648,0.01735990692106193,0.009811964331827868,0.2791031739683554,1.2720218712155575,0
2022-02-14 00:00:00+00:00,-0.01592735569882875,0.009257443956383726,-0.020133216469026882,0.012831735280225933,-0.3276432147030396,0.8551820413026222,1
2022-02-15 00:00:00+00:00,0.03395251339551919,0.026272745258976382,0.016500495409379035,0.018738585117008235,0.04599392535173541,0.9067868106159845,0
2022-02-16 00:00:00+00:00,-0.002067812807587277,0.012355868410490078,0.012334679337063337,0.01858710373033591,-0.07311647688583744,0.8556171393132943,1
2022-02-17 00:00:00+00:00,0.012660834615377148,0.026227828612805926,0.03857203734899772,0.018925078291545612,0.2367410640402432,1.0514463865458339,0
2022-02-18 00:00:00+00:00,-0.007816629623863203,0.020198640402496748,0.03993487746395408,0.019656965760161033,-0.4728604091789378,0.6520650036857708,0
2022-02-21 00:00:00+00:00,-0.010105597593468407,0.026234119325964533,0.03573442417175343,0.018294865704703824,0.6393272602383484,1.06103295184192,0
2022-02-22 00:00:00+00:00,-0.004542010437155075,-0.011973045173847674,0.0139851353193019,0.008947626641159914,0.2149706951162189,1.2352627726847363,0
2022-02-23 00:00:00+00:00,-0.006257821817300058,-0.01612146517241264,-0.003964791464177164,0.009106551741553667,-0.45830629228166997,0.7091558520086377,0
2022-02-24 00:00:00+00:00,-0.04983044213537002,-0.07683658686701522,-0.05262401508575043,0.019183240444226722,2.398943381152951,1.9553721551303174,1
2022-02-25 00:00:00+00:00,0.012501640453030927,-0.0579317310579196,-0.038903232858955916,0.023038186389496312,-0.413599459082009,1.0213305939876647,1
2022-02-28 00:00:00+00:00,0.033100438605734084,-0.01681316767269536,0.008979873006296213,0.030617086222573073,0.46172380964865756,1.3062838968420314,1
2022-03-02 00:00:00+00:00,0.016528416800038803,0.003997521304965224,-0.008023386372050245,0.031780694595330485,0.008185958072155719,1.199593644776468,0
2022-03-03 00:00:00+00:00,-0.008442424148019545,0.0017903740456122197,-0.01435995457962247,0.031923697465746116,-0.5255751896931163,0.5513937507891263,0
2022-03-04 00:00:00+00:00,-0.02217981302497085,0.030943206663566425,-0.048270950590197925,0.02173581819290419,0.06075727013174381,0.6897374903066109,0
2022-03-07 00:00:00+00:00,-0.03698046747862216,-0.019440161605057682,-0.07624569044915064,0.028438483401548094,0.6642480283725196,1.0999644907758652,0
2022-03-08 00:00:00+00:00,-0.0018084002487874784,-0.05257363450527419,-0.06850287284586931,0.020297270379824272,0.18384068338920923,1.3023113126956085,1
2022-03-09 00:00:00+00:00,0.05305298160776761,-0.018531953903766607,-0.014608514479354406,0.034260564559190035,-0.041107173935692076,1.2651461507605288,1
2022-03-10 00:00:00+00:00,0.0162056672502795,0.005865332440300852,0.007666207624882793,0.035093685993645034,-0.11921758687127426,1.0161562492144502,1
2022-03-11 00:00:00+00:00,0.0028843298829657193,0.03164834732815636,0.06357085534365825,0.032534165923957435,-0.3182932748284488,0.6815371945999162,1
2022-03-14 00:00:00+00:00,0.00821120843646539,0.08006057179127213,0.05906401973239883,0.02192240859242043,-0.3195406571185476,0.5194600058025319,0
2022-03-15 00:00:00+00:00,-0.022903297702347003,0.0572355279707788,0.0016528137372526785,0.027465550771408827,0.9094094029286348,1.0628716308879862,1
2022-03-16 00:00:00+00:00,0.01688202565338126,0.020920907164845737,0.002001247973875131,0.016258564478159845,-0.2998876223810605,0.8491329974654627,1
2022-03-17 00:00:00+00:00,0.03260042882234071,0.03739174116657895,0.04347638859934344,0.020397417532606477,0.921294032517811,1.5501737616569322,0
2022-03-21 00:00:00+00:00,-0.005762203691558221,0.028447696222754226,0.060996366121654155,0.02123942029780976,-0.43985570414251673,0.8715748616106325,1
2022-03-22 00:00:00+00:00,0.02583689789058785,0.046427162788635234,0.13020471977941206,0.02311808662651855,0.8798390695052596,1.3579721397921403,1
2022-03-23 00:00:00+00:00,0.003180331885709986,0.07436157136956334,0.13585322313841597,0.01581538277121482,-0.31453019264696,0.9360737639968033,1
2022-03-24 00:00:00+00:00,0.015536368762639308,0.07293985084034782,0.09538672585324215,0.015777127520927907,-0.148356826883545,0.7781827723884299,1
2022-03-25 00:00:00+00:00,0.006670151375157252,0.04599658484910685,0.08510821841091021,0.01207665135294551,0.08005776918540386,0.9186529524448894,1
2022-03-28 00:00:00+00:00,0.010054583573249287,0.06263677447346216,0.09286634262881055,0.008854621632830883,-0.3045222467405141,0.6567885895394019,1
2022-03-29 00:00:00+00:00,0.0002289150849927868,0.03611015576315335,0.08421381063172739,0.005971943862665201,-0.12206119159384943,0.7068441273853165,1
2022-03-30 00:00:00+00:00,0.01921784602744747,0.05267410817260143,0.13095260899636996,0.007443145767377445,0.820754450824585,1.279711465250952,0
2022-03-31 00:00:00+00:00,-0.014291359390586122,0.021755592501154997,0.09628229301348057,0.01248457503620789,-0.16366719265347163,1.069304869896445,1
2022-04-01 00:00:00+00:00,0.008008305341759003,0.023113799354845144,0.07017354003716236,0.012560162842698827,-0.40085836676190467,0.7133406371349313,1
2022-04-04 00:00:00+00:00,0.002955868192772826,0.01592330313654733,0.07955746195744595,0.012191420458793406,0.0007928934932752707,0.7400558600558601,0
2022-04-05 00:00:00+00:00,-0.014134471536505044,0.0013345435429503727,0.037492889881312275,0.01453964508075658,0.658418632385112,1.132883265520482,0
2022-04-06 00:00:00+00:00,-0.0026656972004990287,-0.020165028756206516,0.0314469045103869,0.010037183507449527,-0.06788318059418075,1.12486921341938,0
2022-04-07 00:00:00+00:00,-0.017639937997776634,-0.023493653755633948,-0.002249179611949703,0.01096246850670287,0.26427569394842143,1.3651949676319315,1
2022-04-08 00:00:00+00:00,0.016635236154237898,-0.015136329076508082,0.007627612205093781,0.013778845235036356,-0.02219882052068667,1.1840617276099656,0
2022-04-11 00:00:00+00:00,-0.0020835990556502537,-0.020084889996465405,-0.004481404651796028,0.013416583598148618,-0.3892617024457028,0.7084801861538262,0
2022-04-12 00:00:00+00:00,-0.01882985577504359,-0.024751934161999167,-0.023450423152960198,0.014431182516552801,0.42829516817698843,1.0108683083158045,0
2022-04-13 00:00:00+00:00,-0.0036705295343628652,-0.025734514212982562,-0.04538060575005731,0.014398957971781824,-0.21664116306703518,0.8156128899516315,0
2022-04-18 00:00:00+00:00,-0.0030568510033408547,-0.011271590805906784,-0.03450043370987155,0.012591946014691586,-0.03670102136951692,0.8605456447782902,1
2022-04-19 00:00:00+00:00,0.03811151151080261,0.009615156784149148,-0.005666710469566016,0.021285454402684954,1.6209377290905036,1.8959221365482375,1
2022-04-20 00:00:00+00:00,0.029403983386425248,0.04147187389384488,0.020554025872274284,0.024198982672660973,-0.04091451934104051,1.4790091314135996,1
2022-04-21 00:00:00+00:00,0.023414147022694953,0.08631215059151276,0.059423823760691885,0.01917105102864038,-0.13415662102787784,1.163987389667851,0
2022-04-22 00:00:00+00:00,-0.008374825912856432,0.0811829895384395,0.053359270527327585,0.020498784040816606,-0.3065360679320527,0.7684527512721122,0
2022-04-25 00:00:00+00:00,-0.02312625777969246,0.05941775524342807,0.04747643181381189,0.026286472903349692,0.13345558973290705,0.8122241492964847,1
2022-04-26 00:00:00+00:00,0.029925856506623827,0.051064097516327456,0.06117024360413725,0.024434442336892386,-0.2833902637926088,0.6709214902967002,1
2022-04-27 00:00:00+00:00,0.0009727986155634305,0.022034680450930377,0.06442037383372723,0.022054546661718025,0.5815728856185636,1.1323546803749873,1
2022-04-28 00:00:00+00:00,0.014936923278573655,0.01356888321171934,0.10105219329436066,0.02051512163068358,0.3244815578099012,1.434190011930383,0
2022-04-29 00:00:00+00:00,-0.010496890377476364,0.011399859506277421,0.0935083237197547,0.020825433475861316,-0.288872961882365,0.9850262545149316,0
2022-05-02 00:00:00+00:00,-0.003512294250736958,0.03170704875722263,0.0930087656631986,0.016121041779448866,-0.4802592520327631,0.5577846436511368,0
2022-05-04 00:00:00+00:00,-0.031218088963080204,-0.029542641335896458,0.02001288786236488,0.01695025253263693,1.033130643415669,1.0474056395627422,0
2022-05-05 00:00:00+00:00,-0.019583107023569912,-0.04947188408764025,-0.028527300793886545,0.017365392346553498,-0.10583057888595293,0.9587659965782352,0
2022-05-06 00:00:00+00:00,-0.007667846275577039,-0.07064213469349234,-0.05803178635725548,0.011054018156007237,0.141730632318825,1.1725691607288662,0
2022-05-09 00:00:00+00:00,-0.03905513057736365,-0.097464511390421,-0.08717573362084241,0.015106529421155753,-0.07970484196701177,1.0808008961614248,0
2022-05-10 00:00:00+00:00,-0.017333143199045442,-0.10998228415027833,-0.0817624490390394,0.012289868731631931,0.07896176634140972,1.0411368895057362,0
2022-05-11 00:00:00+00:00,-0.01024391305293848,-0.09071335693074112,-0.11757608609845749,0.012350748755995275,-0.1469775253044625,0.9134966546906258,0
2022-05-12 00:00:00+00:00,-0.020373079037586672,-0.09144601566590749,-0.13639389306624738,0.012368684404956332,0.23110101785645298,1.0855270445793492,1
2022-05-13 00:00:00+00:00,0.011336142080844214,-0.07404644912494451,-0.13945778458577773,0.0182283161595334,-0.05766346949859891,1.026642970112633,1
2022-05-16 00:00:00+00:00,0.0002473435699092974,-0.036175113679126514,-0.1301138352903185,0.013081481301774498,-0.3040517116101288,0.7516233505091798,1
2022-05-17 00:00:00+00:00,0.04200296756996735,0.02202326741092664,-0.09038118599365785,0.02401717851865616,0.23172627054904593,0.9574976203750207,1
2022-05-18 00:00:00+00:00,0.0036377505053903914,0.03635748907835179,-0.057653977736259354,0.022635774124446114,0.04379939182548287,0.9921704347476925,0
2022-05-19 00:00:00+00:00,-0.023046548255948096,0.03352919823927669,-0.060982929014085085,0.023471113998744127,-0.14919845054532133,0.9042892866800174,1
2022-05-20 00:00:00+00:00,0.0583098538624498,0.08153371489392303,0.001449983697117796,0.033134639181951565,0.48261215400815205,1.3009443576130375,0
2022-05-23 00:00:00+00:00,-0.006686981150372029,0.0740358634642555,0.03518249400797724,0.03410185769821969,-0.3001105258542719,0.8912070173995291,1
2022-05-24 00:00:00+00:00,0.003433147786714219,0.034280343582028916,0.05705857616660093,0.030605444758293705,-0.11309019255865582,0.8193754370858625,0
2022-05-25 00:00:00+00:00,-0.0014718840653741294,0.029014704065412733,0.06642709492993415,0.03083562164513391,-0.060118638497354104,0.8151673260344893,0
2022-05-26 00:00:00+00:00,-0.009532842184036161,0.043248547274207016,0.07822783462860139,0.02811351763782693,0.40642267626743034,1.1015136201842275,0
2022-05-27 00:00:00+00:00,-0.004638530512718009,-0.018803988958898343,0.06119656686038133,0.004990984514890217,-0.07605683093014703,1.0884167381508134,1
2022-05-30 00:00:00+00:00,0.034833707191414875,0.0222102059661049,0.09789042120677993,0.017588104710996446,-0.16151672684612184,0.9297613001578153,0
2022-05-31 00:00:00+00:00,-0.012064583065295675,0.006422468954244032,0.04092297697866942,0.019126834632420684,4.097713427420478,2.683306577647673,1
2022-06-01 00:00:00+00:00,0.0003228182947063729,0.00823136021273374,0.0374848947587747,0.019075647207046464,-0.8615562362472067,0.37996915254836977,1
2022-06-02 00:00:00+00:00,0.03447891976644413,0.05303248084205281,0.09857460587102596,0.022410884962253293,1.2631271243119944,0.8324544241230195,1
2022-06-03 00:00:00+00:00,0.020261870583920594,0.07937560536973032,0.059079038403853756,0.02089735618793786,0.08194772537938433,0.8530585301609066,0
2022-06-06 00:00:00+00:00,-0.004299102605522909,0.03855841902292423,0.061625015417255735,0.019130755079070024,-0.5366228552287695,0.4032197409376469,1
2022-06-07 00:00:00+00:00,0.0018787888557858512,0.053216266135175605,0.059980514906533555,0.016333955053521594,0.11404360095309252,0.7792605478223554,0
2022-06-08 00:00:00+00:00,-0.017563722491441003,0.03438394985054338,0.042898336740033516,0.02054403438417669,0.009790621734217408,0.7609575602000254,1
2022-06-09 00:00:00+00:00,0.027422403474501644,0.02732808137920495,0.08180983817345044,0.018300050924692265,0.3845627742051807,1.1198045547152267,0
2022-06-10 00:00:00+00:00,-0.030192035116787586,-0.02347526199373795,0.05403698024402637,0.021739927523541168,0.04715462541030502,1.2687618985936429,0
2022-06-13 00:00:00+00:00,-0.018918775579111702,-0.0378133753344303,-0.0007129802823221398,0.022661245222747456,-0.026101393479277757,1.1320106458115524,0
2022-06-14 00:00:00+00:00,-0.013068444185477368,-0.05216843292027673,-0.001728375995241671,0.022097779055823406,-0.16494656912060135,0.9175144100146401,0
2022-06-15 00:00:00+00:00,-0.012100178196147171,-0.04689733303342147,-0.014125898730023567,0.02179191115636858,-0.23913975726489967,0.7094581441091768,0
2022-06-16 00:00:00+00:00,-0.013981237527484591,-0.08530599584597931,-0.060309163663387344,0.007486043804713713,0.528419588702103,1.0866473262232377,1
2022-06-17 00:00:00+00:00,0.011718697685535018,-0.04577704022577833,-0.06817767420691834,0.012023499351297321,0.4292857278522162,1.4369791262237233,0
2022-06-20 00:00:00+00:00,-0.018127401449204328,-0.045007330903316545,-0.08111882714149887,0.01186894648407829,-0.5066154991577732,0.7584857992751954,1
2022-06-21 00:00:00+00:00,0.016142083311619704,-0.016742108805769762,-0.0680371321458687,0.01592902280589612,-0.028735711722008728,0.7655055072208488,0
2022-06-22 00:00:00+00:00,-0.03037812832593656,-0.03493417474536509,-0.08019318815150545,0.02003129620273322,-0.09409883866526492,0.6987512648291069,0
2022-06-23 00:00:00+00:00,-0.016223713094743242,-0.03712899761922506,-0.11926766734853333,0.020252655772640574,0.8315857298049976,1.241663161470919,1
2022-06-24 00:00:00+00:00,0.014239799540256337,-0.03472961933797669,-0.07891684038229452,0.02086883290347627,-0.26771585558874034,1.045682672628174,0
2022-06-27 00:00:00+00:00,-0.0029600381661371022,-0.019818716893510446,-0.06393406024752157,0.019903301627795897,0.08667659534246419,1.0821600042440147,1
2022-06-28 00:00:00+00:00,0.014061365788688773,-0.02182579878186397,-0.038202497689655,0.019396466674059615,-0.12289110705728101,0.925196744388659,1
2022-06-29 00:00:00+00:00,0.0207501057050834,0.029753400227580995,-0.006220185000603284,0.01520376376598719,0.4149681345409699,1.1719161500460604,1
2022-06-30 00:00:00+00:00,0.0060073289651876305,0.05302341746272998,0.013925713502767945,0.009124946353103474,0.20347739090345884,1.3499658872074136,0
2022-07-01 00:00:00+00:00,-0.07202435388317818,-0.0365393996182507,-0.07000001951664736,0.03750729510509224,2.5476699024127547,2.673309299664462,1
2022-07-04 00:00:00+00:00,0.0020759362744500187,-0.03167303202641325,-0.05086403006503315,0.03770439974511553,-0.4895221539958664,1.1643588124651283,1
2022-07-05 00:00:00+00:00,0.00809961114946467,-0.03736591017793667,-0.05837616812295576,0.03700606294156018,-0.5783973989223686,0.4800157038143158,0
2022-07-06 00:00:00+00:00,-0.008794949881141823,-0.06522882935279439,-0.037416208591323774,0.03367226737397862,0.3567905213067113,0.6349137430481997,0
2022-07-07 00:00:00+00:00,-0.009847089634813622,-0.07996058428931019,-0.031176950267916226,0.03215579972961319,-0.026841812339483018,0.6172558389720951,1
2022-07-08 00:00:00+00:00,0.0013817230272048509,-0.00718229059932618,-0.04345925363119363,0.007682771275058579,-0.18415170692217808,0.7558094700472222,1
2022-07-11 00:00:00+00:00,0.013590466528513367,0.004225856366227854,-0.02758102134421192,0.010278684261716324,-0.2715734702822309,0.708312788931309,0
2022-07-12 00:00:00+00:00,-0.0014235150358097304,-0.0052606759594678865,-0.0424300161920278,0.00945732756034956,-0.22159128452878785,0.5930255328699384,0
2022-07-13 00:00:00+00:00,-0.01772387424447286,-0.014221437594534203,-0.07852261922132331,0.011836514550090832,0.3196165243326623,0.8762832048587826,1
2022-07-14 00:00:00+00:00,0.00824384011370527,0.003789569123100911,-0.07647403132749708,0.011910312602685172,0.1930650671689491,1.133909242519789,1
2022-07-15 00:00:00+00:00,0.0019398897309430563,0.004349077951912639,-0.0028644489891033187,0.011919579449033862,-0.43411716282225754,0.7339197705286429,1
2022-07-18 00:00:00+00:00,0.008514267308903145,-0.0006808391340059616,0.0035421401038331357,0.010727750724527089,0.5787333610324048,1.1358603283542577,1
2022-07-19 00:00:00+00:00,0.006130819610493221,0.006879113932498626,0.0015822491837433894,0.011020928335274521,0.08436038263671275,1.13537564124471,1
2022-07-20 00:00:00+00:00,0.027040158988570484,0.052764348171561615,0.0377925256922893,0.00968111354512634,0.4552560212089036,1.4570440675292176,0
2022-07-21 00:00:00+00:00,-0.006671993467352144,0.03718988374872256,0.041120386506969364,0.012413919815648206,-0.3093521108251437,1.0118144579421107,1
2022-07-22 00:00:00+00:00,0.00675720410293934,0.04217667964803895,0.046709187267493846,0.012067217897850558,-0.3360865278762082,0.660697663081789,0
2022-07-25 00:00:00+00:00,-0.03303903355108828,-0.0007635964813590412,-0.0014439157289979354,0.02208223696782386,1.106696675796115,1.2702543760231848,1
2022-07-26 00:00:00+00:00,0.00045427668401076815,-0.006401241435395333,0.00043383762795978775,0.02183557089777071,-0.5109014743632015,0.658460242393644,0
2022-07-27 00:00:00+00:00,-0.000949708729669263,-0.033479732547776475,0.01751807935894334,0.015484595769607817,-0.23428598828942515,0.6132960902737933,1
2022-07-28 00:00:00+00:00,0.01566637605062149,-0.011744226512541367,0.02500889081746105,0.018432924637376003,0.44378380526779293,0.939061614797192,1
2022-07-29 00:00:00+00:00,0.021305710923362753,0.0025369187351016453,0.044820597191924216,0.02115237138200776,0.2108350359348894,1.07012931868925,1
2022-08-01 00:00:00+00:00,0.026061232752578656,0.06381157296865769,0.06299925019470987,0.012221572566086048,0.037629563715002146,1.2404203866137746,1
2022-08-02 00:00:00+00:00,0.003806202796956759,0.06737577162699782,0.06054324161052205,0.011463552276002641,-0.11351121054183033,1.0559905501380966,1
2022-08-03 00:00:00+00:00,0.008395583543479246,0.07736019246976467,0.04129046136825609,0.00910309390918894,0.02393059936500541,0.996631894873663,0
2022-08-04 00:00:00+00:00,-0.013217665096437736,0.04672167094018209,0.03442873454107476,0.015517059966857254,0.01516738115569205,0.9846037956983639,0
2022-08-05 00:00:00+00:00,-0.01473622541049946,0.009782803939044848,0.012344540852741392,0.0168431606213098,-0.036267670837478616,0.9644941575225573,1
2022-08-08 00:00:00+00:00,0.013082129026147804,-0.002990386719695537,0.06063036496859375,0.01271369693602632,-0.2709181851839686,0.7615091914460216,1
2022-08-10 00:00:00+00:00,0.005979363985863628,-0.000831939610571597,0.06648777944321704,0.012934395634295522,0.055041830059444186,0.84379379594227,1
2022-08-11 00:00:00+00:00,0.003330188835799719,-0.0058509824225146945,0.07105657692090706,0.012284750995964641,-0.2355744055211676,0.7129182672608729,1
2022-08-12 00:00:00+00:00,0.016170649637733847,0.0237567265805958,0.07158835148269227,0.01207367626418976,0.543088346186114,1.1359853826208264,1
2022-08-16 00:00:00+00:00,0.006950147014314956,0.04629035688105576,0.05652601030573656,0.005326874425993138,-0.4777018647435095,0.6833419734726246,1
2022-08-17 00:00:00+00:00,0.005224005307810309,0.038174648554843094,0.03507010487307993,0.005008930755109836,-0.0017273114993572314,0.7365375058590551,1
2022-08-18 00:00:00+00:00,0.0018135110033161705,0.03387547194057183,0.0330153499830661,0.005638433159491406,0.12341939352316156,0.8935894149925652,0
2022-08-19 00:00:00+00:00,-0.017829660594571584,0.012071434187655328,0.00614982201589398,0.012528678800202338,0.2767448466842599,1.1071729509839145,0
2022-08-22 00:00:00+00:00,-0.002773685887113131,-0.006796480203691502,0.016798784254994592,0.009946359569322365,0.0011580509060404864,1.1975588192945583,1
2022-08-23 00:00:00+00:00,0.015422335295760536,0.0015600479188364602,0.047922619974806846,0.012179165485082015,0.02183393020034452,1.1355221432404918,0
2022-08-24 00:00:00+00:00,-0.002663510159112148,-0.006298718214183152,0.03163547898648744,0.011901124397208326,0.07140973731009947,1.1176439078264764,0
2022-08-25 00:00:00+00:00,-0.0029169228828659355,-0.010990847202735687,0.022512304601816746,0.011788548950051955,-0.2408647104012085,0.8400782661212041,0
2022-08-26 00:00:00+00:00,-0.0053380628902341964,0.001587729004452365,0.013678329358292718,0.008500598715049528,0.3645975213752737,1.1158525500911314,0
2022-08-29 00:00:00+00:00,-0.007773103723997421,-0.003433554014983131,-0.010206698136783543,0.009222656754964406,0.8468539210157329,1.6956080201274968,1
2022-08-30 00:00:00+00:00,0.015513925613405366,-0.003343664484125486,-0.001788832842108845,0.009262574532361593,0.1663432208569242,1.6077354273565352,0
2022-09-01 00:00:00+00:00,-0.029397901637514767,-0.030059823889225123,-0.036169203743162126,0.015995285804784654,-0.1395525936367148,1.2214393957091971,0
2022-09-02 00:00:00+00:00,-0.011677736864503019,-0.03858214830856188,-0.04914894501448497,0.01605526223718928,-0.34709267567319013,0.7502852583993155,1
2022-09-05 00:00:00+00:00,0.01553059922970279,-0.018410968981720566,-0.016852471606720543,0.019232203913735098,-0.12858570951074844,0.6494180115174514,1
2022-09-06 00:00:00+00:00,0.010525911105492503,-0.00030814159165182264,-0.00374063758583576,0.019957663935413324,-0.03780049374040806,0.6962319157482333,0
2022-09-07 00:00:00+00:00,-0.005814654329218127,-0.021304414692656426,-0.024576844362019012,0.01802499224930329,-0.3129574816291727,0.5978822301265283,1
2022-09-08 00:00:00+00:00,0.0014137590437688363,0.009764172873386823,-0.0205891603328362,0.011227880079262233,-0.05761152999779262,0.708935397793908,0
2022-09-09 00:00:00+00:00,-0.006227195581050893,0.015332965074157823,-0.02384076196690521,0.009733626970209628,0.17822860654630812,0.9220719075584447,1
2022-09-12 00:00:00+00:00,0.011189751557878935,0.010992962182160726,-0.0076203978853127685,0.008455846782913367,-0.10576630967485878,0.9024560106312673,1
2022-09-13 00:00:00+00:00,0.008352522468362045,0.008818569034911627,0.008507710075361219,0.00796350305514573,0.19544803056828397,1.1342056288373588,0
2022-09-14 00:00:00+00:00,-0.011985964461620702,0.0025564245726630297,-0.01880245324921992,0.009719960449205315,-0.023674892618761212,1.0747227525523588,0
2022-09-15 00:00:00+00:00,-0.009909671260260766,-0.008779926358190804,0.0008985177964189184,0.010734207845041087,0.1944386284789541,1.1864639001051789,0
2022-09-16 00:00:00+00:00,-0.02477869222405349,-0.02728376927568188,-0.012369145282919547,0.015029920312724182,0.9504619124797407,1.8186101174435403,1
2022-09-19 00:00:00+00:00,0.0013004039088200248,-0.03679684924380333,-0.026208393433802324,0.0127787652375302,-0.6250685784956436,0.6800820406256273,1
2022-09-20 00:00:00+00:00,0.0001598445463641962,-0.04462269686332654,-0.036197636161228064,0.010591299739195578,0.10965252615545595,0.7611725280345154,1
2022-09-21 00:00:00+00:00,0.0027570090390511837,-0.030366723003995455,-0.027887928668211215,0.011573733323949256,0.09461640849470854,0.8252891924410671,0
2022-09-22 00:00:00+00:00,-0.009423383674066255,-0.02989048299631425,-0.03840797311498667,0.011535635880898955,0.11956381609436595,0.9249161537136484,0
2022-09-23 00:00:00+00:00,-0.01874418118590937,-0.023887602889112514,-0.050519628319018794,0.009147933415021417,-0.07567967932232389,1.0578441119166433,0
2022-09-26 00:00:00+00:00,-0.025476563668061947,-0.0499909879539715,-0.08494832635048377,0.012064152985510534,0.3097666038941227,1.2495892369085655,1
2022-09-27 00:00:00+00:00,0.00795004147423084,-0.042591413448514914,-0.08531356658054778,0.014064898765419848,0.2945063685527083,1.4004349154680196,0
2022-09-28 00:00:00+00:00,-0.02662485830255612,-0.07064452285408185,-0.09886600320081795,0.014276554662396133,0.05213533148183247,1.298127051347899,0
2022-09-29 00:00:00+00:00,-0.003065398294218813,-0.06467948346289276,-0.09263666545854898,0.015097291828617026,-0.13680201969058292,1.0505196653843474,1
2022-09-30 00:00:00+00:00,0.022556087814911807,-0.02531259442711109,-0.04859554011245559,0.02131716071468287,0.2686234645487573,1.1792896153016892,0
2022-10-03 00:00:00+00:00,-0.0034695773527807505,-0.003301905308277675,-0.053127827753757795,0.01803392317696975,-0.36320272299654266,0.7569808092290334,1
2022-10-04 00:00:00+00:00,0.018442613857402756,0.007073536402530278,-0.03581914895944793,0.0197922664651665,-0.24499627638307253,0.6294605738438562,1
2022-10-06 00:00:00+00:00,0.0036879403524416876,0.038435768734158327,-0.03492403066267791,0.012174078113759224,0.4920533923353281,0.9899497299661651,1
2022-10-07 00:00:00+00:00,0.004232055142883606,0.046037006224353805,-0.02162012702130811,0.010946823361147965,-0.42224038324280366,0.6377480012391971,0
2022-10-10 00:00:00+00:00,-0.01091538272826198,0.011796931515370757,-0.013814273854673376,0.010887285375210736,-0.17951153306698953,0.6566226054150992,0
2022-10-11 00:00:00+00:00,-0.019910318294842133,-0.004895676014691319,-0.008181416264348429,0.014859540015790965,0.45590294503838913,1.0113219571108518,1
2022-10-12 00:00:00+00:00,0.0073583207610221635,-0.01572596516250291,-0.00876366694701447,0.011756681071702572,-0.1951209401620826,0.8423106824293433,1
2022-10-13 00:00:00+00:00,0.003178567133477417,-0.01622548579367833,0.021586643920914916,0.011685043041004237,-0.011946847711296393,0.9641575598178949,0
2022-10-14 00:00:00+00:00,-0.005077959339735649,-0.02534584291431352,0.019524316582032464,0.010919083868557628,0.2425597244289821,1.1557009997972403,1
2022-10-17 00:00:00+00:00,0.01605002177937398,0.0012261440946035318,0.0130375403478864,0.01363402630682712,0.8371613763054588,1.6797817528946377,1
2022-10-18 00:00:00+00:00,0.01764400098873553,0.03959035401565614,0.034500856454397155,0.009385588621002187,-0.25784227784035907,1.1713731940226872,1
2022-10-19 00:00:00+00:00,0.017399303816942213,0.04995261431036746,0.03344109607544388,0.010289923073912702,0.5502111016429039,1.4845027753757398,1
2022-10-20 00:00:00+00:00,0.0026866190542655932,0.04943772873685548,0.032410091777885564,0.010371555360901327,-0.5470988368039265,0.6582339782617832,0
2022-10-21 00:00:00+00:00,-0.011597302007725685,0.0425611656668361,0.016136574133280845,0.012820783852541063,-0.054330402717523874,0.6306882968267231,1
2022-10-24 00:00:00+00:00,0.0033379214501403354,0.029517376627680614,0.030779713279324383,0.01217785916228689,-0.5911866776200068,0.32408214488349507,0
2022-10-25 00:00:00+00:00,-0.015444464967809268,-0.00395714946898873,0.03547653959829722,0.013148255150382721,2.6300062937069164,1.1805658695007566,1
2022-10-27 00:00:00+00:00,0.003931778237371564,-0.017141975247372154,0.0319543525849455,0.009333607627661004,0.022873578637092162,1.387969914837416,1
2022-10-28 00:00:00+00:00,0.0305981143786338,0.010217557273642042,0.060160418835345064,0.018113761730530992,0.40729712854386757,1.6314429569939264,1
2022-10-31 00:00:00+00:00,0.009282860683380356,0.031558562303406035,0.07546289716864463,0.016480984922840808,-0.29470580579038974,1.0679987613221287,0
2022-11-01 00:00:00+00:00,-0.007746305945662391,0.020162571548733244,0.05027509439460043,0.017687273027120226,0.1242536298274477,1.0156654735206292,1
2022-11-02 00:00:00+00:00,0.006245389083427755,0.042636852072384324,0.03851098220685789,0.01395373450167762,-0.35674359239158226,0.6857701549128588,1
2022-11-03 00:00:00+00:00,0.003731754923023578,0.04242911716117437,0.02455982303765758,0.013970247675951763,-0.2547844018679353,0.5608905811998603,1
2022-11-04 00:00:00+00:00,0.014715575181847296,0.026364250476291984,0.03685118598915205,0.008337578015754367,0.878824354977531,1.1509090567314078,1
2022-11-07 00:00:00+00:00,0.005341752073388717,0.022356441424822515,0.054620540877816204,0.00804155054899205,-0.06250624711002828,1.0915609811215352,0
2022-11-09 00:00:00+00:00,-0.0009974753427607341,0.02931001638282482,0.05006355323397127,0.005709178540195773,-0.04542446539145706,1.0970055763401867,0
2022-11-10 00:00:00+00:00,-0.012096821683071468,0.010547375113223678,0.053633934058062493,0.009791077940551203,-0.4698655302617999,0.6178861697683894,1
2022-11-11 00:00:00+00:00,0.023051720651005247,0.02999852882827847,0.07370045708377071,0.013634655211326185,1.06329746597607,1.142023486579058,0
2022-11-14 00:00:00+00:00,-0.004844815416577886,0.010143532972839875,0.03677521009314244,0.013312190829429499,-0.2653927675186586,0.897785395473093,0
2022-11-15 00:00:00+00:00,-0.00448616303584326,0.0002686771143993738,0.022631125203392166,0.01343716195256101,-0.21637230634763782,0.7759980021079224,0
2022-11-16 00:00:00+00:00,-0.005734047663977226,-0.004473898417554745,0.02470498792935638,0.013700488025854624,0.3710933272070731,1.1010542793993392,1
2022-11-17 00:00:00+00:00,0.0025845044655268268,0.01032071274229085,0.02097694428424335,0.012167463133926758,-0.3143947491195339,0.7431787094484897,0
2022-11-18 00:00:00+00:00,-0.0005385780780178262,-0.012976024797570651,0.016633242376741242,0.0035195005308260472,-0.2038976193024613,0.7012889908409744,0
2022-11-21 00:00:00+00:00,-0.017997104953245358,-0.026020849667703017,-0.01614126004144867,0.007856242017587833,0.2049840879001854,0.9088055439648599,1
2022-11-22 00:00:00+00:00,0.0055470386195624055,-0.016204683522544228,-0.015940360235753404,0.009252381268735278,0.034618266401346576,0.9531428831748747,0
2022-11-23 00:00:00+00:00,-0.0031187854235661394,-0.013616962664325327,-0.01802994017416426,0.009148607465492153,-0.02995997270206041,1.0219003224111094,1
2022-11-24 00:00:00+00:00,0.008623260460794313,-0.007675791168246571,0.0025657019383269475,0.01034215132043327,0.4640326952534439,1.3764357419710447,1
2022-11-25 00:00:00+00:00,0.014927585285775091,0.007679927408789755,-0.005395752317280955,0.012736200615695555,-0.21721393578466186,1.0164594888191727,1
2022-11-28 00:00:00+00:00,0.034363564925177226,0.06140970385680378,0.03379092151690455,0.014056111315365143,3.2894991266573985,2.5719194369107576,1
2022-11-29 00:00:00+00:00,0.001717331422634194,0.05736723918271913,0.04023293770465686,0.014594358612179566,-0.6492294469168551,0.8411205733884729,1
2022-11-30 00:00:00+00:00,0.007060681199570373,0.06816434756662182,0.05361919352644384,0.012661700113520299,1.365963634943145,1.5302818045424893,0
2022-12-01 00:00:00+00:00,-0.002947262621967983,0.05591079292020518,0.04780584218145201,0.014641477243028542,-0.6374620265418831,0.5541606348975043,0
2022-12-02 00:00:00+00:00,-0.00042222463718166736,0.03994115114289554,0.047927823693086236,0.015216420719177365,0.2217831683376026,0.6451078685045982,0
2022-12-05 00:00:00+00:00,-0.014583968064435182,-0.009270321040489637,0.05157009514656008,0.008023737464165815,0.2794700624491353,1.0138777812462856,1
2022-12-06 00:00:00+00:00,0.002889028225863788,-0.008111476363166337,0.048790429814902,0.008169217657201527,-0.42042525303914025,0.6081135488421406,0
2022-12-07 00:00:00+00:00,-0.014757255527812818,-0.029600708793081187,0.03654592577115068,0.008212997001566297,-0.015374707144141242,0.7989110141684471,0
2022-12-08 00:00:00+00:00,-0.00047150934729045524,-0.02719113793199701,0.027199376906027695,0.008509638999450696,-0.08332471649213768,0.7570546647362915,0
2022-12-09 00:00:00+00:00,-0.015155199753393078,-0.04152956072503633,-0.0032471480439576483,0.00886835328157903,0.6315263565539704,1.2099740479799261,1
2022-12-12 00:00:00+00:00,0.0015330230065118133,-0.025853278818785297,-0.034883931664675516,0.00899404588510909,-0.25094662407948065,1.0095900082491693,1
2022-12-13 00:00:00+00:00,0.004554053735721375,-0.024235972122370275,-0.03215085897052761,0.009390165122587004,-0.1209402013240305,0.8924493605133234,0
2022-12-14 00:00:00+00:00,-0.0036190324706498744,-0.013204906474199252,-0.04241474067609774,0.007606892755962548,-0.12772789519890448,0.7988747883609304,0
2022-12-15 00:00:00+00:00,-0.01420399391272964,-0.02676244737255329,-0.0532258839066454,0.008986012748657955,0.19529706297211957,0.9357328433310572,0
2022-12-16 00:00:00+00:00,-0.004944996545902636,-0.016672580239174728,-0.05750973603072529,0.007189273290165686,0.8227836839537455,1.5962483054913057,1
2022-12-19 00:00:00+00:00,0.01313547035504814,-0.005281039119643505,-0.030997785761615826,0.010337136773801322,-0.5119174932622877,0.8075883160327542,1
2022-12-20 00:00:00+00:00,0.008656198356997935,-0.00121905657138488,-0.025425483672675497,0.011029319197801946,-0.03393884526554114,0.7945532772470628,0
2022-12-21 00:00:00+00:00,-0.01422684631374782,-0.011852421381830625,-0.02490081774019004,0.012740107451086143,0.14194168183890166,0.8836661546147953,0
2022-12-22 00:00:00+00:00,-0.0025923542628185636,-0.00021308268194297764,-0.026969827440434746,0.010966387828318186,-0.12622945629166638,0.7924442280907062,0
2022-12-23 00:00:00+00:00,-0.029327292777753367,-0.024711327203259192,-0.04097190585682109,0.01730644687034202,0.3765866402402216,1.2377861550422187,1
2022-12-26 00:00:00+00:00,0.008732094487527098,-0.02895021008844223,-0.034078362016086716,0.016240273882800634,-0.4159915336817419,0.7545598578229844,1
2022-12-27 00:00:00+00:00,0.00818133547736788,-0.029407368335476747,-0.030590575661245123,0.016136006969177167,-0.03789012196836117,0.758538720113295,0
2022-12-28 00:00:00+00:00,-9.82226182499879e-05,-0.015496319933386182,-0.02716507240149868,0.015527193521509304,0.29429849819659704,1.0101790456487223,0
2022-12-29 00:00:00+00:00,-0.0004519028649039303,-0.01338356063456081,-0.013593791511509856,0.015571405615571634,-0.07088311341150677,0.9519945910884221,1
2022-12-30 00:00:00+00:00,0.00153332289986996,0.01798395441962586,-0.007171780165705299,0.004519148509465206,0.051774090965231556,1.090160837949776,1
2023-01-02 00:00:00+00:00,0.01126731517118218,0.02054242756723057,-0.009002490115009532,0.005314120371352146,-0.2707054663462778,0.8114077054270613,0
2023-01-03 00:00:00+00:00,-0.007317778811888553,0.004853282008500104,-0.02469680857863643,0.006674594527062917,0.4406847028173453,1.1050375268824155,0
2023-01-04 00:00:00+00:00,-0.015056395410648293,-0.01017896352130565,-0.02551754697937547,0.009869786351393078,0.20968445731075813,1.270551288884881,0
2023-01-05 00:00:00+00:00,-0.0017867990316858817,-0.011500869201665376,-0.024730507255915524,0.00983526318240105,0.47191143425216775,1.5795901842844926,1
2023-01-06 00:00:00+00:00,0.009088965998762966,-0.0040435570333065,0.013867678240939263,0.0110691478669695,-0.5343879955700256,0.7518463320855759,1
2023-01-09 00:00:00+00:00,0.023611452790694543,0.008113686863120417,0.028822789255039893,0.015074507952875037,0.6887296941837411,1.125552848857412,0
2023-01-10 00:00:00+00:00,-0.014787456100332719,0.0005278917816708972,0.005383735797857447,0.01649573942306159,-0.24952649753286305,0.8378689770548938,0
2023-01-11 00:00:00+00:00,-0.012605435957794064,0.003017631582792779,-0.007192048300314724,0.015956107181043636,0.43026592546770015,1.1448613404680494,0
2023-01-12 00:00:00+00:00,-0.021594219110823265,-0.016885122213960768,-0.02819179783358927,0.018913850141447842,0.5368774964588112,1.628266161206991,0
2023-01-13 00:00:00+00:00,-0.0016183969007610433,-0.027316876125725642,-0.03124997581244593,0.017735982351887322,0.16563104744461365,1.5031013108585727,0
2023-01-16 00:00:00+00:00,-0.009523361424509269,-0.05880311488553014,-0.051166538083166846,0.007315968914490967,-0.3392438752944371,0.9528783092345718,1
2023-01-17 00:00:00+00:00,0.014197604890244353,-0.031112999399178443,-0.03060153191419357,0.01347317296556096,-0.210869463892562,0.724541338577689,0
2023-01-18 00:00:00+00:00,-0.0016542590609104346,-0.02036708958453115,-0.017410918374518136,0.013061240406019121,0.2508869872569994,0.8832390782894797,0
2023-01-19 00:00:00+00:00,-0.0010708227489595323,0.0001820474936562455,-0.016706148614483607,0.008642149028241876,-0.11215050007116145,0.8482347518984247,0
2023-01-20 00:00:00+00:00,-0.011892963505678145,-0.010111047884018065,-0.03715172176719461,0.010220278540031852,0.25043705832486185,1.1539250763148763,0
2023-01-23 00:00:00+00:00,-0.005055954766257753,-0.005646291903530942,-0.06411738723758043,0.00957160250045405,-0.26631559502611,0.8830584300102876,0
2023-01-24 00:00:00+00:00,-0.005904597134530287,-0.025355172133436632,-0.05567929607726141,0.004327234513985988,0.505256288091839,1.2166757851682117,0
2023-01-25 00:00:00+00:00,-0.01382480122371299,-0.037236783367786686,-0.056845468049626424,0.005223547940066269,-0.24888094947132156,0.9284367676857876,0
2023-01-27 00:00:00+00:00,-0.01897122724171718,-0.05448910855853839,-0.054316980670526815,0.005777710882541854,1.0856630971388173,1.6026335033280905,1
2023-01-30 00:00:00+00:00,0.009583573416267921,-0.03393840016343497,-0.043706295258293504,0.010836806915280994,-0.15713197043472038,1.245102464779957,0
2023-01-31 00:00:00+00:00,-0.002500422384327128,-0.03145705288250111,-0.03692572908303271,0.011000692150568567,0.042232530316432815,1.1440934664247282,0
2023-02-01 00:00:00+00:00,-0.005926342303037235,-0.03147823910822012,-0.056035275070610235,0.011000489437323006,-0.1473582684407274,0.9481660285870014,0
2023-02-02 00:00:00+00:00,-0.005534395006724369,-0.02333623874383295,-0.05970405564489656,0.010182363394751611,-0.2938389377603655,0.6612770507487358,1
2023-02-03 00:00:00+00:00,0.0008807761750608822,-0.0035725652778784145,-0.05786700793915811,0.006367461880527272,0.8078155773878051,1.2087047126152333,0
2023-02-06 00:00:00+00:00,-0.007535315028821432,-0.02046837316123573,-0.0537121094856301,0.003337607946353605,-0.3992658173268163,0.7789770676164014,0
2023-02-07 00:00:00+00:00,-0.0024010369522762254,-0.02037077795806419,-0.05118702620108073,0.0033499611232992517,0.020053809577500914,0.8630734714612645,1
2023-02-08 00:00:00+00:00,0.019970443712905128,0.005149713548529666,-0.02649062947410985,0.011033811333298066,0.3980656651097243,1.182195820312809,1
2023-02-09 00:00:00+00:00,0.0017432938558041844,0.012505590754071871,-0.011122481441230625,0.010405931018130187,-0.3774784346483788,0.7399931110249846,0
2023-02-10 00:00:00+00:00,-0.008234088363408887,0.003284860849122051,-0.0002994398085685024,0.011507528695601798,-0.18085180762760245,0.7184352223330154,0
2023-02-13 00:00:00+00:00,-0.005691997987386732,0.005148274338207859,-0.01542547562331864,0.011202885829326327,-0.04058701934906295,0.7330603153584061,1
2023-02-14 00:00:00+00:00,0.02356521498085895,0.03131102539188313,0.0103024174879216,0.014669489264637936,0.383427160974656,1.0259555892706482,1
2023-02-15 00:00:00+00:00,0.02264399411677287,0.03401430177155218,0.03933917923075869,0.015327659206674242,1.339322590825811,2.0393898619367827,0
2023-02-16 00:00:00+00:00,-0.0007812268477211948,0.03140845401736758,0.04430682604359881,0.015575664554516214,-0.4846974164649992,1.0010378749019981,1
2023-02-17 00:00:00+00:00,0.004176832148572451,0.04431545978153184,0.047745890749501196,0.013535673430762308,-0.3159646156876831,0.6767477256197568,0
2023-02-20 00:00:00+00:00,-0.01057280309674724,0.03918918077988587,0.04453921177183817,0.014943315001283314,-0.25171073845507697,0.5153546994682717,1
2023-02-21 00:00:00+00:00,0.008159300939831526,0.023548106857927742,0.05559644762157001,0.01222217835064835,0.506358141967064,0.7855659447291862,0
2023-02-22 00:00:00+00:00,-0.022677864830072725,-0.02181382084242589,0.011458499044201487,0.012415302428424717,-0.17182445195135188,0.8855332664030615,0
2023-02-23 00:00:00+00:00,-0.004792166781143137,-0.025740334348499316,0.004859655561091802,0.012256506415212792,-0.10634881831874665,0.8983347173212441,1
2023-02-24 00:00:00+00:00,0.006842805163350674,-0.023153787940675574,0.020135601082581278,0.012808763800952985,-0.04241380605385148,0.8991864229064824,0
2023-02-27 00:00:00+00:00,-0.006649352893118743,-0.019280226064052997,0.019153378451131742,0.012467642291582768,0.187158371910779,1.0214690905164123,0
2023-02-28 00:00:00+00:00,-0.019131282695085794,-0.045828029559061956,-0.023359086038279298,0.011869670782267559,0.9638033646391895,1.7317035412433768,1
2023-03-01 00:00:00+00:00,0.009192479939847509,-0.014712608580226383,-0.03620549121495853,0.011426313077827975,-0.47480562687033645,0.9019982567468522,0
2023-03-02 00:00:00+00:00,-0.007615452366319331,-0.017507751058611132,-0.042797430041171536,0.011610998676037269,-0.19198183383552025,0.7347795361057037,1
2023-03-03 00:00:00+00:00,0.025515287700337286,0.0007131363202348417,-0.022457163427572202,0.01734504597396707,0.5689454210007248,1.0654343484729252,1
2023-03-06 00:00:00+00:00,0.00976778057665939,0.017251949851769144,-0.002360897705471654,0.017263256213647268,-0.3053776248211958,0.7513110271491865,1
2023-03-08 00:00:00+00:00,0.0035911526338543442,0.0408172254446697,-0.006881377128589494,0.011985114960478776,0.5515913619420372,1.2834963809543636,0
2023-03-09 00:00:00+00:00,-0.024034534827483856,0.006548986226315501,-0.00825997502485587,0.01860478358932117,0.028668873688378227,1.2268288912351728,0
2023-03-10 00:00:00+00:00,-0.015492255868370997,-0.001440243955269982,-0.01892277958124855,0.019855222914035367,-0.17868888991820697,0.9501601301763225,0
2023-03-13 00:00:00+00:00,-0.016446310197436476,-0.04229888688589767,-0.04161591543820664,0.014433142697877207,-0.042185027835793254,0.9350260041000721,0
2023-03-14 00:00:00+00:00,-0.003742664689807884,-0.05511269291065879,-0.03881154447318036,0.011012032689907704,0.2549353283443443,1.0807355370440772,0
2023-03-15 00:00:00+00:00,-0.017091842013699288,-0.07458586090718888,-0.03681302336215275,0.007321319225859412,0.35570270937703286,1.3563919611957957,0
2023-03-16 00:00:00+00:00,-0.004984206414045622,-0.05652226757600376,-0.05034344490152365,0.006600972792851531,-0.15488356220650656,1.116641963490411,0
2023-03-17 00:00:00+00:00,-0.0012579274921225014,-0.04288116425401112,-0.04425964887166933,0.007486570764934639,0.8523072745816773,1.6526990645676922,0
2023-03-20 00:00:00+00:00,-0.009828567644714736,-0.03644128597080398,-0.07719874702344598,0.006260294726320816,-0.42598733652899745,0.8902488753264033,1
2023-03-21 00:00:00+00:00,0.031095775026889205,-0.0027462947447143282,-0.057707631956465555,0.018582582023271628,0.09607223998415537,0.9302006880309249,1
2023-03-22 00:00:00+00:00,0.003040313665476635,0.017679689801966436,-0.05822482598967427,0.016077503897473065,-0.48972381773016904,0.5238841375917072,0
2023-03-23 00:00:00+00:00,-0.01265043993309467,0.009838839234662,-0.04723954184520063,0.017412488381315615,0.4880247367834014,0.7956903660617273,0
2023-03-24 00:00:00+00:00,-0.019797230948788158,-0.00890644966248788,-0.05140569498560177,0.020071765303093493,-0.23837385695568503,0.7689753909135089,1
2023-03-27 00:00:00+00:00,0.015544855383630374,0.016490602899976725,-0.020551621846936263,0.020678491865639515,0.13561614890822482,0.9369537173367734,1
2023-03-28 00:00:00+00:00,0.004670394758741203,-0.009560469533067106,-0.012280508410545732,0.014210591477251538,-0.10515618575152996,0.9502232193722464,0
2023-03-29 00:00:00+00:00,-0.005916364623230641,-0.018404628753739494,-0.0010503270790594987,0.014004881186281055,0.49518376606895576,1.269513418468753,1
2023-03-31 00:00:00+00:00,0.04311535426112534,0.0370361671597248,0.04723939928893928,0.023802913382987234,0.4981442044579192,1.6382042032585487,1
2023-04-03 00:00:00+00:00,0.00017159775268948962,0.058162813842527195,0.048738340006322156,0.019327415556872493,-0.6346253395444518,0.6134182844679444,0
2023-04-05 00:00:00+00:00,-0.0024019563673406408,0.03946285320441656,0.05660422234588758,0.020045561215704333,0.5799922335892311,0.9443368807799808,1
2023-04-06 00:00:00+00:00,0.006707086377895521,0.04157007691936654,0.031612177932424546,0.019983417544912847,0.13356254175139926,1.0022719957052086,0
2023-04-10 00:00:00+00:00,-0.0070895836223863196,0.04034081435059789,0.0211937278851122,0.020198325063606783,-0.2969148002125951,0.7524885215585326,1
2023-04-11 00:00:00+00:00,0.004946639742101633,0.002273623235801825,0.03939399668574595,0.005577319676474684,-0.1866341218484905,0.7695743495359472,1
2023-04-12 00:00:00+00:00,0.0044086654748329845,0.00651959585421058,0.06506160773673475,0.005837100218726715,0.7243838124777862,1.190029328822743,1
2023-04-13 00:00:00+00:00,0.0037711511140523513,0.012747909639501342,0.05271383173068456,0.0054975599521935046,-0.3190962780474069,0.8537152528281653,1
2023-04-17 00:00:00+00:00,0.0050732940895175105,0.011104313654900277,0.05313599774703759,0.005230690784525629,0.4484712972992537,1.2452661668130909,0
2023-04-18 00:00:00+00:00,-0.01144686166211828,0.006667193700171881,0.047276968074068115,0.0071724439740914695,-0.4196386855412809,0.7493064312482184,1
2023-04-19 00:00:00+00:00,0.00497799481617589,0.006698602456794767,0.008987455790789856,0.007176386736001465,0.179509428406462,0.8623152334705598,0
2023-04-20 00:00:00+00:00,-0.00253008298001578,-0.0002559655516296555,0.006261961510631853,0.007109281143255627,-0.4290671549825946,0.5840019049883398,1
2023-04-21 00:00:00+00:00,0.0012575589630161588,-0.0027594732039919467,0.00995325892045229,0.0068576310336194175,0.09133107760017012,0.69189987032414,1
2023-04-24 00:00:00+00:00,0.003831539465481315,-0.0039915505487062575,0.007068439676931826,0.0066222570891327276,0.6915979813573832,1.2866735479238423,1
2023-04-25 00:00:00+00:00,0.007654732250663265,0.015254100693781636,0.022022996438000986,0.0038691413516318,-0.2860240259377841,0.9405340490473058,0
2023-04-26 00:00:00+00:00,-0.005870970668379716,0.004294202314618412,0.011021569925588004,0.005290433561091731,-0.06694278531929942,0.9481651726304486,1
2023-04-27 00:00:00+00:00,0.006329090445731156,0.013213986617846896,0.01295463874084346,0.0053508050407936394,0.06373886988308208,0.9628404934415146,1
2023-04-28 00:00:00+00:00,0.018278885360948793,0.030438571663711222,0.027595104036845397,0.008649127994178548,0.6979380121902996,1.4017033929013367,1
2023-05-02 00:00:00+00:00,0.008489976153674306,0.035220482431053135,0.031088347546373463,0.008601906263775274,-0.16597302574138095,1.1680986933150495,0
2023-05-03 00:00:00+00:00,-0.008582368382252126,0.018539194076515164,0.034076093503521365,0.011009720211316602,-0.45601771094235355,0.661300180548897,1
2023-05-04 00:00:00+00:00,0.011528398509188742,0.03636579297532716,0.040816157362313144,0.009911887071749647,0.22279658991270312,0.8083721882910612,0
2023-05-05 00:00:00+00:00,-0.0025531011664660097,0.027218487545195735,0.04079213889322286,0.010859605397615135,0.012895077642954167,0.8252942662302757,1
2023-05-08 00:00:00+00:00,0.012347636111262217,0.021235167090351004,0.05232010690933264,0.009320353819503338,0.04655496973961837,0.9826024135153493,1
2023-05-09 00:00:00+00:00,0.0030947864077177645,0.01577179350015423,0.05154776610708578,0.009013455135955816,-0.29376502521034475,0.806835636781042,1
2023-05-10 00:00:00+00:00,0.006876453797713511,0.0316103614561436,0.050735586158522805,0.006182327110913973,0.6817825548851992,1.2390718748769163,0
2023-05-11 00:00:00+00:00,-0.006528882951989612,0.013194587185706874,0.05004021178702445,0.00747377100985623,-0.028917184153609332,1.1527255376507448,1
2023-05-12 00:00:00+00:00,0.0016326801700012883,0.017446453624122116,0.04513980724999378,0.006962569277869804,-0.34121678067335615,0.7903085492830315,1
2023-05-15 00:00:00+00:00,0.0019723175427717177,0.007018878445222976,0.02840309259214502,0.004901843300365219,-0.017540189618309165,0.8196696200320894,0
2023-05-16 00:00:00+00:00,-0.014241058153583563,-0.010384783684795007,0.005223223151539003,0.00833823638673103,0.27569024414550825,0.9920365354829072,0
2023-05-17 00:00:00+00:00,-0.005909289948725527,-0.022951336925422394,0.007933524474606823,0.006716125925707615,0.009376603505540482,1.0509306127597,0
2023-05-18 00:00:00+00:00,-0.002152160485345722,-0.018646963339414735,-0.005698415137238455,0.006689460707529441,0.19622348850723048,1.2581194815417902,1
2023-05-19 00:00:00+00:00,0.003245418178895676,-0.01706687777142213,8.181936115225774e-05,0.007042799916501619,-0.23515051164639578,0.9377227768741841,1
2023-05-22 00:00:00+00:00,0.005344197194363742,-0.013759069625737697,-0.006836764417737173,0.00780774830749581,-0.07646047480344875,0.8540552226338178,0
2023-05-23 00:00:00+00:00,-0.0001833676690409236,0.00030549439071414497,-0.010082461787245367,0.004434369513569456,-0.18061721291432598,0.7447131104104371,0
2023-05-24 00:00:00+00:00,-0.00582591405913313,0.0003893915236576895,-0.02257088245782013,0.004406336614421022,0.3316166653042316,1.0086061549108878,0
2023-05-25 00:00:00+00:00,-0.0001228044882526369,0.00242391635873096,-0.01626824566016294,0.004238964265171633,0.4161123406638896,1.3949197843560406,1
2023-05-26 00:00:00+00:00,0.02727519215247587,0.026434013688192204,0.008915989836145721,0.012905145141096266,0.09909562814250128,1.3798190850293979,1
2023-05-29 00:00:00+00:00,0.005625283984419305,0.026720997034708427,0.012594271350301112,0.0129060118388853,-0.20718375829422175,1.0356476475734975,0
2023-05-30 00:00:00+00:00,-0.00025794219487607073,0.02664441576065979,0.026958049870932754,0.012914051073713595,0.13308287140929975,1.0584804528101726,0
2023-05-31 00:00:00+00:00,-0.019861457648577163,0.012150462787995808,0.012544585598871727,0.01686781456565651,1.38994202691046,1.8675838814593342,0
2023-06-01 00:00:00+00:00,-0.0026925031552077483,0.0095492216489248,0.011996284522223677,0.01700748124068989,-0.4616817434988666,0.9641089028288397,0
2023-06-02 00:00:00+00:00,-0.0032680424436434263,-0.020466979412588016,0.005426009861655867,0.009492614149832636,0.08277787265022796,1.0018914559274943,1
2023-06-05 00:00:00+00:00,0.00898098342027187,-0.017198347988007567,0.009063092041111442,0.010424213057893157,-0.30960522874890417,0.6839089041641844,1
2023-06-06 00:00:00+00:00,0.0008477647290612289,-0.016111377020843864,0.010103760511995796,0.010519352416914454,-0.313087593899978,0.49360920679369025,1
2023-06-07 00:00:00+00:00,0.007582688653418268,0.01143777256073375,0.023727209578606523,0.005713559053411166,0.3762337840331955,0.8723495408530356,1
2023-06-08 00:00:00+00:00,0.0006004048940495554,0.014777335928225943,0.02446766963330993,0.005158454216441489,0.17052667406542232,1.0666107650211873,0
2023-06-09 00:00:00+00:00,-0.007080999802117516,0.010895346712462839,-0.009794627536982126,0.006431918818960517,-0.5131335488727672,0.6297345267242892,1
2023-06-12 00:00:00+00:00,0.0008864063587543658,0.002785411619974365,-0.014460840846363343,0.005193595890059663,0.08762113711409425,0.7583135508868586,1
2023-06-13 00:00:00+00:00,0.014773641870180265,0.016738249337413524,0.00035719607082573823,0.008228768757794736,0.7597106619259262,1.2252565360883614,1
2023-06-14 00:00:00+00:00,0.012297443557928611,0.02149584561377793,0.03317948276764282,0.009062601071540279,0.18041972913267545,1.358564035331927,1
2023-06-15 00:00:00+00:00,0.0002741840599138623,0.021162812341761983,0.03625287825714829,0.009096961636567154,-0.11025413146268315,1.2151830864779385,1
2023-06-16 00:00:00+00:00,0.009735586175539712,0.0384577500229919,0.04977210725573644,0.006648825956276875,1.0460990626481887,1.806479683146973,0
2023-06-19 00:00:00+00:00,-0.009932562706398973,0.02723265774319894,0.030093923524494137,0.010193064640575598,-0.718737696035497,0.5050254555024517,1
2023-06-20 00:00:00+00:00,0.0020769376904099524,0.014380068120228406,0.03135901462332735,0.008764755010676736,0.018024715255626322,0.5494494205758738,1
2023-06-21 00:00:00+00:00,0.0028157961805266307,0.004878913915218552,0.026479635909281152,0.0070854592616298815,0.00585268575959641,0.6142627810386013,0
2023-06-22 00:00:00+00:00,-0.011231302661280362,-0.0066795379419843925,0.014341916591781745,0.008989984807248134,0.09445568786384406,0.7260220965856875,0
2023-06-23 00:00:00+00:00,-0.008183700144913875,-0.024307513038910877,0.013215424723949987,0.0067897998796624896,-0.13001370491205988,0.9488637074494197,0
2023-06-26 00:00:00+00:00,-0.007634923028369323,-0.022043233165485954,0.004589128753363703,0.006431588146363741,0.9070718118689249,1.5502409594287632,1
2023-06-27 00:00:00+00:00,0.000360688484004168,-0.02371817194698045,-0.009679172755036825,0.006030707314097458,-0.23349860562627212,1.1127094638847197,1
2023-06-28 00:00:00+00:00,0.013238786119351476,-0.013570968731782762,-0.008758266404752524,0.009882051705137973,0.1717886207557775,1.1843777712876145,1
2023-06-30 00:00:00+00:00,0.00820311069037949,0.005817458093765104,-0.0009009377802825513,0.00949723665434103,-0.017830799102977357,1.0834166783963768,1
2023-07-03 00:00:00+00:00,0.02566414744105394,0.0401431250805222,0.01485983250529399,0.012671942231980855,0.08992754822085347,1.066350657678069,0
2023-07-04 00:00:00+00:00,-0.010303099128668891,0.03734648794401596,0.014480017436867998,0.013520926022876458,-0.3367297750186825,0.7690784599135255,0
2023-07-05 00:00:00+00:00,-0.0016417098728612745,0.03527005598615185,0.010715342786712156,0.013809340289273874,0.271212580363581,0.9673521931510483,1
2023-07-06 00:00:00+00:00,0.020990398838598212,0.04319021522578481,0.02903311343365389,0.015058908418993096,0.8655221836089595,1.5739208854191071,0
2023-07-07 00:00:00+00:00,-0.0019516339465593946,0.03268307620682531,0.03869066672679877,0.015789906416176978,-0.30038308949577175,1.0622483196798036,1
2023-07-10 00:00:00+00:00,0.038521347213656076,0.04562826167099732,0.08760304776698513,0.02013080846069466,1.4851852303210098,1.9775606468000448,1
2023-07-11 00:00:00+00:00,0.010840813397397397,0.06796709336794393,0.10785191354501555,0.017008525668991293,-0.3962292918270557,1.0447270128644586,1
2023-07-12 00:00:00+00:00,0.001103182200884456,0.0709033682890785,0.1086741900443926,0.016438339014025846,-0.06654491217153646,0.8960431726146284,0
2023-07-13 00:00:00+00:00,-0.008942288628485784,0.03950736704664948,0.08440391395818314,0.018528548096816345,-0.21623447628315295,0.7334030293282612,0
2023-07-14 00:00:00+00:00,-0.0008385441531829629,0.040666694670194126,0.074678883558005,0.01838651848618954,0.030049171371334893,0.7424694583795781,1
2023-07-17 00:00:00+00:00,0.02043288886231709,0.022540869703117528,0.06919763207522034,0.011344542358133607,0.46917670183515847,1.2231623013117616,1
2023-07-18 00:00:00+00:00,0.00849199825610758,0.02016486801668549,0.08950250885187172,0.01106245403764055,0.16414340388226134,1.338496180817319,1
2023-07-19 00:00:00+00:00,0.0075875761091546146,0.026772729197443557,0.099574374164912,0.011010676203194673,0.512416693608648,1.6716500200095565,0
2023-07-20 00:00:00+00:00,-0.0012111354780525163,0.03478249202863948,0.07566402375466175,0.008829235635873333,-0.010340227670479152,1.372466269837458,0
2023-07-21 00:00:00+00:00,-0.03095590279348115,0.00359142151169789,0.04440416742394038,0.0193852167652936,-0.21872173767687808,0.9684319659342066,0
2023-07-24 00:00:00+00:00,-0.02022660635617568,-0.036397019717170465,-0.014676570493079466,0.017569813440828717,-0.21558797613348146,0.752385668679278,0
2023-07-25 00:00:00+00:00,-0.0006431387250717124,-0.04512554233864663,-0.02587062492740133,0.015919400290293786,-0.4931689179296612,0.418026182230025,1
2023-07-26 00:00:00+00:00,0.016252225124661956,-0.03691419453555278,-0.011129759071951462,0.018457912095549613,0.07358976619031066,0.5487893745702691,0
2023-07-27 00:00:00+00:00,-0.009302497570046198,-0.04471631994411163,-0.0114891729574782,0.018136281230552886,0.3342794507510334,0.8959180738580365,1
2023-07-28 00:00:00+00:00,0.010049170137789831,-0.004293518666372953,-0.0007175169899742428,0.014647437004536771,0.20903090039773842,1.2008727249446398,1
2023-07-31 00:00:00+00:00,0.008465693106626926,0.02486537534403488,-0.012436669929807187,0.010006470326555583,-0.5894356268711722,0.5976251526425607,0
2023-08-01 00:00:00+00:00,-0.014141424556424864,0.011022546709824832,-0.034600394027055614,0.01320664730837051,0.11524242168385301,0.6905242028912973,0
2023-08-02 00:00:00+00:00,-0.010683545285515628,-0.015774611047294163,-0.052106498521924505,0.011451611107706991,0.3367627061629306,0.9252483315253989,0
2023-08-03 00:00:00+00:00,-0.004202903559615279,-0.010708332101292628,-0.054945814841095064,0.010981023750146961,-0.20237062226912728,0.8222533228710428,1
2023-08-04 00:00:00+00:00,0.013591019307665375,-0.007239271409689052,-0.011501708129133537,0.01202546023213878,1.2506709544813073,1.7910171516722966,1
2023-08-07 00:00:00+00:00,0.005698244191497004,-0.009963622490842039,0.014654003640171887,0.011510865679926227,-0.7385750259660984,0.4878266862764808,0
2023-08-08 00:00:00+00:00,-0.006022779354970864,-0.0018105726663141253,0.009192016921724777,0.009807361328596005,0.645376215762669,0.7986543243618812,1
2023-08-09 00:00:00+00:00,0.006597425508154009,0.015625387544497826,-0.0003957079137740793,0.008148568327407122,0.1668531071288386,0.9513884361065347,1
2023-08-10 00:00:00+00:00,0.004454917560244409,0.02445560301869487,0.013485392198540724,0.007045404641519582,0.3468403927851147,1.177909257926665,1
2023-08-11 00:00:00+00:00,0.0042184950877490746,0.014982615621785822,0.007634880991183479,0.005129168499971831,0.4336440000573991,1.7070620442360702,1
2023-08-14 00:00:00+00:00,0.011817177737040163,0.021158037733479018,0.010983604542013525,0.006487270946916689,-0.568255127634604,0.6983893757078661,0
2023-08-16 00:00:00+00:00,-0.0008148089047175233,0.026508422807800303,0.02464985471572323,0.004566764082416194,0.06550880489299504,0.7402631613543543,0
2023-08-17 00:00:00+00:00,-0.014426246653131969,0.005068891963565081,0.02077348290941483,0.009753930794948554,0.34015425881829,0.9615502646345009,1
2023-08-18 00:00:00+00:00,0.007407333052590781,0.00802311212380502,0.0326749251875742,0.010094999772976312,0.3631948938052372,1.2548459731298922,0
2023-08-21 00:00:00+00:00,-0.010911393434105632,-0.007164098018698439,0.007711180676196472,0.011322036254532718,-0.5052705534309108,0.752005010503896,0
2023-08-22 00:00:00+00:00,-0.00023817848387208684,-0.01899330069547467,0.001762876065205976,0.008813217789666612,-0.16360264097493038,0.6486823640006874,1
2023-08-23 00:00:00+00:00,0.0011114445035877996,-0.017102092223865606,0.00895298109236653,0.00901591912065237,0.2340072220513716,0.8098115278809356,0
2023-08-24 00:00:00+00:00,-0.01681068729047741,-0.01948005907383954,-0.014509909425163614,0.009775276120289965,0.4856158131497197,1.1935983376760892,0
2023-08-25 00:00:00+00:00,-0.004617276832838524,-0.031183735816785907,-0.02341081430187797,0.007520738224170771,0.5715960797792365,1.768872298697566,0
2023-08-28 00:00:00+00:00,-0.00996622745350928,-0.030257941941216226,-0.0372052690980037,0.0073863184450473135,-0.4338673590611275,0.9505833100438082,0
2023-08-29 00:00:00+00:00,-0.009575415175128499,-0.03931481021793215,-0.05756139290115203,0.006678948406777789,0.34145754817688445,1.1200642035910717,0
2023-08-30 00:00:00+00:00,-0.0009503166529007956,-0.04129331462798669,-0.05768920477685546,0.0060079077898937076,-0.2789475206089552,0.7801723056874449,0
2023-08-31 00:00:00+00:00,-0.004569875136463009,-0.0293573138042027,-0.048265490670887146,0.0038062593959795497,0.7781819395040457,1.265601477532085,1
2023-09-01 00:00:00+00:00,0.0023472832427229307,-0.02256585646565712,-0.053045904575938496,0.005364715685325477,-0.16293836015269014,1.1128851536003812,0
2023-09-04 00:00:00+00:00,-0.0008082094302959142,-0.013524387627712797,-0.043373109433299195,0.0045519902011072885,-0.4839227328323187,0.5980975692541901,1
2023-09-05 00:00:00+00:00,0.005351300938299719,0.0013428134134498837,-0.03802478925899011,0.0037486912073135554,-0.07186316611297883,0.6202025652276417,1
2023-09-06 00:00:00+00:00,0.0021042534900539422,0.004404394745889384,-0.037070791940085224,0.0037481767682258334,-0.05480783727199423,0.6214726011004661,1
2023-09-07 00:00:00+00:00,0.0013586874239948088,0.010386406081005495,-0.019275824705815126,0.0022155726151870223,0.6648726825740789,1.17716331254708,1
2023-09-08 00:00:00+00:00,0.0066611938917335856,0.01473491557434925,-0.008163446881192193,0.00303766098327728,0.692669190830856,1.83448594357846,1
2023-09-11 00:00:00+00:00,0.010783500111595234,0.026506942240668074,0.012624064451266959,0.003796688434158913,-0.4257255351181741,0.9917229593906247,0
2023-09-12 00:00:00+00:00,-0.014446721019500397,0.006292309839687871,0.007643572651192088,0.009582384352585356,0.22489453378076263,1.091145843471859,1
2023-09-13 00:00:00+00:00,0.005002288788143572,0.009202456786928881,0.013647382785139994,0.009730288607755839,-0.21237690292111067,0.8093958956979914,1
2023-09-14 00:00:00+00:00,0.000917945518408736,0.008758262494201752,0.019235635446036126,0.009738092212739038,-0.2806847714244519,0.6168626340108337,1
2023-09-15 00:00:00+00:00,0.001854738893186214,0.003941794726782799,0.018734792313642723,0.009366374631451922,1.7654287313852577,1.6536262984411059,0
2023-09-18 00:00:00+00:00,-0.008706807079717716,-0.015416588130933717,0.010681707498599424,0.008162748021286878,-0.7048796415600831,0.527433503226198,0
2023-09-20 00:00:00+00:00,-0.02228666489094655,-0.023248816839862907,-0.017102795759137757,0.01111294018145437,6.594412676449849,2.5464851590050834,0
2023-09-21 00:00:00+00:00,-0.007283198175796257,-0.035188952759549585,-0.026310320789767583,0.00971757398836068,-0.7858132713349125,0.5482465277892996,0
2023-09-22 00:00:00+00:00,-0.004165243476492386,-0.04008877189002935,-0.031681617383110594,0.00890048392257603,0.5685015976369401,0.7893647162045554,0
2023-09-25 00:00:00+00:00,-0.006157299460201049,-0.04776537936304559,-0.04401186595675888,0.007218618021363132,-0.25665937973130637,0.6464446082570935,1
2023-09-26 00:00:00+00:00,0.0008758402974859969,-0.03856030395740506,-0.05338242376402391,0.008679150503068916,-0.292328018944244,0.4470443992218281,1
2023-09-27 00:00:00+00:00,0.011269995038036829,-0.005562180925025806,-0.028681683639332656,0.007584924780351885,0.16207685693445795,0.8687604800895565,0
2023-09-28 00:00:00+00:00,-0.014690311535374367,-0.012982135580174692,-0.04771426058407535,0.009562095624906765,0.2384731673669842,1.0405838678854946,1
2023-09-29 00:00:00+00:00,0.0046699300356434215,-0.004225186664101099,-0.04414457600976052,0.010000682036029038,-0.14990219960317797,0.9806798813408883,0
2023-10-03 00:00:00+00:00,-0.011450008488806951,-0.00952818515887166,-0.05683844714316244,0.010944252080733696,-0.2822033745870002,0.769951303299692,0
2023-10-04 00:00:00+00:00,-0.0017254220143927412,-0.012102407554087646,-0.05019603899759073,0.01084275150926887,0.1611153603724822,0.8909266432675115,0
2023-10-05 00:00:00+00:00,-2.1591993340730475e-05,-0.023133024202386276,-0.028566535061455345,0.008122256023030577,0.06487176351344393,0.9615327624807837,1
2023-10-06 00:00:00+00:00,0.0016852566424891968,-0.006897771519745466,-0.019790359294849735,0.006110778075485391,-0.5041826118377364,0.5672425838113355,0
2023-10-09 00:00:00+00:00,-0.008520234993129483,-0.019936065881389187,-0.024077018945793505,0.005684595949506788,0.3951098742668513,0.8788448602858913,1
2023-10-10 00:00:00+00:00,0.004416391838463873,-0.004205868260048429,-0.01369397912738457,0.004859169501151643,0.3509564229488715,1.150529525174937,1
2023-10-11 00:00:00+00:00,0.015876828544495902,0.013352645397914698,0.0010886386872961396,0.008816241392333161,-0.04121851123560383,1.1149432960335852,1
2023-10-12 00:00:00+00:00,0.0018548678661176599,0.015254202018877727,-0.008231698007999277,0.008711414403525531,0.2792234615479454,1.376207059362494,0
2023-10-13 00:00:00+00:00,-4.236454900241604e-05,0.013503178269124394,0.006512264910888188,0.008813368180139482,-0.1914965609803695,1.0083403742771417,0
2023-10-16 00:00:00+00:00,-0.0022347817562976546,0.019928248207235377,-0.00040510854331399226,0.007089497757416031,-0.41587670768082496,0.6089312552111628,1
2023-10-17 00:00:00+00:00,0.004778006386548128,0.020295447404252265,0.01600421916614292,0.007096977178277944,0.337178590246374,0.8547700216275194,0
2023-10-18 00:00:00+00:00,-0.01326814334190296,-0.008976292333155556,0.004256495816246542,0.006917790871952454,0.12488868819830024,0.9804596284343055,0
2023-10-19 00:00:00+00:00,-0.007680785197407336,-0.018408854430864596,-0.003435464796411325,0.006978488953679689,0.34919536414930175,1.338187508774777,0
2023-10-20 00:00:00+00:00,-0.003057041684223716,-0.02136816018320098,-0.008153519990313662,0.006709644135437715,-0.25923369897468174,1.0193304862762411,0
2023-10-23 00:00:00+00:00,-0.015614787851977008,-0.03449158816280462,-0.015250696885539372,0.008188880700216002,-0.11885032185566935,0.8603059654522062,0
2023-10-25 00:00:00+00:00,-0.0023198008058678,-0.04131199277588038,-0.021854990748175873,0.0059536663585087555,0.47959564866751325,1.1776410299731825,0
2023-10-26 00:00:00+00:00,-0.013928503963173133,-0.04195358532585536,-0.050553290012702035,0.006094640980132594,0.30995118361322493,1.3678737463933501,1
2023-10-27 00:00:00+00:00,0.017650994157931477,-0.01749671698482791,-0.03558347689970076,0.013270877480692568,-0.2267329473529177,1.0627255488196616,1
2023-10-30 00:00:00+00:00,0.020610781036239034,0.0058283020954614795,-0.015664398180511463,0.01711271135768683,0.4283564708229082,1.3284518279665998,0
2023-10-31 00:00:00+00:00,-0.010637811260923336,0.010913693314641648,-0.02395432546330667,0.015992408294696808,-0.23819625220599117,0.9385389669694822,1
2023-11-01 00:00:00+00:00,0.004152278205017401,0.01747161969385913,-0.024562160508596942,0.015788137979673388,-0.19512511986239067,0.7702098856099892,1
2023-11-02 00:00:00+00:00,0.009924312025568982,0.04208399660148521,-0.0016351632666437022,0.012424482464761898,0.024532868246680772,0.8481693790902369,0
2023-11-03 00:00:00+00:00,-0.000215530585153334,0.02378851060821585,0.005875572785785321,0.011620401978490779,-0.1620839938709181,0.7456757634473049,1
2023-11-06 00:00:00+00:00,0.008320040718178934,0.011459502372849872,0.017354593910003935,0.008238877930570829,0.203063991188404,1.0011156662803857,0
2023-11-07 00:00:00+00:00,-0.006498536145340128,0.01569122781803589,0.026776170380813813,0.006671681242352988,-0.3462942356111932,0.7353007856205075,1
2023-11-08 00:00:00+00:00,0.005206945183105383,0.016758014222014506,0.034522423567185045,0.006728256994092611,0.13279639504819118,0.877922679143463,0
2023-11-09 00:00:00+00:00,-0.010852283513901329,-0.00415916716619924,0.03774979505839848,0.007954897010085497,0.8407788756006409,1.4853527632602153,1
2023-11-10 00:00:00+00:00,0.001882563903971235,-0.0020693485829632596,0.02166993530453465,0.008048737887298653,-0.4670551296334957,0.8101028798024724,0
2023-11-13 00:00:00+00:00,-0.00012951000308103477,-0.010431837986072279,0.0009081207146230952,0.006501582439804529,-0.5016376309413088,0.47069493284079406,1
2023-11-15 00:00:00+00:00,0.01808091106071652,0.014050298457537469,0.029961992709581997,0.01042953828018319,2.170233552367043,1.3223372072801474,1
2023-11-16 00:00:00+00:00,0.0018035711461106274,0.010616983084503984,0.027552916860043464,0.010346989370363635,0.07481289044574391,1.2762517107817162,0
2023-11-17 00:00:00+00:00,-0.0021815722563343076,0.01947589051184817,0.015235719861299568,0.008105328262791136,-0.40931197853658685,0.867779352681897,0
2023-11-20 00:00:00+00:00,-0.0026319755563535274,0.014882074527436506,0.01278192974463832,0.008620126257451698,-0.4212659084060416,0.5415188063982344,1
2023-11-21 00:00:00+00:00,0.012577733941074642,0.02778009904620249,0.01705846356764318,0.009316227582205752,0.8294231018492331,0.8964055125984454,1
2023-11-22 00:00:00+00:00,0.003909509093208197,0.013473687090580722,0.027713294873064287,0.006166354928380642,0.03900005478151303,1.012842097098535,1
2023-11-23 00:00:00+00:00,0.003056709503513222,0.014741423389482922,0.025514915916754477,0.006146476909518204,-0.0003833709791449813,1.1366409566671407,0
2023-11-24 00:00:00+00:00,-0.0006679842997616703,0.016280681790383333,0.036073653078239065,0.005861466628256961,-0.20887853567385595,0.9240686827812057,1
2023-11-28 00:00:00+00:00,0.00020889514583055657,0.01917542269177175,0.034342867288802204,0.005255248889484959,1.0434406412577193,1.5049576336638015,1
2023-11-29 00:00:00+00:00,0.002631091562205201,0.009163970621428152,0.03719864567915043,0.0019582390512210214,-0.09141909027539818,1.2496485293518727,0
2023-11-30 00:00:00+00:00,-0.009684683796282623,-0.00450137426223951,0.00891166272005428,0.005161829112610083,1.2695147656597006,2.0301370734475452,1
2023-12-01 00:00:00+00:00,0.0070875098824880745,-0.0005009461709116758,0.014233092558970428,0.006152280581660656,-0.4956803773166679,0.9454019015449736,1
2023-12-04 00:00:00+00:00,0.010817226677729552,0.010986184557093992,0.02744572892234154,0.007802878874685955,0.08702236279253439,0.9203947904074765,1
2023-12-05 00:00:00+00:00,0.007251526212086912,0.01810470024463884,0.03762728821630934,0.007984425913237345,-0.1858359219010467,0.759199426268906,1
2023-12-06 00:00:00+00:00,0.009578651411440653,0.02515948180613692,0.03455401317968687,0.008364667900449171,0.2937551955217832,0.9385337838265687,0
2023-12-07 00:00:00+00:00,-0.0016456691443665905,0.033481348548925816,0.028829262206063078,0.004881316013016929,-0.5042091791220819,0.6058828972987466,0
2023-12-08 00:00:00+00:00,-0.0005290697245343701,0.025665152948888714,0.025151349917881483,0.00580009467862924,0.25334975171012486,0.8092180159224042,1
2023-12-11 00:00:00+00:00,0.0014658854080775718,0.016176449531022596,0.02734035154814274,0.004936920559681834,-0.3075736014504413,0.6479224688338506,0
2023-12-12 00:00:00+00:00,-0.014353366122130118,-0.005619876623227271,0.012383077439736212,0.008615287860182603,0.30157718402895606,0.9011011646769029,1
2023-12-13 00:00:00+00:00,0.004083964345374502,-0.011031844868626406,0.013850081437250195,0.007136708413787042,0.09068682775180581,1.1235282002813798,1
2023-12-14 00:00:00+00:00,0.012407849218113665,0.0028895472649013154,0.03646764175295192,0.009710688597818496,0.6919595317879788,1.5870410459425894,1
2023-12-15 00:00:00+00:00,0.012763130826342728,0.01622721281256201,0.042308839660219366,0.01104672079300029,-0.061288021685147465,1.3456448129569865,1
2023-12-18 00:00:00+00:00,0.01017783807366901,0.025067577226874027,0.04164953115577208,0.011372588508878076,-0.11090554496341742,1.0682967812000361,1
2023-12-19 00:00:00+00:00,0.014716373130952753,0.05529996088503886,0.04936930530436823,0.004100756367698564,0.1874606958975764,1.1377345258779992,0
2023-12-20 00:00:00+00:00,-0.012098820409707334,0.0382917297754195,0.02683745648415914,0.011125473574828916,0.05446403708214054,1.0864491929265578,1
2023-12-21 00:00:00+00:00,0.014007988893171008,0.039932779666904006,0.04293771458607187,0.011319904943875178,-0.2239008989372444,0.8776736123331614,1
2023-12-22 00:00:00+00:00,0.0009754992976829246,0.027828918410337078,0.04450771700428713,0.011284764169660321,0.20168822619290294,1.0465542141648123,1
2023-12-26 00:00:00+00:00,0.005068092726569828,0.022629889253771518,0.04826474297715011,0.010989040961866344,-0.5486784254950978,0.5160818793492535,1
2023-12-27 00:00:00+00:00,0.0034134539336505565,0.011238821450936909,0.06716028872260638,0.009421463162828969,0.23286502044560264,0.7111434380745492,1
2023-12-28 00:00:00+00:00,0.007228865364962589,0.03102309399554204,0.07050275170303633,0.00495847697694561,0.3366392312342381,1.0376770838257026,0
2023-12-29 00:00:00+00:00,-0.007906180883842429,0.00874120334643358,0.04902304356059428,0.005865924646602102,-0.11688974622999493,0.9635341098991351,1
2024-01-01 00:00:00+00:00,0.0020503841410979273,0.009824427292639992,0.0379267488885322,0.0058498463426006125,-0.6290203103956857,0.45939848972749353,1
2024-01-02 00:00:00+00:00,0.008281051395303107,0.013052590808175113,0.035977858746410574,0.006423461837938283,0.8480898341165204,0.8493361887181045,0
2024-01-03 00:00:00+00:00,-0.01087416458432322,-0.001372279517581343,0.009851119128876595,0.008739190918335424,0.21328750939748686,1.0344194830081868,1
2024-01-04 00:00:00+00:00,0.005167684974155318,-0.0034158586344577024,0.027501264857592078,0.00833796617078064,0.06365031353678696,1.1724547727902639,1
2024-01-05 00:00:00+00:00,0.004255555227943297,0.008800922789778953,0.017619056791954302,0.007417367547906841,-0.15878573290676223,1.0579853077475805,0
2024-01-08 00:00:00+00:00,-0.007803701003770147,-0.0011195466244537933,0.008693881763773614,0.008549066703476528,-0.04349942360054637,0.9225453559684822,0
2024-01-09 00:00:00+00:00,-0.0026476237109964718,-0.011946329424614377,0.0009503308339215977,0.007117533415008467,-0.30144575347410585,0.6775108549470505,1
2024-01-10 00:00:00+00:00,0.026971578980900857,0.02585839117451938,0.02445062671637177,0.013281335311629908,1.0548931959843602,1.3236567305640368,1
2024-01-11 00:00:00+00:00,0.026300928112418243,0.047426648023799034,0.0438487866641859,0.016294005481562426,1.1369366480706566,2.116387064435976,1
2024-01-12 00:00:00+00:00,0.007960093304081095,0.05129043735447869,0.06054276332326847,0.016083594486210093,-0.3672655464596172,1.1918486698361512,1
2024-01-15 00:00:00+00:00,0.017071200015404298,0.07764686057239767,0.07644038466729053,0.012611823265899864,-0.4264255306563397,0.6742362909733552,0
2024-01-16 00:00:00+00:00,-0.013987245446180352,0.06539431267305984,0.052666761246756844,0.016899060878418054,0.053240229419712515,0.6715768487893743,0
2024-01-17 00:00:00+00:00,-0.009493483265794578,0.027564960114491166,0.054136136810361224,0.017154852850536036,0.3449497983465475,0.8888274543286561,1
2024-01-18 00:00:00+00:00,0.004682031596702885,0.005919436927887212,0.05362682400336438,0.01279365647351065,-0.1572422672340671,0.9316384344848905,0
2024-01-19 00:00:00+00:00,-0.00036549096601035114,-0.0023892918568141353,0.04877859767336101,0.012230842298933627,0.013937143256275375,1.030336180870763,0
2024-01-23 00:00:00+00:00,-0.028428841187349563,-0.047018741913148476,0.026977260961629446,0.012874431904660411,0.9242050815220311,1.6167475773236566,1
2024-01-24 00:00:00+00:00,0.011516182193422653,-0.022369680889070875,0.041561781877532455,0.015454874567417997,0.09292789679797275,1.4637328660313813,1
2024-01-25 00:00:00+00:00,0.006845794401280747,-0.006242807446206644,0.021150069930027326,0.015836098974633357,-0.4612526556713388,0.792695368264792,1
2024-01-29 00:00:00+00:00,0.07019203894652937,0.05855484886768125,0.06482089753026288,0.036057240354559254,1.0233463450192364,1.3560474909058005,0
2024-01-30 00:00:00+00:00,-0.02791685691031598,0.029379553547538517,0.026920065362676437,0.040269357001525646,-0.41013185293803256,0.7678898119659714,1
2024-01-31 00:00:00+00:00,0.013497837338761087,0.07380086559603782,0.02331209983046234,0.035244689925780615,0.07352416755581714,0.8710987478220267,1
2024-02-01 00:00:00+00:00,1.75829651150039e-05,0.061594233589692404,0.037846709350613184,0.03588407172703025,-0.11770240576710489,0.8527123989005246,1
2024-02-02 00:00:00+00:00,0.02176429171589267,0.07732394196319081,0.07059841603632622,0.0359137760082883,0.4721743256344386,1.14100563783442,0
2024-02-05 00:00:00+00:00,-0.012811282343169972,-0.0062325245714327515,0.05195737976190418,0.019958826988591073,-0.5514874682153821,0.6203800176986153,0
2024-02-06 00:00:00+00:00,-0.007800399929322022,0.014332671739892833,0.04413331278429289,0.014472571392803503,0.026496545665109172,0.6855095035665952,1
2024-02-07 00:00:00+00:00,0.01005037783197582,0.010882372505496285,0.08548636661217834,0.013914827996152469,0.027473965471203288,0.7726415949592803,1
2024-02-08 00:00:00+00:00,0.005529933057381697,0.016454612068353747,0.07906235487741209,0.013912689512099815,0.5806514834291536,1.1945651468081124,1
2024-02-09 00:00:00+00:00,0.007326928757429574,0.002092274018165474,0.07957799885610806,0.010114289604355488,-0.14548412706298097,1.1538965259887004,0
2024-02-12 00:00:00+00:00,-0.005750481528604912,0.009259671515830847,0.0029694358141523214,0.00808826508525758,-0.4684608289469975,0.6384519931294211,1
2024-02-13 00:00:00+00:00,0.00877885887805574,0.026123997299390966,0.040831095717109855,0.006341910091162963,0.15599294621413362,0.7573511292860515,1
2024-02-14 00:00:00+00:00,0.011108508166305597,0.02719896638227648,0.038377328171709246,0.006558714057244539,-0.0774672695323263,0.7298998936491023,0
2024-02-15 00:00:00+00:00,-0.0072736239428021765,0.01411949446977312,0.03080643734222832,0.008658125441568945,0.4058639304243057,1.1352896788699598,0
2024-02-16 00:00:00+00:00,-0.006816982708672703,-0.00011979164116415753,0.001972231740063002,0.0091229351753906,-0.02391218275765372,1.1830159115581846,1
2024-02-19 00:00:00+00:00,0.009191609580065041,0.014906920359686104,0.024304625061360108,0.009211400750923741,-0.31099776012239777,0.8140082670518528,0
2024-02-20 00:00:00+00:00,-0.0020182885055629596,0.004044183196493023,0.030273830726787354,0.008772424379809324,0.057604443976874364,0.8735376474502922,0
2024-02-21 00:00:00+00:00,-0.0022603485111428734,-0.009231269116061314,0.017716616287861697,0.006637006395515196,0.787186392517818,1.3724397465308715,1
2024-02-22 00:00:00+00:00,0.009572819091167029,0.007581952922991686,0.021808500735131187,0.007416473943674521,0.45387605882003346,1.6864963152057817,1
2024-02-23 00:00:00+00:00,0.008014135914039766,0.022628089642747762,0.02250558734558883,0.006088600870451035,-0.21927131187394988,1.2133278547832864,0
2024-02-26 00:00:00+00:00,-0.0042179172012944965,0.009040027053581756,0.024081706376605005,0.006448093747515543,-0.47965077461889616,0.623150832422549,0
2024-02-27 00:00:00+00:00,-0.0011261194901780458,0.009942081907946099,0.014026472705029436,0.006326591614826153,0.4409545133530659,0.8458936756132672,0
2024-02-28 00:00:00+00:00,-0.020210073010410223,-0.008227169061896245,-0.01738249096628386,0.011944414497140598,-0.20119020391936338,0.7216317476546665,1
2024-02-29 00:00:00+00:00,0.003555257748054874,-0.01413863353057565,-0.0066638790614080845,0.010784917677830857,1.7323210703114613,1.8160863495405248,1
2024-03-01 00:00:00+00:00,0.02144362245205822,-0.0010042820590574486,0.021601082599231214,0.01499927637646931,-0.4865234109171722,0.9667823880290558,1
2024-03-04 00:00:00+00:00,0.010237163762348178,0.013497449027108255,0.022659493385049467,0.015397583783490997,-0.17378380120343595,0.7680333634915283,0
2024-03-05 00:00:00+00:00,-0.004776435281343527,0.00979369241210759,0.019833144012196158,0.015712408410302744,-0.2909646642898043,0.5774653837691824,1
2024-03-06 00:00:00+00:00,0.0018663316272466979,0.03254613509411941,0.02405120347649259,0.009931925389802209,0.09820492459692831,0.6429752018734337,0
2024-03-07 00:00:00+00:00,-0.016017884694153217,0.01240756033770829,-0.0019064991414907695,0.01427385593397467,0.06534347569640353,0.9161029590880232,0
2024-03-11 00:00:00+00:00,-0.008333791421095693,-0.017106431692626156,-0.01809353406924019,0.009989422519911183,0.3561209207710787,1.2662219838843474,1
2024-03-12 00:00:00+00:00,0.00601734494425421,-0.02121203473763822,-0.008000894068162512,0.008635182036817075,-0.16355686242864986,1.073386307224322,0
2024-03-13 00:00:00+00:00,-0.02931362809259952,-0.045344008573857564,-0.035994401434454315,0.01419342849341842,0.43354135485171863,1.3427245268953736,0
2024-03-14 00:00:00+00:00,-0.0004887972990873513,-0.04758815818656481,-0.016590833717665565,0.01376890879826288,0.3733854434514552,1.5192633948621674,0
2024-03-15 00:00:00+00:00,-0.009256151027145165,-0.041043369297139365,-0.02914505704044823,0.013308700747003141,0.03514686419793511,1.3344894853256275,1
2024-03-18 00:00:00+00:00,0.01498360710700597,-0.018495082650055172,-0.035285129474678656,0.016887165312326362,-0.5230192046137765,0.655714164839937,0
2024-03-19 00:00:00+00:00,-0.009882152638898467,-0.03400717609425197,-0.05449784943124991,0.01609931864294644,-0.09745771584419116,0.601766871658139,1
2024-03-20 00:00:00+00:00,0.012980193508722815,0.008082142706161699,-0.037628342615859234,0.011860290770714259,0.025742880053128525,0.6660093299612568,1
2024-03-21 00:00:00+00:00,0.005004316736916481,0.013622360917403764,-0.034614060335372954,0.011865049670766016,0.5322456420844108,1.11811222460022,1
2024-03-22 00:00:00+00:00,0.0027911957568160783,0.025947908133881148,-0.016160450739285404,0.00986862856723132,0.5013226789153111,1.669925344081821,0
2024-03-26 00:00:00+00:00,-0.009243840140111592,0.0014587453054770716,-0.01706331695956831,0.009796435497805393,-0.41539660157045344,0.9401220653472567,1
2024-03-27 00:00:00+00:00,0.03556868156979576,0.04743017741433175,0.011810034924569113,0.016644869770804465,0.4301662960434327,1.1871177429510849,0
2024-03-28 00:00:00+00:00,-0.004688970469844622,0.029160110852882726,0.037477929736285054,0.0175510599863267,0.338570498627887,1.330450264258063,0
2024-04-01 00:00:00+00:00,-0.0007234903435971995,0.02329463299198653,0.03723432180744557,0.01780806305211214,-0.7705776292551914,0.3381432472741994,1
2024-04-02 00:00:00+00:00,0.0014647869664152768,0.021941103960106734,0.04845833784390052,0.017854184709377885,0.7770999704819421,0.7013563711883447,0
2024-04-03 00:00:00+00:00,-0.010322995184838035,0.020827981536615692,0.022317109562381976,0.01806674952632513,-0.21344989532181557,0.5927842419882644,0
2024-04-04 00:00:00+00:00,-0.005894968613175289,-0.02004545841645411,0.026433959348833636,0.004599994005747121,1.0675896495180281,1.2649299524796822,0
2024-04-05 00:00:00+00:00,-0.001931169813482736,-0.01733020740666713,0.011324552677133948,0.004666550728171784,-0.48639349213044447,0.8681108098960577,1
2024-04-08 00:00:00+00:00,0.017721463441693786,0.0008082144769994137,0.024121674528606363,0.01073574690586694,0.12292171047168488,0.9042905551761372,0
2024-04-09 00:00:00+00:00,-0.015023754329831385,-0.01566951673111794,0.005927780733386623,0.01262000850088721,-0.15384538066831177,0.7968797139758095,1
2024-04-10 00:00:00+00:00,0.010880334559275173,0.005419266490465091,0.0263601204094861,0.013134004813942992,0.29229175381331096,0.9826281318877185,0
2024-04-12 00:00:00+00:00,-0.008397672915144039,0.0028880780907669656,-0.01721527317495919,0.013511883720316946,0.7017345620042175,1.6348776030498795,0
2024-04-15 00:00:00+00:00,-0.0015848299073285554,0.0032360903243362493,-0.014150199198838309,0.013496223121916362,-0.17033939656145847,1.216717990757288,1
2024-04-16 00:00:00+00:00,0.0006315408544625978,-0.013610588984537042,-0.012813374782595588,0.009760976470868836,-0.2740552634144837,0.8667737375567293,0
2024-04-18 00:00:00+00:00,-0.0009721776435569485,0.0004611477830662736,-0.015215594910953811,0.006940752054464336,1.029182001976472,1.4406266638044682,1
2024-04-19 00:00:00+00:00,0.003960947091172118,-0.006386921262922507,-0.0010022672008348499,0.004526869022076625,-0.17173349962737483,1.084641572925818,1
2024-04-22 00:00:00+00:00,0.006614980634869205,0.008656174650027326,0.011569252449150857,0.0034762276432370675,-0.3424909181161111,0.7682176480572315,0
2024-04-23 00:00:00+00:00,-0.013869580294427974,-0.0037545836228382035,-0.0005306434702357921,0.007913827923278563,0.41111528273117415,1.0573074365455004,0
2024-04-24 00:00:00+00:00,-0.006270039561555585,-0.010625911953489386,-0.024091876017841685,0.00821385937455141,-0.283644016515909,0.7455713481948749,1
2024-04-25 00:00:00+00:00,0.006757736343455889,-0.0029706931193034247,-0.002510915264783198,0.009154480422426224,0.5238714849672783,1.1879941516797201,0
2024-04-26 00:00:00+00:00,-0.005085601612532464,-0.011954781803081516,-0.018265348815912352,0.008928474031963868,-0.40956524760589075,0.7744649055441954,1
2024-04-29 00:00:00+00:00,0.008588312701330425,-0.010017853235863239,-0.0014483948730638074,0.009453154280402842,-0.2300731858003231,0.6283562955267357,1
2024-04-30 00:00:00+00:00,0.0013481070184493404,0.0052592728457818705,0.0014849428432488487,0.006721612524112559,0.583099221934295,1.0518588104392028,0
2024-05-02 00:00:00+00:00,-0.00030682137111104346,0.011291676638158332,0.0005457803229045322,0.005514869832357467,0.26479994966125053,1.2384355814148449,0
2024-05-03 00:00:00+00:00,-0.022194843145757925,-0.017791290989177533,-0.020709131642755785,0.011530769457995627,0.18703081436700097,1.4385603385467571,0
2024-05-06 00:00:00+00:00,-0.010094175871205535,-0.022735902570404365,-0.034418881619160624,0.011910963717536428,-0.5707769183624875,0.6390177220538811,0
2024-05-07 00:00:00+00:00,-0.012715601928243725,-0.04337817121461107,-0.052961468297606173,0.009637771305721821,0.96335726557868,1.1145758378747412,1
2024-05-08 00:00:00+00:00,0.012183629674473062,-0.03302662870267237,-0.027941051908414116,0.0130884926413722,-0.3498177919681884,0.7480550967862153,0
2024-05-09 00:00:00+00:00,-0.017218323507283917,-0.04938461991828269,-0.03865057843913999,0.013231731490404587,0.1663957693832463,0.9238227666548543,1
2024-05-10 00:00:00+00:00,0.009540118371346828,-0.018532110813589853,-0.03599369162663901,0.013532316913982441,-0.04582504814883581,0.9935702734813836,0
2024-05-13 00:00:00+00:00,-0.0033572054262139828,-0.0118525661528881,-0.03431898993403115,0.013058731242111907,-0.1949983131996128,0.7840686701824042,1
2024-05-14 00:00:00+00:00,0.012386793022637343,0.01327177208498509,-0.03068210433144969,0.01288399699187189,-0.14997954265415736,0.7712994995775627,0
2024-05-15 00:00:00+00:00,-0.002675857466181375,-0.0016036896650999388,-0.03457735390464878,0.011821562491602279,-0.29795167146613244,0.597843272269106,1
2024-05-16 00:00:00+00:00,0.0064075643999983445,0.02239757112274443,-0.028093144332527742,0.0071495422831954255,1.9152233988713836,1.6022991821701005,1
2024-05-17 00:00:00+00:00,0.007261475160611042,0.02008990722537507,0.0011854880248498567,0.006809319434945379,-0.25797691019451496,1.1783836097052778,1
2024-05-21 00:00:00+00:00,0.00029596845080148704,0.023829026016553012,0.011694024756444765,0.005965657846612154,0.023785331456781522,1.1395093379559198,1
2024-05-22 00:00:00+00:00,0.01707719495666904,0.028572439973394648,0.042223418969618676,0.007611412314954316,-0.08003881129493151,0.9861028000259954,1
2024-05-23 00:00:00+00:00,0.01738959810499696,0.049266589163034835,0.04758389117805928,0.007395511124613784,0.4208152735701549,1.183924101053061,0
2024-05-24 00:00:00+00:00,-0.003903040541456737,0.038516895239998794,0.061777151263308294,0.009636310694977838,-0.5143312071389747,0.6559853530997253,0
2024-05-27 00:00:00+00:00,-0.009457833928654624,0.02127878438782549,0.041796180417420725,0.012320638188226882,-0.06564914804921251,0.6656998952676592,0
2024-05-28 00:00:00+00:00,-0.0068542458989745425,0.013978582797929073,0.03814070482764831,0.01327659321765175,0.17968776634821793,0.8420762439232858,0
2024-05-29 00:00:00+00:00,-0.010592588923482027,-0.013606902732808845,0.014576754829028982,0.011513654455913014,-0.055830812712064026,0.8479874155877911,0
2024-05-30 00:00:00+00:00,-0.01105314987607231,-0.04118309412310228,0.006054544461307154,0.002982188422590212,0.7886852893104623,1.567231277881934,1
2024-05-31 00:00:00+00:00,0.003895130132853142,-0.033676778792608664,0.003542991486614522,0.006203326950313007,1.3525528933528324,2.3498794074998512,1
2024-06-03 00:00:00+00:00,0.05587599101818186,0.03005962167464782,0.051978038270867666,0.028386076539114867,-0.3071110909128829,1.328748332733601,0
2024-06-04 00:00:00+00:00,-0.07485136521884417,-0.040464857448752056,-0.027051916011076815,0.04664933221630996,0.705183802520464,1.670154893543049,1
2024-06-05 00:00:00+00:00,0.016800465346588966,-0.013898856487279732,-0.027316638831768825,0.04776775149864451,-0.5242353816484404,0.7278334256553376,1
2024-06-06 00:00:00+00:00,0.007636822954586675,0.004737335718828284,-0.03664085654707516,0.04760013427366881,0.022378154113767756,0.7163637356267257,1
2024-06-07 00:00:00+00:00,0.02678811122708713,0.027649522600577736,-0.0069584030483718085,0.0489260156370795,0.039369676566425094,0.8276534301670261,1
2024-06-10 00:00:00+00:00,0.0009865332556624473,-0.02577258903496027,0.003512318363720457,0.04049497174530038,-0.5014865268551196,0.4633285565651003,0
2024-06-11 00:00:00+00:00,-0.01000739769798431,0.04251132580807693,0.00032625362054350404,0.014169124037872764,0.272720217558605,0.7859788745810247,1
2024-06-12 00:00:00+00:00,0.00456502362976674,0.02996649818380548,0.015651141638842736,0.01340014322471574,-0.1437939780730234,0.746543294650807,1
2024-06-13 00:00:00+00:00,0.0013155958971307058,0.023505189954217354,0.028353877648993553,0.013504166734298736,-0.0893280149402752,0.7800706427003959,1
2024-06-14 00:00:00+00:00,0.008394588131453107,0.005170475962032572,0.032962959754578414,0.0068672952322110506,-0.11144147362642631,0.8419410248135912,1
2024-06-18 00:00:00+00:00,0.002351819005252942,0.00654146835917957,-0.019399711251486984,0.0068911992242317276,-0.11782694724857745,0.7756378133670031,0
2024-06-19 00:00:00+00:00,-0.015107840803883277,0.001355765474979842,0.043924726670882874,0.009032658308262375,0.21247154624730058,1.0065945236591196,1
2024-06-20 00:00:00+00:00,0.010317741177562567,0.007090104963348942,0.03726906876466152,0.010023191557879061,0.8466661333867531,1.6317558151323972,0
2024-06-21 00:00:00+00:00,-0.01323197932615583,-0.007541364993388977,0.015786563744144555,0.011991674154455153,0.9343920382162443,2.1838757592085978,0
2024-06-24 00:00:00+00:00,-0.008750579054931151,-0.024415582113385015,-0.019371346331768624,0.010869868036994574,-0.715165753619785,0.6158261807055383,1
2024-06-25 00:00:00+00:00,0.008793163779908797,-0.018146250853402823,-0.011723485620018459,0.012237522565577101,-0.20645644377255057,0.48971330327105556,1
2024-06-26 00:00:00+00:00,0.04117525985885506,0.03796321543010417,0.03937045012188323,0.021432464826793615,2.124723329566329,1.2916076791196345,1
2024-06-27 00:00:00+00:00,0.010914688082664714,0.03857649668193952,0.045940113055881415,0.021452619130853612,0.2892655976988656,1.4556587817565914,1
2024-06-28 00:00:00+00:00,0.02276948849839311,0.07646815667219165,0.06835011739896601,0.018471680046792675,0.020234132860374565,1.5196071496117403,0
2024-07-01 00:00:00+00:00,-0.0033537574420059446,0.08232894860891271,0.055903257290458086,0.016822370781294418,-0.7332521886681841,0.41032196142701394,1
2024-07-02 00:00:00+00:00,0.0032207917995077384,0.0763503796382361,0.05681865564316535,0.017591149394601605,0.0032287690311596506,0.4085913773030978,0
2024-07-03 00:00:00+00:00,-0.008145973853613708,0.02536287477009469,0.06428894647902261,0.01221139720682283,0.16780651949880032,0.5527259278727973,1
2024-07-04 00:00:00+00:00,0.0010306165536020373,0.015337538194270639,0.05450570336747029,0.011824852427575288,-0.2444792157018748,0.5667638034643372,1
2024-07-05 00:00:00+00:00,0.022264704404717284,0.014836422112146419,0.0924390926348646,0.011615280550697386,0.7945581626098261,1.4061074592199718,1
2024-07-08 00:00:00+00:00,0.0077268621541843885,0.02611927842124362,0.11059859976100084,0.011146785730098325,-0.22566988135823907,1.0461931512183769,0
2024-07-09 00:00:00+00:00,-0.006636868123670148,0.016036617684967114,0.09361139917156369,0.012390977563062788,-0.26743036327654723,0.779966494621348,0
2024-07-10 00:00:00+00:00,-0.003804404838947506,0.02048403936277765,0.04636644825801617,0.011514017257345745,0.025082751413002535,0.8353862295664268,0
2024-07-11 00:00:00+00:00,-0.0022566021207367504,0.017132938871359027,0.03273325416994921,0.011823925699718253,0.6736723601592134,1.2488950664436933,1
2024-07-12 00:00:00+00:00,0.010169869172611534,0.005098819673278854,0.020010890026371797,0.007438729466291911,0.08239196458974019,1.3335210852346036,1
2024-07-15 00:00:00+00:00,0.0003131242532306011,-0.0022955840024223573,0.023763735421122645,0.006445093355327567,-0.5876381377050479,0.6016807677435434,0
2024-07-16 00:00:00+00:00,-0.013132153899920285,-0.008819256055652702,0.007075930591684099,0.008372127832908954,0.7612359297579896,1.0046526269310116,1
2024-07-18 00:00:00+00:00,0.0066138580602213,0.001546561280988401,0.022062280465922957,0.009003188398915521,0.31017217938564623,1.1852568097187717,0
2024-07-19 00:00:00+00:00,-0.019868665602932545,-0.016132635249049843,0.000723904168753231,0.012883104278310478,0.06846563618897905,1.2377893444534382,0
2024-07-22 00:00:00+00:00,-0.035028731168430305,-0.06015436779626515,-0.05536226439693959,0.01651791254529867,0.4972444501266706,1.644199050016425,0
2024-07-23 00:00:00+00:00,-0.008512875008517051,-0.06844684807555723,-0.07058530658852114,0.015267945110989056,-0.08245913364672908,1.2440758715174058,1
2024-07-24 00:00:00+00:00,0.005242224900832371,-0.05110236719684902,-0.0594709383911427,0.017563471214570445,-0.340054677464779,0.7933932284730182,0
2024-07-25 00:00:00+00:00,-0.002206220753144583,-0.05941672909453655,-0.05796205942620869,0.015792267209933444,0.0509103979212584,0.8313325377959918,1
2024-07-26 00:00:00+00:00,0.011139737253459625,-0.029659507831774623,-0.04531365705930812,0.017912651418573646,-0.21245705628394407,0.6845317298216522,1
2024-07-29 00:00:00+00:00,0.007339088310791997,0.012944051604085294,-0.047988957433145796,0.007889283410438779,-0.23543652395450687,0.6294317933078765,0
2024-07-30 00:00:00+00:00,-0.004571976622399498,0.016970235583255278,-0.05263817162907547,0.0065915705887378264,0.0914841713592136,0.8218356491706262,0
2024-07-31 00:00:00+00:00,-0.005105281322751454,0.00650200655225186,-0.0449326285709466,0.007434556491228542,0.22230089467840375,1.0432083116891737,1
2024-08-01 00:00:00+00:00,0.0065597115027826725,0.015344443324659451,-0.04498400240200484,0.007428978171282714,0.07028454624112568,1.1587323841109591,0
2024-08-02 00:00:00+00:00,-0.010542578680254322,-0.006428035978255808,-0.03589689142659047,0.007858335762227216,-0.04607615859279013,1.095710497314635,0
2024-08-05 00:00:00+00:00,-0.034682239773681456,-0.047875066040104164,-0.03555071176139091,0.015301989697543825,0.6601375424512537,1.5121783254236587,1
2024-08-06 00:00:00+00:00,0.006028364894506977,-0.037735860362037354,-0.021406011219062715,0.016841515303557073,-0.3995211039037224,0.8767955694909878,1
2024-08-07 00:00:00+00:00,0.0060264891819108435,-0.026969189913170433,-0.020642537210442846,0.017944861238651084,-0.20140489826972663,0.7235420799261774,0
2024-08-08 00:00:00+00:00,-0.0107179697271651,-0.04367134475950174,-0.028997013909416114,0.016705599354606596,0.5153329203451484,1.06578680691505,1
2024-08-09 00:00:00+00:00,0.0173726662922431,-0.016690751042138796,-0.02301149827219162,0.02025571870134164,-0.4954646702820139,0.577672827141192,0
2024-08-12 00:00:00+00:00,-0.009275636513616292,0.009189377760596473,-0.03912563034666372,0.011806585555457714,0.30958037536065297,0.9047276961736155,1
2024-08-13 00:00:00+00:00,0.0020539436787674337,0.005202468629966539,-0.03272971136182912,0.011589843461308003,-0.23452871886952353,0.7591958582671792,0
2024-08-14 00:00:00+00:00,-0.0012128393718453534,-0.0020309303030742187,-0.028945347671200605,0.011266964352721785,0.0003833959238086493,0.7962917290257209,1
2024-08-16 00:00:00+00:00,0.01118454457196072,0.02006391338178859,-0.024483649456233825,0.010459997954389327,0.5025054782905882,1.2941067275230684,1
2024-08-19 00:00:00+00:00,0.010317652437104474,0.012990236959693702,-0.0039173308935178675,0.008501798532190376,0.46521032076154123,1.5703607854709571,1
2024-08-20 00:00:00+00:00,0.005072516705294516,0.02766085541305552,0.03710441922322372,0.005306662398409993,-0.39034894260234754,0.95244586933639,1
2024-08-21 00:00:00+00:00,0.0018216790749523426,0.027422655420984432,0.03276778955552895,0.005345062991549288,-0.07629893597190995,0.8507807718803955,0
2024-08-22 00:00:00+00:00,-0.000367049720800261,0.028292694087338477,0.026204303294486753,0.005089274024842533,0.34437417985800756,1.0478846953677634,1
2024-08-23 00:00:00+00:00,0.0012349167190177646,0.01817472928557229,0.03860329886148417,0.004236372756726377,-0.11450822925464077,0.9310173479277758,1
2024-08-26 00:00:00+00:00,0.00841682183650816,0.01625911623307208,0.02946056296538857,0.003507146758002221,-0.04687094241579204,0.9862891471514981,0
2024-08-27 00:00:00+00:00,-0.008032548358274938,0.0030081899383824773,0.03075225445837848,0.005883309210835297,-0.2909397496447982,0.7348646695429789,0
2024-08-28 00:00:00+00:00,-0.0014328718220074643,-0.00025021549684045574,0.02716557835079314,0.005896419605371678,0.5373614096336741,1.0828981286634898,1
2024-08-29 00:00:00+00:00,0.015100448302725722,0.015219090323364881,0.043942373477509955,0.008947476680141677,2.9889924191642163,2.6525045442614217,0
2024-08-30 00:00:00+00:00,-0.007429656893097825,0.006433499256128572,0.024725155649039987,0.010147296399854615,0.08570083002746443,1.9888789307576824,1
2024-09-02 00:00:00+00:00,0.004388476395429164,0.0024130766385306313,0.01871142736514808,0.009587901376890392,-0.7299217961818546,0.5249870112925862,0
2024-09-03 00:00:00+00:00,-0.0046991216634627575,0.005781605014502755,0.008807187118917481,0.008938545959216311,-0.028205335325115932,0.48884362701547196,1
2024-09-04 00:00:00+00:00,0.0035947854388638234,0.01084558623980958,0.010592657009219408,0.008852742331315704,0.09699042457752793,0.5251042636140048,0
2024-09-05 00:00:00+00:00,-0.014245172320964339,-0.018377030233785674,-0.0034376215934238674,0.007822151224869157,0.35723570060477483,0.8836066303018267,0
2024-09-06 00:00:00+00:00,-0.018855025625137856,-0.029676384947843748,-0.023433808692201796,0.01042713308344673,0.19245128309053383,1.3891449305358343,0
2024-09-09 00:00:00+00:00,-0.0016213184145994486,-0.03548235142678702,-0.03315489642156444,0.00921101898878256,-0.5354134230039989,0.6666808433398005,0
2024-09-10 00:00:00+00:00,-0.0006324176664214143,-0.03154142475622557,-0.025942179801258125,0.009652193142314084,0.1951058666428125,0.7985923162738416,0
2024-09-11 00:00:00+00:00,-0.006859259368153348,-0.041629469738355684,-0.031235379502711047,0.007939210461990179,-0.09361382433187904,0.7485143983887886,1
2024-09-12 00:00:00+00:00,0.019496986289241347,-0.008824669263196805,-0.0270395282831295,0.013886781882490063,1.2898476896277353,1.5676651801278643,0
2024-09-13 00:00:00+00:00,-0.004848656973242438,0.0053248880841356705,-0.024509520292297138,0.010578185444459692,-0.6102205269623635,0.7187627930174432,0
2024-09-16 00:00:00+00:00,-0.0008657817998062312,0.006085681334953241,-0.029612604375631957,0.010534774651517432,-0.3707303869168972,0.48025965578979424,1
2024-09-17 00:00:00+00:00,0.0006457195508224878,0.007372410638347038,-0.024401550453299947,0.010492854047407,0.0827385441282329,0.5681043580375423,0
2024-09-18 00:00:00+00:00,-0.00601107496014841,0.008232749497484315,-0.03373944523694039,0.0103292264745959,0.444690841011651,0.839793412744366,1
2024-09-19 00:00:00+00:00,0.004253690738578619,-0.0068421256528452545,-0.01560641542009844,0.004170844510955674,0.9774306175109748,1.8567954748769828,1
2024-09-20 00:00:00+00:00,0.011056895595563443,0.009031565208593273,0.014404545366689225,0.006347462088654898,0.8222162406930638,2.2770508286840374,1
2024-09-23 00:00:00+00:00,0.005013668789619619,0.014969257185054374,0.021146036649056787,0.0062706048277696835,-0.7141398024165202,0.6202852935613501,0
2024-09-24 00:00:00+00:00,-0.002678504859004449,0.011597448847660896,0.019055360641270003,0.00674017760170614,0.9403119046718673,1.0399225492888187,1
2024-09-25 00:00:00+00:00,0.0030717579868877465,0.020841184271737756,0.029245514018562346,0.0049054244368094335,-0.5875112998181059,0.43694083302347564,1
2024-09-26 00:00:00+00:00,0.0026774739634960465,0.019238932754832128,0.01226517190665155,0.004947043543874711,1.6621859775962715,1.1370298025699401,1
2024-09-27 00:00:00+00:00,0.018842471647451564,0.02708751403702947,0.036363721894987044,0.008045858030269278,0.09450450018646062,1.4213933414004754,0
2024-09-30 00:00:00+00:00,-0.03249955480016864,-0.011249639731986782,0.00355121870268027,0.018792449050733226,0.31126801057877085,1.490030710655261,0
2024-10-01 00:00:00+00:00,-0.00795770072126134,-0.016483465370121575,-0.005077182668922875,0.01897924008720119,-0.39161926917635115,0.9136208693701195,0
2024-10-03 00:00:00+00:00,-0.039492657219908245,-0.058218072898850726,-0.03859022221234332,0.024282768736832782,1.2978405931677433,1.5652089828939415,0
2024-10-04 00:00:00+00:00,-0.014534764029778935,-0.07438496114353499,-0.056577115654114274,0.02291923592345378,-0.018126775716501342,1.3348232939077211,0
2024-10-07 00:00:00+00:00,-0.011395432934779293,-0.10185599813275914,-0.07752750987490642,0.01394822361605038,-0.4016827828518079,0.7896414920955966,1
2024-10-08 00:00:00+00:00,0.019424038664231258,-0.05365461046744224,-0.06430065516171024,0.020971065669610843,-0.2326519497920324,0.6523183873921963,0
2024-10-09 00:00:00+00:00,-0.016280817389791147,-0.06159433550893634,-0.07706251278270071,0.021020186662404627,-0.15922851606104715,0.5575145519510042,0
2024-10-10 00:00:00+00:00,-0.0025825855480093862,-0.025533580123736632,-0.08226513719357509,0.01467498186294837,0.5623824560937654,0.989808691506998,1
2024-10-11 00:00:00+00:00,0.0007658195224515829,-0.010403766983772877,-0.08401484432447359,0.013776733557036184,-0.6430856322873935,0.47584834651667524,1
2024-10-14 00:00:00+00:00,0.0003098105377583593,0.0013132179795354304,-0.10067653928129516,0.012739456719062162,0.5314843557529572,0.8269836505677816,0
2024-10-15 00:00:00+00:00,-0.020764629277713276,-0.03816146860524283,-0.0897685403398053,0.010078808359062127,1.7625890321199678,1.8625980050401614,1
2024-10-16 00:00:00+00:00,0.007477523542807285,-0.014931579267971284,-0.07560621407379786,0.01061440705014812,-0.4066119646377607,1.0395896602972983,1
2024-10-17 00:00:00+00:00,0.001735537894776984,-0.010666918376073142,-0.035928133884781,0.010826226106021897,-0.22415293106799405,0.8679492628557411,1
2024-10-18 00:00:00+00:00,0.0021194952707166426,-0.009328707004915615,-0.019635420294749517,0.010932067382423352,-0.22267651248161635,0.645121517509957,1
2024-10-21 00:00:00+00:00,0.0072831473277017444,-0.0024225620272216863,-0.001112525399696862,0.011690896013768787,0.16428420323954107,0.7365848370321767,0
2024-10-22 00:00:00+00:00,-0.018879661006136583,-0.0005022863966216429,-0.03864458701530904,0.010873012581240562,0.1254354746801969,1.0206276907100391,0
2024-10-23 00:00:00+00:00,-0.0035917623992895997,-0.011483897134141774,-0.026244003681749395,0.010052393556286319,0.08734117569776578,1.1516384042851786,1
2024-10-24 00:00:00+00:00,0.0009525950451705345,-0.01225650785342014,-0.02279268706064519,0.00998030432747669,0.2870325910199525,1.3617242917783372,0
2024-10-25 00:00:00+00:00,-0.008919344252172445,-0.023136988625464983,-0.032249857442517516,0.009945070284545233,-0.16060880123582244,1.0582688442171022,1
2024-10-28 00:00:00+00:00,0.0048951747422834035,-0.02545284400045089,-0.027813744934312212,0.009263885304869105,-0.41796734356066,0.6395519206841349,1
2024-10-29 00:00:00+00:00,0.0042342532616916895,-0.0024937853422343226,-0.002994819144402472,0.005789525959740236,0.10938402767833644,0.743083525460978,1
2024-10-30 00:00:00+00:00,0.0029105334999064425,0.004015675664039486,-0.007514337076352295,0.005645944766411314,-0.001993444400946953,0.792929307765918,0
2024-10-31 00:00:00+00:00,-0.008817649493408686,-0.005784467440002272,-0.01797007792281613,0.007091848329252648,-0.22135174968373528,0.7436018517751172,1
2024-11-01 00:00:00+00:00,0.004954734915991521,0.008133496682249275,-0.015191676563438117,0.005901066918035881,-0.7720301340063118,0.22985235646057525,0
2024-11-04 00:00:00+00:00,-0.027266199503676924,-0.024131519104100385,-0.04897014731330074,0.013757693216843721,8.305957923881287,1.7916172408818103,1
2024-11-05 00:00:00+00:00,0.002419022612780486,-0.025895476437835407,-0.028324684020498814,0.013480962627283441,-0.17828108354393035,1.3668363884606207,1
2024-11-06 00:00:00+00:00,0.015360499035656616,-0.01380310394649753,-0.009842857071064248,0.016216505892551348,0.32935220017803624,1.563677397027036,0
2024-11-07 00:00:00+00:00,-0.014863972411322979,-0.01981901503605299,-0.025488840028886295,0.016996242260238558,-0.5555199489632678,0.6922172034818879,0
2024-11-08 00:00:00+00:00,-0.01677334461552804,-0.04101146247335996,-0.03321153238507191,0.01695057824104575,1.061429421261439,1.137243190277492,0
2024-11-11 00:00:00+00:00,-0.00860763972310652,-0.022616558392518082,-0.04620230558570049,0.01339059066288773,-0.5429309362087362,0.5928954815685948,1
2024-11-12 00:00:00+00:00,0.001217935322341157,-0.023787648329080535,-0.049067132280098735,0.013245581033750708,0.1782730337108427,0.7538292447140427,0
2024-11-13 00:00:00+00:00,-0.017422022548399307,-0.055306209982472154,-0.06834591656369482,0.007811618750357548,0.3713342899990264,1.1470583744290588,1
2024-11-14 00:00:00+00:00,0.012419678681850232,-0.029142619336199216,-0.048384056361438166,0.012694203179785467,-0.13810651121290252,0.9442245249037949,0
2024-11-18 00:00:00+00:00,-0.005403951899220383,-0.01791625685726872,-0.058192947434863695,0.011171540717747657,0.07991812653234254,1.1239144232844818,0
2024-11-19 00:00:00+00:00,-0.015149696826885384,-0.024396887721257032,-0.04646167247803157,0.012242410490011386,0.041344327358001864,1.079076087394799,0
2024-11-21 00:00:00+00:00,-0.01502032771285966,-0.040219716494337754,-0.06305063235155561,0.012377540032328015,0.37014883092238104,1.3045567783220733,1
2024-11-22 00:00:00+00:00,0.03466882034165497,0.010662518915347974,-0.04523339457719844,0.02129545098753316,0.05341784432446017,1.2743554475635122,1
2024-11-25 00:00:00+00:00,0.01706964214051454,0.01530441187827103,-0.014284218107461055,0.02193950728455587,0.4128273618394176,1.4965483811835103,1
2024-11-26 00:00:00+00:00,0.006759992080383137,0.027721619861265312,0.009308695342062467,0.0214103996264131,-0.6802735548427825,0.5011658625878713,0
2024-11-27 00:00:00+00:00,-0.0019295713433472583,0.04151722791757195,0.01610744904831196,0.018861828363470022,0.03516485489086474,0.546081387578454,0
2024-11-28 00:00:00+00:00,-0.01732122567699912,0.039084259058664195,-0.0027074152544043217,0.019587430023018337,0.5698120476611412,0.9026230225472497,1
2024-11-29 00:00:00+00:00,0.01683972946205281,0.021179082714214426,0.03206742399961238,0.014427783691836725,-0.12145171770095875,0.8688773590291113,1
2024-12-02 00:00:00+00:00,0.013117263567281379,0.01721073466927714,0.03277854671965441,0.013638833748010159,-0.1649829079114733,0.9491441066385206,1
2024-12-03 00:00:00+00:00,0.010808453717622513,0.02130122164600623,0.0496133458763226,0.01399673031073238,0.5302294453124377,1.2839028691794927,0
2024-12-04 00:00:00+00:00,-0.010844165929016159,0.012179133585470625,0.054202005367948836,0.015478455021038603,0.16236764116408553,1.2946025263094902,1
2024-12-05 00:00:00+00:00,0.010008108193724441,0.040328903583092046,0.08098938795694965,0.010855283351426135,-0.14023568302382539,1.0867732462418649,0
2024-12-06 00:00:00+00:00,-0.007942263270501071,0.014974442519988918,0.03647067019093342,0.011443712931381899,-0.463926538208143,0.6156477965170118,0
2024-12-09 00:00:00+00:00,-0.012504242793910159,-0.01069403147669945,0.006332651054287375,0.01153337627696261,0.6210212233142876,0.9509991923194174,0
2024-12-10 00:00:00+00:00,-0.007952803644098894,-0.0290561888337032,-0.008373899506232019,0.009076061121256127,0.09513493581775623,1.0527587364309023,0
2024-12-11 00:00:00+00:00,-0.0051757436751938,-0.023492131769231483,-0.011599111994785916,0.008639344457186894,-0.2692239441341847,0.8581194540103959,0
2024-12-12 00:00:00+00:00,-0.01196985158923558,-0.044741120249236266,-0.0062165769908753,0.0030773655685268435,0.7831924146391454,1.444590287465605,1
2024-12-13 00:00:00+00:00,0.00787867677280163,-0.029507033660493565,-0.014974442519989029,0.008292158536426337,0.36942067640821197,1.5567494275659786,0
2024-12-16 00:00:00+00:00,-0.0035745763522031515,-0.02073111901965119,-0.031203451257007297,0.007444516930738684,-0.668644518369435,0.5465244471265169,0
2024-12-17 00:00:00+00:00,-0.0181345837751814,-0.03078175015089024,-0.05894353863957735,0.00977082970919663,0.8407498813348806,0.989830914473459,1
2024-12-18 00:00:00+00:00,0.006383943450626983,-0.01951960042579015,-0.042553175169736224,0.01131754281870453,-0.2744470800801544,0.7105560646836238,0
2024-12-19 00:00:00+00:00,-0.01819269874293472,-0.025694897478782064,-0.06928639923012825,0.012688273940341816,0.12426612126000736,0.863368542333897,0
2024-12-20 00:00:00+00:00,-0.02043955262072239,-0.053069814746424915,-0.0810109155968396,0.011713916789417566,0.4260014617414689,1.369212414040414,1
2024-12-23 00:00:00+00:00,0.014104309734883191,-0.036269088389769055,-0.05624830862127772,0.016233236838004508,-0.5051013897772134,0.6724895888052532,1
2024-12-24 00:00:00+00:00,0.00036815025524505884,-0.018108089499528357,-0.048332440963734236,0.015209990686219985,-0.3300472583624263,0.5260382455371841,0
2024-12-26 00:00:00+00:00,-0.005070507836571481,-0.02928377759681533,-0.04823177038495796,0.014165492031101087,0.48720140129418077,0.8161618623596163,1
2024-12-27 00:00:00+00:00,0.0036989855498499313,-0.007639394782054665,-0.03313799879511181,0.012702990682129158,-0.30109099498830794,0.6467810093395054,0
