Price,Close,High,Low,Open,Volume
Ticker,RELIANCE.NS,RELIANCE.NS,RELIANCE.NS,RELIANCE.NS,RELIANCE.NS
Date,,,,,
2015-01-01,189.99981689453125,190.8771706719807,189.0903658533578,189.65744608147511,2963643
2015-01-02,189.49693298339844,191.74381271840838,189.22945580333513,190.04260071522322,7331366
2015-01-05,187.42124938964844,190.64177456827719,187.04676706013433,189.3792394487279,10103941
2015-01-06,178.9152374267578,186.81139240746566,178.03788369901343,186.16943288485805,18627980
2015-01-07,182.809814453125,183.77276085280215,179.10783035701846,179.1292285310337,20720312
2015-01-08,180.18849182128906,184.65014028561507,179.78191217385094,184.05096276070768,19872227
2015-01-09,184.09376525878906,184.45754856437458,180.8197583620128,181.54731068868603,13392787
2015-01-12,181.953857421875,184.2435334450875,180.09217344442607,184.13654257589423,10100113
2015-01-13,180.423828125,182.9488838223256,179.85676228725453,182.53160518732582,9948711
2015-01-14,178.6691436767578,181.24769492622863,177.86668362633776,180.3917394437132,11380041
2015-01-15,184.93899536132812,186.4048131781008,179.74979516459382,179.74979516459382,16927085
2015-01-16,186.105224609375,187.23935634856096,182.3283327949327,184.02953040371162,19136963
2015-01-19,188.2344207763672,189.59323348253545,183.76207355968455,186.21223606415992,13339962
2015-01-20,193.24171447753906,193.7766830853342,188.06319949854915,188.63027965023696,13361320
2015-01-21,194.03347778320312,195.0285214787759,190.8878603857459,193.6590097248124,17084297
2015-01-22,189.1117706298828,194.12978549981565,188.20231962566118,193.69110862891478,23721627
2015-01-23,189.78582763671875,192.11828584647952,187.66735117666227,190.44918534529805,18080494
2015-01-27,190.24588012695312,191.88288317159092,188.41627924592046,191.06972405013323,17939876
2015-01-28,194.05490112304688,194.68617592947535,189.61465072299592,189.61465072299592,19298126
2015-01-29,198.88031005859375,199.97164555622763,194.06557782256655,194.10837417270935,36117653
2015-01-30,195.85240173339844,199.2762100711448,194.51497280714662,199.00871857209546,21746801
2015-02-02,194.3116455078125,196.8474003420121,193.80877417542277,196.02354214136506,19302710
2015-02-03,200.635009765625,201.33046471295063,195.41369812138836,195.41369812138836,17092333
2015-02-04,198.75192260742188,201.96173460093706,198.13136124086165,200.9559917954961,14072894
2015-02-05,197.6605987548828,201.12718905570785,196.35526713457438,200.2926458875079,12365643
2015-02-06,194.70755004882812,199.00869747891824,193.23103312750717,197.74617659105456,9045844
2015-02-09,191.8828887939453,196.4408282162597,190.87714609111782,192.84583515065205,8839692
2015-02-10,188.7372589111328,193.55197608527527,184.30770882608624,192.16106636121924,13651008
2015-02-11,192.73886108398438,193.60551573745482,188.95126984622166,189.5932293784795,9781008
2015-02-12,194.54705810546875,195.57419911515908,189.86072903431875,194.30097908321838,8709626
2015-02-13,196.33384704589844,197.04000107625566,194.52564419502826,195.58488238281177,7393680
2015-02-16,193.188232421875,197.76757030685985,192.58905496930115,196.59062786062142,12266698
2015-02-18,192.94215393066406,194.30098096364335,191.39074331319028,192.58906974126074,9835036
2015-02-19,193.0277099609375,194.21535135983345,189.92488931550463,194.0762489574081,9550637
2015-02-20,186.83279418945312,191.73311911328037,186.44761275465314,191.57261851615772,18717199
2015-02-23,182.19998168945312,187.61387772073877,181.26913240018587,186.15875879877476,14104463
2015-02-24,180.06005859375,183.34477820915185,179.10782559091496,182.79911050178785,19946218
2015-02-25,180.423828125,183.2805697700421,179.97445223226902,181.63286768635768,15274116
2015-02-26,180.17776489257812,181.88966164130656,179.02222065980368,181.05510429838532,21459750
2015-02-27,183.07730102539062,184.24354442256953,180.73414371246815,181.36540416281517,18659378
2015-03-02,184.93899536132812,187.34636143153838,183.0772970290994,185.9554372260285,14579511
2015-03-03,192.76023864746094,193.9692639704592,185.61304900366935,185.95541976586668,20636925
2015-03-04,189.98912048339844,194.65406572197864,188.320019892744,193.8730037246968,14476047
2015-03-05,189.36856079101562,192.3215948287122,187.91344194847687,190.98416595587585,10716702
2015-03-09,186.0945281982422,190.82366771217244,184.91760000575078,189.40064622299883,14065391
2015-03-10,183.84765625,187.41055224966092,183.04519614763234,185.94473446187305,15234060
2015-03-11,183.1629180908203,186.08384057706047,182.40325426348716,184.2328554743766,11635873
2015-03-12,184.84268188476562,185.6130446506318,183.0879746316783,183.60155933191848,11782380
2015-03-13,181.9110565185547,186.08381458855538,181.2476988616737,185.95542554873873,12936157
2015-03-16,180.19915771484375,182.73491264434313,179.81397631535776,182.2106431199992,13839990
2015-03-17,183.35546875,184.00812729417396,179.96375842545055,182.00734103226077,19070082
2015-03-18,185.88052368164062,186.65088645529542,182.8953929315932,183.3875651801798,9269885
2015-03-19,183.2056884765625,187.60312735711426,182.76701164027128,187.3570483646431,13934612
2015-03-20,182.76705932617188,184.2756737879846,181.59011663640047,183.58020440664274,10405717
2015-03-23,180.1670684814453,184.88549441073982,179.34321021313397,183.28058850662916,13251683
2015-03-24,181.45101928710938,182.80984642823537,180.19919731927118,180.19919731927118,9238431
2015-03-25,180.79833984375,181.78268447671076,179.9637824379149,181.67569360019246,10264941
2015-03-26,177.4601287841797,181.72919342066984,176.34739507256452,179.98518495338175,20621346
2015-03-27,173.6939239501953,178.67984101772635,171.5005398332376,178.44444683431152,23326922
2015-03-30,173.49063110351562,174.9778469896794,170.4306066386598,174.7424670852265,17330588
2015-03-31,176.75396728515625,178.23048420828187,175.04205615338952,175.04205615338952,20235395
2015-04-01,178.904541015625,179.53580146037353,173.99351702564954,176.51857308913966,14588531
2015-04-06,176.465087890625,179.32183011568313,175.76963288075356,178.89385230787886,12334096
2015-04-07,178.2198028564453,178.91525789512409,176.76468396343517,176.76468396343517,21275454
2015-04-08,185.2920684814453,186.0624170072914,178.2304712861308,178.358860326356,24821205
2015-04-09,191.54051208496094,192.37506943966292,183.7727606582179,185.20648116920796,27276420
2015-04-10,193.51992797851562,194.4721754262888,190.25662027122334,191.50844219771332,25323219
2015-04-13,197.40379333496094,197.88526655907532,192.32158390514024,194.04417985370733,20177342
2015-04-15,197.64987182617188,201.0629662049741,194.12977229541912,197.08279165966744,22231264
2015-04-16,198.65562438964844,200.72060537180948,196.65483793114063,197.83176610044086,20177302
2015-04-17,198.3346405029297,202.06872201034483,197.42518950168795,200.08933369628787,23958678
2015-04-20,189.51832580566406,200.6028940933549,187.98831352542373,200.57079683265377,37628162
2015-04-21,187.5496368408203,191.6261175138616,186.69369560355148,190.48127236104125,17707007
2015-04-22,188.2558135986328,189.75372868672946,185.52746060719113,188.71588864090145,14761313
2015-04-23,187.6780548095703,190.32080090490365,185.9661436324908,189.13317359628937,13337818
2015-04-24,188.07391357421875,189.261555120083,185.88054353589987,187.66734825610772,12709854
2015-04-27,187.30355834960938,189.91420698512152,186.47970008634118,188.3200001777737,11042925
2015-04-28,185.1422882080078,188.73728146053793,183.71926677201776,187.17517189242346,14687371
2015-04-29,181.88967895507812,186.28713262752606,181.33331210166938,184.4575314648479,16387960
2015-04-30,184.5323944091797,185.29205809023318,181.45097190961226,181.88964872360884,34802149
2015-05-04,190.65248107910156,191.2837415212092,184.13655114361163,185.3562756781583,15078502
2015-05-05,190.90924072265625,192.97422153253575,189.40062668918253,191.24092668502095,17846755
2015-05-06,188.36282348632812,191.89362267292785,186.59741675077962,190.44920287597833,22438208
2015-05-07,186.32989501953125,187.9775971037291,184.02952012560743,187.23934589118704,16735535
2015-05-08,192.78367614746094,193.66124989777606,186.586519390773,188.73168681201602,17104443
2015-05-11,194.137939453125,194.89632592324847,191.41854733175475,193.46620960489525,14214007
2015-05-12,188.23330688476562,193.91042241484035,187.4640864930345,193.91042241484035,16650201
2015-05-13,191.78692626953125,192.55616113947642,185.74144403277268,189.2408906213158,16701434
2015-05-14,190.2918243408203,192.02530419974357,188.58002672137943,191.98195418524813,12329713
2015-05-15,189.3708953857422,192.1877926328846,188.53667166955964,191.09354117897246,8331715
2015-05-18,193.1845703125,193.71544529562414,188.99173988818586,189.57678431198897,9847540
2015-05-19,194.05130004882812,196.04479321846367,192.11197631701208,193.11955678939376,14513036
2015-05-20,196.9331512451172,197.39902279152136,194.51712242808463,195.10218118084657,8708891
2015-05-21,194.31130981445312,198.3524655180063,193.7370993195459,197.45322393762726,10759523
2015-05-22,195.8497772216797,196.22897776723443,194.36549116802365,194.36549116802365,8349048
2015-05-25,193.82374572753906,196.7489817307363,193.35787416564614,195.01550211500432,6617337
2015-05-26,191.67860412597656,194.14880278423198,191.2669019388558,193.9321105709988,9510249
2015-05-27,191.83026123046875,193.04369990739778,190.72517588260808,191.9819356409094,8078236
2015-05-28,189.7717742919922,193.76959430839705,188.94836995153776,191.9494434355898,26538868
2015-05-29,190.0318145751953,192.07947720989407,189.18674240502867,190.6601945267315,29277517
2015-06-01,195.50306701660156,196.07729197792483,190.24848698121735,190.6818569418261,19594976
2015-06-02,194.72299194335938,199.0891638182213,193.162868929824,196.26144718439295,20178960
2015-06-03,194.2246551513672,197.27989843415074,192.5236912974386,194.79886569486575,15546279
2015-06-04,197.76739501953125,198.5257814995245,193.40120880708358,195.92557655252773,15931395
2015-06-05,196.69482421875,198.68831721894924,195.97975877137046,197.16069580887057,13066337
2015-06-08,191.86279296875,197.18239116374951,191.35358576082993,196.48899339266464,10846953
2015-06-09,191.4835968017578,192.98953610544442,190.10764968465915,191.45108067452406,9153355
2015-06-10,196.2722930908203,197.16070074673922,191.7652659542079,191.98194369249617,13509379
2015-06-11,190.06430053710938,197.07402780771488,189.3058995312586,196.31562680186408,14676438
2015-06-12,192.81617736816406,193.43372337219535,190.30264334093474,190.46516610528792,21543824
2015-06-15,195.39471435546875,196.09894591594318,192.84867867295173,193.91042849251474,12858570
2015-06-16,195.87142944335938,196.0989555384121,193.54208584379182,194.7988456845262,13929305
2015-06-17,201.7760772705078,204.1921065007052,193.71543355450996,196.10979500974904,26232634
2015-06-18,212.12269592285156,212.78357742017593,202.0577267396674,202.06856062545194,49366799
2015-06-19,215.95803833007812,218.0707042204091,212.8919614243679,212.8919614243679,45710935
2015-06-22,214.88543701171875,218.569059659903,213.75866942631936,216.02302401911172,19394187
2015-06-23,215.60052490234375,217.26898709652747,214.73378490806655,215.09131768698822,16007498
2015-06-24,214.71209716796875,218.0815373724735,213.7911878177322,215.60050485627713,18603004
2015-06-25,217.66983032226562,218.63407520017532,213.43366476327824,213.8670347104311,27175118
2015-06-26,216.83560180664062,219.73915579940316,215.68716640926314,216.6622451528934,20966796
2015-06-29,214.70127868652344,215.35134090067027,210.6167871620475,214.06206482493346,20168946
2015-06-30,216.70558166503906,217.30145990780647,214.08370871818144,214.4954108840201,23184864
2015-07-01,217.90817260742188,218.94825461034355,216.90059226306226,216.90059226306226,14824266
2015-07-02,219.03494262695312,220.9634323752079,218.22237217117024,218.63407434257397,15931202
2015-07-03,218.24403381347656,219.67415025395047,217.34479228676173,218.79657650067608,13831096
2015-07-06,220.0533447265625,220.7792295814042,215.6438227719912,215.8388471920819,12237733
2015-07-07,217.38816833496094,220.28088875806586,216.68393668486337,219.06746437113128,11294999
2015-07-08,215.9471893310547,218.5690622076381,214.8746056299282,215.7846665677699,15190654
2015-07-09,213.95370483398438,216.90060888964751,213.03279550853105,215.81717679445802,16245867
2015-07-10,217.07395935058594,217.55066486199772,214.5712590317913,214.75543511811003,16110573
2015-07-13,218.2007293701172,219.39250047262777,215.6330255290691,217.07397606166415,9860248
2015-07-14,216.20721435546875,219.17578622860862,215.6438377578284,218.61240963096824,9942927
2015-07-15,219.09994506835938,219.8041621865967,216.58641096641105,216.6297465143353,13532911
2015-07-16,221.8193359375,222.70774365060794,219.09995782458657,219.28413391398746,14854295
2015-07-17,221.38595581054688,223.4336183331038,220.5842336995889,222.15519072462945,10195142
2015-07-20,222.04684448242188,223.17359763388652,220.5625586035714,222.7077260389499,6348354
2015-07-21,218.37403869628906,222.84856405593627,217.27978721741857,222.75105907623913,7923338
2015-07-22,227.6047821044922,228.37400251034651,217.680652782599,217.7673238745862,17309440
2015-07-23,226.4997100830078,231.38592336156816,225.61130240891728,228.27651096672008,18642915
2015-07-24,222.1118621826172,227.44227945589282,221.25595614461758,227.08476116982928,13099664
2015-07-27,217.8431854248047,223.16278339914993,217.0631310452782,222.07936569929836,20118553
2015-07-28,218.9049530029297,220.30255346670745,216.70560144358734,218.48241691164836,13382878
2015-07-29,215.8171844482422,219.43581855628037,214.97212676641306,218.74242083361082,14790821
2015-07-30,216.71640014648438,218.41737812331456,215.01543663412164,216.70556626037634,11701228
2015-07-31,217.08477783203125,218.39572151149645,214.51707437087728,216.6839095610817,16634259
2015-08-03,217.2147674560547,219.6849657437462,216.5538859569967,216.90058476747868,9887787
2015-08-04,214.083740234375,217.90821858113205,212.35027468527267,217.4206791353735,12006872
2015-08-05,214.029541015625,216.85727230051697,213.2386383381826,214.13787988528327,14345010
2015-08-06,212.12269592285156,214.9504268994203,211.8085132350997,214.73373471926237,8708037
2015-08-07,213.2928009033203,215.38379873645135,211.73266347841655,212.13353172052467,8608888
2015-08-10,209.94503784179688,214.25704032200142,208.99162691468874,213.32531163204678,9288894
2015-08-11,209.31666564941406,210.97429371409604,207.5831859130812,210.40008325238796,8762464
2015-08-12,204.31126403808594,209.31666432515416,203.80205690004166,208.79662330043806,9650325
2015-08-13,202.24192810058594,206.70561946323085,201.38602214880487,205.199665865074,9340350
2015-08-14,209.5225067138672,210.61675818904376,202.44777626383885,203.73705216221944,12739366
2015-08-17,206.0013885498047,209.3166590389366,204.993808185834,209.3166590389366,10857430
2015-08-18,204.57127380371094,207.14981110964905,204.15958611725407,207.14981110964905,6630334
2015-08-19,206.8464813232422,208.2332478499668,203.56371216469807,204.54962485456264,8877298
2015-08-20,198.5474853515625,208.0057443174032,197.9949426039465,208.0057443174032,19008087
2015-08-21,196.7381591796875,197.5940651508793,194.3654656895752,197.18236299519964,20050521
2015-08-24,179.75013732910156,190.6818473899387,177.24743714191817,190.6818473899387,35635706
2015-08-25,183.78048706054688,186.4890459767431,178.37423204561318,182.19869594358147,49504268
2015-08-26,184.9180450439453,189.5550784137296,182.01447682067646,183.70460642336403,18955515
2015-08-27,188.33079528808594,190.9526678641713,185.7089227120006,187.8215882123534,26997546
2015-08-28,189.0350341796875,191.33187582102073,187.66992117913264,189.59841070424974,10770215
2015-08-31,185.4597625732422,189.13255133754114,185.00472487707225,189.13255133754114,20708942
2015-09-01,181.9820098876953,185.0264192093235,180.9527615964536,185.0264192093235,21645696
2015-09-02,184.08383178710938,185.71979218121754,182.5778780420635,184.18133677390608,19652369
2015-09-03,185.0155792236328,186.5106991151108,182.96791659665965,185.05891477430148,11659978
2015-09-04,181.1260986328125,184.11633842893372,178.785906564053,184.11633842893372,16199949
2015-09-07,180.54104614257812,182.88123810648506,179.3492896184002,181.63529768169096,10234633
2015-09-08,183.87796020507812,184.82053727176375,178.785888839222,181.1477484492565,12900468
2015-09-09,189.39256286621094,190.40014322748073,184.28965774164683,186.56484620151465,17340694
2015-09-10,187.86495971679688,188.62336076513685,185.37309328784568,186.56486429745576,11074406
2015-09-11,186.55401611328125,189.83677053678613,185.52476795831817,188.9483629074899,10634833
2015-09-14,187.18238830566406,187.58325655747512,184.59301719481002,186.7273506231309,7964072
2015-09-15,187.86495971679688,188.51502189093662,185.39476106268572,186.7815420458562,11509788
2015-09-16,189.0675811767578,190.10766338913294,187.47495619308776,188.97007618143584,13424811
2015-09-18,194.01878356933594,194.90717674620063,190.06429919475207,190.34598024990214,34261453
2015-09-21,190.2701416015625,192.45864456364038,189.8259377842606,190.68184375890095,12732187
2015-09-22,183.72628784179688,191.74359547691992,182.98956907753552,190.6818456453404,15745524
2015-09-23,184.25718688964844,185.65480185835267,182.0145141783895,182.66456193369393,15221260
2015-09-24,181.44029235839844,183.7479682552496,180.8769157435693,183.7479682552496,29076982
2015-09-28,180.7685546875,182.2095050578179,179.56596429662866,181.97115954283998,11624639
2015-09-29,182.177001953125,184.23549833313385,179.00258628744294,179.8476583991511,15853471
2015-09-30,186.84654235839844,187.3882511851364,181.68946738490803,184.39802598306673,17292020
2015-10-01,187.3665771484375,189.37090407971954,186.0448140197395,189.37090407971954,8663393
2015-10-05,192.41529846191406,192.8486683687886,186.74901694329932,186.9548752429101,16015412
2015-10-06,194.593017578125,195.12389255692386,191.92779433161317,194.07297648737367,12330294
2015-10-07,198.00576782226562,198.926677182794,193.0653849737483,193.8671071080723,11515191
2015-10-08,192.65370178222656,198.2441473567183,192.03615567333162,198.2441473567183,10753149
2015-10-09,192.2744598388672,196.19644234705987,191.00686622839362,193.7262439786472,9327873
2015-10-12,193.22787475585938,195.3622082328696,192.41530434755612,192.41530434755612,6212395
2015-10-13,193.62875366210938,194.21379802388637,191.31022952450718,191.77610112942506,6162561
2015-10-14,195.65475463867188,196.09895848380975,193.7045970607862,194.10546535659054,8002587
2015-10-15,195.81727600097656,197.3990670504932,195.0372215965088,196.68401597435857,9048478
2015-10-16,198.2224578857422,198.2224578857422,195.81726257991463,195.99060477692237,15246935
2015-10-19,208.77496337890625,209.20831886207756,203.89956954854145,203.89956954854145,33505855
2015-10-20,207.30149841308594,209.46833355166953,206.49976189028675,209.09996694948063,18091895
2015-10-21,206.93313598632812,211.22347080445007,206.49976605697344,207.04147485254975,14404450
2015-10-23,207.07400512695312,210.8443139082116,203.93209078555114,208.8724884126284,12153422
2015-10-26,204.30044555664062,208.66661793036457,203.96458058001983,208.42827240561186,10938775
2015-10-27,203.58538818359375,205.4705425397982,203.11951653850335,203.42287986477263,11601798
2015-10-28,203.02198791503906,204.7446337519029,201.49436650252918,203.01115402837874,11958727
2015-10-29,203.8995819091797,204.76632185700262,202.58863809970921,202.8161642066358,13280382
2015-10-30,205.3513641357422,207.1281650994893,203.7045698234833,204.13792532844397,13366359
2015-11-02,207.97320556640625,208.3415721539504,204.80962407553048,205.63301387393435,7222044
2015-11-03,209.5767059326172,210.28093759040976,208.28744431547034,208.72081430538807,11373522
2015-11-04,206.13140869140625,211.26683028976163,205.0263232774512,209.75004270123327,10033187
2015-11-05,202.94615173339844,206.066397894139,202.16609742544742,205.6330279610692,10767454
2015-11-06,206.36976623535156,206.8789733878841,203.22785222431574,203.56370272069833,8367190
2015-11-09,208.28741455078125,209.09997050934973,200.09675039429194,202.2744339208214,17031699
2015-11-10,199.94508361816406,207.90822199595746,198.5474688015308,207.3665131814007,11486238
2015-11-13,202.17694091796875,203.36869744218205,198.1574530399701,198.27662579949765,13682323
2015-11-16,202.44778442382812,204.1162464203342,200.37845414262804,200.64931578292465,15346549
2015-11-17,201.02850341796875,203.444532567793,200.69265291728763,203.26035648677433,8588142
2015-11-18,197.61573791503906,201.79773396818385,197.17153408830822,200.99599740979772,11249222
2015-11-19,202.5452880859375,203.4011940849081,198.7533263978005,199.11085913202984,12183206
2015-11-20,205.16714477539062,206.4564206150376,200.5517791153499,202.3827637246091,11304265
2015-11-23,206.6622772216797,207.56151875272354,205.02631692564594,205.84972124928316,10499517
2015-11-24,209.68502807617188,210.53010021227826,206.07724236351615,206.49977843156933,14806176
2015-11-26,214.2245635986328,214.93962910943114,209.8042217404734,210.40010002315907,23805828
2015-11-27,212.1444091796875,215.05881186740126,211.07182532811376,214.3004107709424,10891864
2015-11-30,209.5550079345703,213.30364840482852,208.51492589455523,212.02520639572313,29919205
2015-12-01,209.29501342773438,212.0902287367924,208.28743295707417,208.88331123654012,12981379
2015-12-02,211.9060516357422,212.28525216248792,208.99164911314452,209.37084963989025,7573628
2015-12-03,211.74351501464844,214.289550731529,211.07179956949327,211.2451417580576,11361395
2015-12-04,209.197509765625,211.52686808605156,208.3199503437405,210.68179586478604,13443688
2015-12-07,206.29393005371094,210.83345890118747,205.7955567856769,209.1974841011743,14483909
2015-12-08,203.8778839111328,206.62976331050191,202.83780191371343,205.61134908534262,7532164
2015-12-09,198.46080017089844,204.43044555665102,197.7999185911125,202.85948852847437,9174419
2015-12-10,205.92555236816406,206.6731049978237,199.3491952536844,199.890904040755,18592203
2015-12-11,206.48895263671875,207.79989644134054,204.31128335194933,206.22893933201533,18155513
2015-12-14,206.9547882080078,208.7749388816291,204.98296313307375,205.32966194339852,10563900
2015-12-15,211.46182250976562,211.9060263083811,206.64059850665564,207.36649781090557,15718833
2015-12-16,212.05770874023438,213.98619841445978,210.94178949059952,211.4618305122864,12097338
2015-12-17,218.78573608398438,219.93417143545585,211.91686407028837,212.36106787702778,19369032
2015-12-18,214.9287872314453,218.63407790552466,214.5170850533323,217.50732470766613,16016139
2015-12-21,214.97210693359375,216.46722665054799,213.29281114779627,214.06203154684457,12331769
2015-12-22,213.93202209472656,217.24727807708345,213.21695667263322,215.1237785122586,11579277
2015-12-23,217.50732421875,218.17903968818098,214.51708457113767,214.90711897397162,12919467
2015-12-24,216.8031005859375,218.24405102678202,215.88220567761783,217.5289999823818,11901877
2015-12-28,218.93740844726562,219.6632932455824,216.68388792432287,216.8138945512811,12885935
2015-12-29,220.02084350585938,220.7358944757029,218.2331943845487,218.93742593241504,14913870
2015-12-30,217.65899658203125,220.15086293148974,217.1172877638419,219.9341851900015,8151610
2015-12-31,219.84751892089844,220.9526188928689,216.48892684629652,217.42067014539538,18483713
2016-01-01,220.01002502441406,220.7792454803435,218.46073576088267,218.8074201514001,5416562
2016-01-04,215.66552734375,219.67418172017918,213.80204070307235,217.76735952641326,30170947
2016-01-05,217.79983520507812,218.85075117102275,216.03386823402062,216.74891923913347,14946239
2016-01-06,223.66114807128906,225.00459348881043,216.77059325149128,218.33071641483755,26759864
2016-01-07,219.5549774169922,222.7510607850581,218.42822426957886,221.2451071381122,19739943
2016-01-08,222.26353454589844,223.81282383121436,220.3025430765852,221.0176085710197,21313199
2016-01-11,227.8647918701172,229.8582848129841,219.06743027298785,220.1400139487418,29016443
2016-01-12,226.5322265625,230.8550635282874,225.5896493910729,228.60155699871387,23373377
2016-01-13,233.33609008789062,236.1313198658129,226.9114067252699,228.18984885104433,71802356
2016-01-14,230.04248046875,234.23532501627102,228.17900846765409,230.51918597239523,27823189
2016-01-15,232.56686401367188,236.0771449690892,230.8984018720038,231.79764350292703,28767318
2016-01-18,220.3350372314453,234.87453303742072,218.43906361533644,232.93520940889573,27254669
2016-01-19,226.13136291503906,227.4747939644474,219.73918091663597,222.96778081227743,21489315
2016-01-20,217.66983032226562,224.24618781009107,214.51708239892608,224.24618781009107,45114225
2016-01-21,213.26031494140625,222.26353574318838,211.63518843584404,220.48673481382508,31768619
2016-01-22,217.5831756591797,219.06746169288306,215.39467244845827,215.39467244845827,23682648
2016-01-25,217.53982543945312,220.74674282410305,216.68391942528197,218.8507547141282,13099564
2016-01-27,216.5430908203125,218.8507667692877,216.02304974376474,218.43907903472584,17251028
2016-01-28,220.34588623046875,221.40765062140753,216.0555509736724,216.90062314554362,23074633
2016-01-29,224.35452270507812,225.35126922652623,220.58422882125657,220.79007267188388,19177163
2016-02-01,223.24942016601562,225.74128627822364,222.22017206300364,225.3404180301683,9918809
2016-02-02,216.93312072753906,223.7911595696479,214.62543036213773,223.24945072887465,14771279
2016-02-03,212.65359497070312,215.38382128565348,211.26682850366376,214.08371145027684,15691478
2016-02-04,210.8442840576172,216.900600232485,209.2516593361559,214.0837029334668,18203784
2016-02-05,210.37841796875,212.7835987114515,208.3199216058435,212.15521880860464,20998404
2016-02-08,208.24411010742188,213.3903516500392,207.57238010970093,210.4217794947363,12078110
2016-02-09,207.474853515625,209.9233843176464,205.8497270604858,206.4781069754913,19603494
2016-02-10,208.59078979492188,210.83347692503344,205.55721437924555,206.21811047375775,16883350
2016-02-11,200.33511352539062,209.3058321222605,198.37412216414094,208.6341022142668,17114833
2016-02-12,196.434814453125,202.36112456290016,192.43699420019152,202.36112456290016,29319458
2016-02-15,205.1455078125,206.14225441259546,198.91584879413813,198.91584879413813,19283523
2016-02-16,201.63522338867188,207.583186330241,200.86598849962294,206.08806656366005,13024856
2016-02-17,206.41311645507812,207.46403249578233,198.56915029245238,202.6211400267671,15442221
2016-02-18,203.70457458496094,209.90173202438697,202.81616685008663,208.65579152509355,14433087
2016-02-19,204.6254425048828,206.4455932858489,203.10865500890037,203.68287991952667,10235503
2016-02-22,208.51495361328125,209.81506356836294,204.57130266045047,204.57130266045047,12770834
2016-02-23,205.77391052246094,209.5767065202165,204.27879056206444,208.6882987616178,18989787
2016-02-24,206.42393493652344,207.70236252456638,204.11624469562528,204.74463906717372,15186204
2016-02-25,204.57127380371094,207.2689983254598,203.867056717672,206.75979119616358,24826958
2016-02-26,205.92555236816406,207.74570314998078,204.6146087140618,206.49976281459084,8349402
2016-02-29,209.45750427246094,215.51382047887952,202.5994515256083,206.1313998221323,31032353
2016-03-01,212.6319122314453,213.44448262942484,209.02412685761527,209.0349607438692,16453192
2016-03-02,217.0089569091797,217.92986627345962,213.9212121921017,215.14547040567058,20105967
2016-03-03,219.4683074951172,220.58422676177284,216.14220300422977,218.85074702006418,15880459
2016-03-04,218.07069396972656,219.93418036350587,217.44231406873183,219.71748816230425,8987660
2016-03-08,222.534423828125,223.37948161129998,218.30907705436667,218.30907705436667,13222993
2016-03-09,225.71963500976562,226.196340494976,220.71423464729082,221.0175979431405,11854901
2016-03-10,219.22994995117188,226.62971166682465,218.6340717075315,225.79547344704704,20706353
2016-03-11,219.82583618164062,223.08693750650843,218.98077850873437,219.91252174441087,15319044
2016-03-14,220.9634246826172,222.40436053566276,219.48997270516114,220.82256969173233,11880095
2016-03-15,221.1259307861328,222.71855550089293,219.95584211089437,221.88431730838946,10487788
2016-03-16,221.39675903320312,222.27433269688495,217.86482553618106,221.2342507489905,11064129
2016-03-17,222.6295928955078,227.2092775068877,221.7530941737844,225.0399570665834,16832997
2016-03-18,225.08377075195312,225.73018158313377,222.56384800707525,223.12261189536045,14030979
2016-03-21,227.2969207763672,228.21724295655497,224.1086753775206,225.24811492093056,12708074
2016-03-22,229.60865783691406,230.57278876055884,226.93533852407495,227.2311615604986,15333442
2016-03-23,225.52200317382812,229.40048249725353,224.03196137441657,229.40048249725353,16806372
2016-03-28,223.59368896484375,226.06978779668415,222.55285244893057,225.6972737284862,18070240
2016-03-29,227.06683349609375,228.3267875113211,223.5498976426835,224.33873472880438,15871250
2016-03-30,229.43336486816406,230.46324569087028,228.48017511967453,228.48017511967453,14453294
2016-03-31,229.02798461914062,231.3945252040898,226.2889445284382,228.10767709524688,30833349
2016-04-01,226.6724090576172,229.2690228040276,224.60169158101996,227.6913339945881,12381116
2016-04-04,226.80389404296875,228.37062708553685,224.6674412237693,227.88855425495225,8632568
2016-04-05,225.0289764404297,228.41442714847713,223.98813980814438,225.99312200278408,10259495
2016-04-06,226.51901245117188,227.16542322278877,224.07578100645992,226.15745421771726,6990781
2016-04-07,227.2859649658203,229.64154975769242,223.9662491481989,226.77102453479034,8789163
2016-04-08,227.0887451171875,231.05487153542248,225.96026151232513,226.99012768256125,13411752
2016-04-11,227.95428466796875,229.093738824583,226.35468405429123,227.23118275097076,10308361
2016-04-12,229.5100555419922,231.7122580915777,227.4612497678992,227.9542784429017,11164859
2016-04-13,233.59669494628906,234.4403259570733,230.63853772971424,230.63853772971424,16038542
2016-04-18,233.31185913085938,233.7610643358609,231.2630533526454,233.54193235357084,19065716
2016-04-20,227.2969207763672,234.28696944573713,226.9682301042066,234.28696944573713,21687934
2016-04-21,228.14053344726562,230.51801515545162,226.7929178903452,228.1953127836454,11380697
2016-04-22,227.65846252441406,229.53195972592485,225.54392161353195,227.66941839177974,11705087
2016-04-25,222.82676696777344,228.86362509516744,221.8187979687433,228.86362509516744,61157544
2016-04-26,222.83773803710938,224.36064750633798,220.76702056384593,222.49810614355022,26429236
2016-04-27,223.3745880126953,224.80985052776592,222.62957440025272,223.0459119898499,14502641
2016-04-28,218.40049743652344,223.33076953535365,217.14052877213814,222.191330042699,61949033
2016-04-29,215.33274841308594,218.80586056140274,214.48911741934361,217.68831827179883,23479680
2016-05-02,216.26405334472656,217.45827222331218,214.30289444382424,214.52201180601347,10620873
2016-05-03,213.82080078125,218.01701487683874,213.15247826437871,216.49410547606095,17571826
2016-05-04,214.32476806640625,215.551854331106,213.20724046331816,213.4373136527026,13546285
2016-05-05,213.70028686523438,215.49709294728052,212.74709717518041,214.74112349187703,21665684
2016-05-06,212.31980895996094,214.03992401484658,211.89251550624383,213.20726346942527,14748329
2016-05-09,215.42041015625,216.05586509826418,213.16344294305327,213.64551574014283,15347096
2016-05-10,215.29989624023438,215.77101317120005,214.30288304067054,215.4204107830258,7248302
2016-05-11,213.733154296875,214.9054613274706,212.54987677188865,212.94430261355078,12339923
2016-05-12,217.5458984375,217.85267734265813,213.65646323798853,213.86462471223183,12786216
2016-05-13,214.3357391357422,217.0528672730645,213.64550489130477,216.7022649037138,14648291
2016-05-16,213.85366821289062,215.2889306761971,212.79091985603353,214.0837414205846,9327335
2016-05-17,212.3636474609375,215.42042243005707,211.75010421895527,214.79592331995602,12157600
2016-05-18,212.67042541503906,213.09770426970374,211.25707455224358,211.65150043003047,8228838
2016-05-19,208.4303741455078,212.96623520043997,207.20328765943657,212.92241172788937,9134784
2016-05-20,204.7052764892578,209.1534905969558,204.080777378384,208.60568256300877,18544619
2016-05-23,203.78494262695312,206.12957140948686,202.83175289943375,205.39549903205173,18365734
2016-05-24,206.07479858398438,206.85267982869118,203.35765559311855,203.35765559311855,12283217
2016-05-25,208.4303741455078,208.78097655323984,206.22818614053125,208.1345657057913,9240115
2016-05-26,207.4771728515625,208.69331802934883,206.8745855100975,208.16742176059233,14190024
2016-05-27,213.5797882080078,214.06186105543125,207.89353148400124,207.95926669583244,13401594
2016-05-30,212.26502990722656,215.06980508750934,211.45426646808104,213.95227736233943,9633652
2016-05-31,209.88754272460938,213.20727307042165,209.59173429301813,212.33077438883083,23332727
2016-06-01,208.9562530517578,211.69530762215885,208.56184183162978,209.90944275505268,9042808
2016-06-02,209.5369415283203,209.7341617778392,207.09372447741254,209.15348615183603,10253825
2016-06-03,210.28196716308594,210.99411319495303,209.44929195850835,210.35865823742105,8643295
2016-06-06,209.21922302246094,211.0160292542523,208.72619433573473,210.57777990745933,8672842
2016-06-07,209.2740020751953,210.5668237504996,208.51801793049998,209.75607489327328,18954268
2016-06-08,209.06582641601562,209.92039868721676,207.9811516783498,209.92039868721676,12135516
2016-06-09,212.8018798828125,213.96323106566854,209.52597318461522,210.3586483500551,15643495
2016-06-10,214.0180206298828,215.70528277589165,212.17739096240973,213.42638914293337,16316760
2016-06-13,214.98214721679688,215.49708758376502,211.02696228306516,212.527959916766,10214469
2016-06-14,213.91943359375,215.92441605295338,212.39652397933486,214.9493144947983,10923848
2016-06-15,215.74911499023438,216.16543798239593,213.37161845099064,214.74114585982002,11129082
2016-06-16,213.9303741455078,215.54093059324074,211.90348009426714,214.9602549728195,9372207
2016-06-17,213.6235809326172,214.44530021688112,212.5717884400618,214.08374197652589,10534878
2016-06-20,216.9761962890625,217.5020925781057,212.11165927224468,213.02101093962258,10758608
2016-06-21,216.29693603515625,217.84175742831877,214.67542355987854,217.83080155944518,13933068
2016-06-22,214.85067749023438,216.03394036310115,214.1056492907808,215.8367347600652,12788710
2016-06-23,214.8397216796875,215.17935355167174,212.54987237387576,214.73016301130548,9837526
2016-06-24,208.4851531982422,211.4323694871628,204.52998241472275,211.4323694871628,24985097
2016-06-27,209.40545654296875,210.00804386284267,206.0857410364307,206.0857410364307,9163399
2016-06-28,209.8765869140625,210.69830625669405,209.26304368771218,209.5698226145508,7604977
2016-06-29,211.87062072753906,212.31982595189274,210.3586670311757,210.79691638730924,7523987
2016-06-30,212.3636474609375,214.19333594609262,211.90348637261903,212.98814657103858,12758283
2016-07-01,213.30587768554688,214.03993546414378,212.54989354376417,213.15249553453526,6610193
2016-07-04,216.20924377441406,217.72119734639324,213.755070985688,213.755070985688,7803505
2016-07-05,217.61163330078125,219.75904175156415,214.8068581997706,216.07776803203262,11359882
2016-07-07,216.4722137451172,219.23316563138806,216.08874373589626,217.48018286074938,12029091
2016-07-08,214.39053344726562,216.71323590974276,213.94132824408993,216.27500120159743,7140617
2016-07-11,217.4801788330078,218.0170309850437,215.94631345185854,217.15148817014477,8266601
2016-07-12,219.86863708496094,220.2192248656451,217.15149402069494,218.08277206779184,9767494
2016-07-13,221.04090881347656,222.78293545160463,220.03293985086378,220.2630130450727,14915296
2016-07-14,220.19729614257812,222.2132342353048,218.7401219095391,220.89850090450767,10758372
2016-07-15,221.79690551757812,223.7251967489848,219.89054064897658,221.09571535494237,13992989
2016-07-18,220.49310302734375,227.61462103376635,219.50704578784985,225.2590366000142,32106850
2016-07-19,223.0240020751953,224.15248568416064,218.09371541901248,220.43834420441036,16649300
2016-07-20,224.16343688964844,225.32478807701338,222.7500861272933,223.49511435764805,12265316
2016-07-21,220.51504516601562,224.60170095195642,220.2192221024479,224.38256896445108,6711097
2016-07-22,222.37759399414062,223.02400481294032,220.24112666535078,220.43834691041494,6899519
2016-07-25,224.10865783691406,224.3277751829863,220.73414831611845,222.19132254947732,8241568
2016-07-26,224.39349365234375,226.74907808358006,222.45426140224697,224.16342045612595,10516399
2016-07-27,221.99411010742188,224.82079692140954,221.0847438945503,224.17438614305985,11030767
2016-07-28,224.89749145507812,225.80685768195997,221.98315766045846,222.39949523892582,15610838
2016-07-29,222.38853454589844,224.579766434712,221.753065011189,224.38254620323036,9629597
2016-08-01,221.2052459716797,223.5717862397774,220.23014461193213,223.0678017603795,7978251
2016-08-02,221.9283905029297,223.50607933896524,220.50408381520506,220.87659794557266,7710138
2016-08-03,217.79794311523438,222.27901069167459,217.26109089051516,222.27901069167459,11872282
2016-08-04,217.58973693847656,219.12360231558625,215.48615180727774,218.90448495913924,10187608
2016-08-05,222.68434143066406,223.2869287332381,218.47717155214292,218.68533302177423,12109001
2016-08-08,225.532958984375,226.5737956075618,223.2102420358569,223.48415333911302,13556347
2016-08-09,225.85067749023438,226.6833526336743,223.72518079112933,225.03992870803566,13290768
2016-08-10,219.9234161376953,226.69433279854616,219.56185786201095,225.9712308745047,13471958
2016-08-11,222.21322631835938,224.13056153706498,219.0359371502519,219.55087752238865,14169454
2016-08-12,226.96823120117188,228.52402299687793,222.8487077340662,222.8487077340662,16365425
2016-08-16,224.57977294921875,228.94032511953964,222.52001140342725,227.06682794373526,13367575
2016-08-17,222.03793334960938,225.4343398697291,220.70127369907684,224.40445912127265,15486572
2016-08-18,223.07876586914062,224.30585220026362,222.62956070489236,222.62956070489236,7749690
2016-08-19,222.38853454589844,223.94431152732818,220.6793608005773,223.06781292087248,8177802
2016-08-22,221.72018432617188,223.44031383688093,220.70125951017755,221.75305192492493,6684236
2016-08-23,221.41346740722656,222.41048070387075,220.21923384857547,221.7530993336182,7320433
2016-08-24,223.61563110351562,223.93336588537835,221.53395778862702,221.68733993219632,8719596
2016-08-25,221.9064483642578,225.47816314828512,221.0956850081856,223.76898950625718,14960746
2016-08-26,225.2371368408203,225.87259175882602,222.32278843340234,223.04590491537942,9639663
2016-08-29,231.7122344970703,232.21621898847985,224.84270134971575,225.09470090908314,16193208
2016-08-30,233.67343139648438,234.13357786948106,230.73717090006346,232.70928572221698,18170724
2016-08-31,232.27099609375,235.3387264792258,229.42238303838315,233.34470026593402,23295502
2016-09-01,225.52200317382812,235.06482665749513,224.75506322637952,230.73714215810568,42621045
2016-09-02,222.04891967773438,226.25609018435216,219.6275996118064,225.93835537173308,28124615
2016-09-06,223.4841766357422,224.60170444468378,222.41047229951775,223.4841766357422,11510431
2016-09-07,222.9911346435547,225.0508962477473,221.98316557651037,223.94432437296902,12927438
2016-09-08,226.4423370361328,227.00111557497692,223.54991466369302,224.1744137851142,12206479
2016-09-09,228.8855438232422,230.05785085989774,225.69729872692147,226.7929146937263,15269894
2016-09-12,229.31283569335938,231.39450894145656,225.5110474370182,225.78494411317527,33684893
2016-09-14,228.9293670654297,232.0518769559346,228.08575067057987,229.641527682277,18604842
2016-09-15,233.3666229248047,234.50606234936814,229.42239377958026,229.42239377958026,31371009
2016-09-16,235.67837524414062,239.6883396913364,232.07379251404612,233.80487805536353,39324529
2016-09-19,237.1793670654297,238.40646805360544,234.68137087565125,235.02100275325975,16678060
2016-09-20,235.382568359375,237.69431488217413,234.25408476638174,237.52997687173615,11531268
2016-09-21,234.9552764892578,237.727184087301,234.24313047856486,235.33874647685846,10943394
2016-09-22,238.6146240234375,240.1156216524841,236.4343480275154,237.3108466235212,18761415
2016-09-23,241.64950561523438,243.10667989017782,238.62559838918483,238.62559838918483,31085948
2016-09-26,242.61363220214844,247.51105091598788,241.09072284088504,241.78095707393052,38213411
2016-09-27,243.33677673339844,246.72224254677448,242.48220434904056,244.76108354376564,19374535
2016-09-28,238.9871826171875,242.78897148443684,238.03399277634142,242.7670597468233,24820234
2016-09-29,234.9990997314453,243.39152821682944,233.89252786678682,239.94034221374443,21260295
2016-09-30,237.4642333984375,239.84172966994748,233.65147467043676,234.02398877511715,11199883
2016-10-03,238.99810791015625,242.7779845562196,235.831774466108,238.187344467522,18125170
2016-10-04,240.23614501953125,242.85467040972992,239.2829553211116,239.5130431590022,13113580
2016-10-05,238.71324157714844,242.46026526161546,237.92440449385236,241.9124572620879,10789932
2016-10-06,243.40249633789062,246.7879471034055,239.28295858002704,239.28295858002704,21111045
2016-10-07,243.00808715820312,246.08675922266764,242.46027912734775,244.10370321991394,15280380
2016-10-10,240.23614501953125,245.85668040552162,239.7212046352273,244.10368314905867,11553662
2016-10-13,231.6465301513672,238.63656413514386,230.51803185819767,238.62560826707409,21938040
2016-10-14,236.13853454589844,237.09172424781565,232.63255464743412,232.92837768942866,15265659
2016-10-17,232.41342163085938,236.82876746466033,231.99708407763043,236.65345897379677,9826781
2016-10-18,236.89450073242188,237.25605895034775,232.72019862233856,233.58572669382943,11073137
2016-10-19,238.26402282714844,239.87459375908222,236.96024542084314,237.62856792422673,17073242
2016-10-20,238.307861328125,240.59769600684214,237.54092139472246,239.71024153820724,10125508
2016-10-21,233.19134521484375,240.3785992596081,231.92042067064696,240.3785992596081,43608816
2016-10-24,232.99412536621094,235.33875421129068,232.41344974567096,234.46225553291902,10513017
2016-10-25,232.457275390625,233.4214210203844,231.00010107808697,233.36664168088976,7658966
2016-10-26,230.9672393798828,232.15051702520236,230.53994589357248,231.4054887343722,10945927
2016-10-27,229.79493713378906,230.9343767033802,228.63358582737223,230.32083344493324,12842476
2016-10-28,231.16445922851562,231.83278181359154,228.72122749224073,230.0797990260395,8127969
2016-11-01,230.2989044189453,231.38356456504383,229.51005269778642,230.36463962448744,10223897
2016-11-02,224.32777404785156,228.5130469825886,223.72518672187593,228.1076652670801,7039997
2016-11-03,224.37159729003906,226.73813774988278,223.63753955782738,224.3496855555649,7311872
2016-11-04,220.3397216796875,225.01800833700344,219.1235766120815,223.56083420557877,11535892
2016-11-07,219.37559509277344,222.75009004126457,218.91543403119258,222.19132617234345,9506040
2016-11-08,219.89053344726562,220.37260623932875,218.75107935772692,220.37260623932875,13432073
2016-11-09,220.13157653808594,221.0957221835673,203.78495329186768,208.16743216884407,21640144
2016-11-10,221.4024658203125,225.46720924769633,220.6574376551577,223.19927178056398,9764091
2016-11-11,219.50704956054688,222.95824995809178,218.04987540925788,218.65246270434423,14775330
2016-11-15,215.92440795898438,219.123609227993,214.64252750135094,218.3566838289084,14487470
2016-11-16,216.17637634277344,218.42240228153716,214.89451061080626,218.0279764304218,16550762
2016-11-17,214.24810791015625,218.71821896735528,213.51403551681352,216.05586996950544,12628378
2016-11-18,216.38453674316406,217.52397611716844,215.17934754264104,215.83672878922638,18163751
2016-11-21,217.26104736328125,217.71023791600237,215.4423149088138,216.3955046046057,13232434
2016-11-22,219.44134521484375,220.8327697343284,217.65548018453205,218.61962584316345,17646355
2016-11-23,221.09573364257812,221.42442432926816,219.02501595928516,220.21923489628998,13107911
2016-11-24,216.3516845703125,220.33973729101714,215.22320098237498,220.33973729101714,18913793
2016-11-25,217.7431182861328,218.22519109586784,215.69432712891745,216.93236944293764,10454964
2016-11-28,216.1982879638672,219.25506271058478,215.63952410313317,217.58972699570444,8312777
2016-11-29,218.61961364746094,220.06583205473066,216.50507268829878,216.71323417299962,9885281
2016-11-30,216.94332885742188,219.11264922303127,216.19830058141181,219.11264922303127,27596098
2016-12-01,218.63058471679688,222.41047632569368,218.02799732870065,219.123613421117,12627845
2016-12-02,217.9731903076172,220.21920154912956,217.3267795280946,218.2251752483041,12481430
2016-12-05,217.7760009765625,219.0578667644169,216.1654298999004,218.0279859360806,3987213
2016-12-06,220.26303100585938,220.55885404986077,217.94032863228978,218.2470929162493,6726369
2016-12-07,218.9373321533203,220.78891752467385,218.32378898513616,220.00008048767293,4930865
2016-12-08,223.51702880859375,223.90049879572112,220.076784046523,220.23016619044338,8750556
2016-12-09,225.46722412109375,226.10267903753314,223.5718006115034,223.94431471865443,8239158
2016-12-12,225.08377075195312,228.26106019587357,223.6156405764741,223.6156405764741,9023848
2016-12-13,227.8447265625,228.10768202309808,225.16046575289036,225.25906856536696,10365823
2016-12-14,232.1614532470703,233.24611335966333,227.49412215181422,227.8447099038759,24139260
2016-12-15,230.72618103027344,233.93633776374082,229.78394723166943,230.60566649558177,19331986
2016-12-16,231.6465301513672,232.70927860879075,230.51803185819767,230.51803185819767,14942206
2016-12-19,232.8297882080078,233.7939338323073,231.03296737345144,231.17540828265783,15009634
2016-12-20,231.8108673095703,232.4901457546958,230.77003059216048,231.1096771283868,11688169
2016-12-21,232.98316955566406,233.87062410205024,231.6574802973112,232.29293525698972,20367894
2016-12-22,230.8138427734375,232.85169263645457,230.28794650644363,231.83276770494604,28892834
2016-12-23,231.6793670654297,234.23215712416223,230.51800132189487,230.51800132189487,10265033
2016-12-26,229.52102661132812,233.58577082555138,228.90748335070208,231.03298033965362,15321770
2016-12-27,233.3009033203125,233.82679959968016,229.4224091178969,229.60867349698816,17442849
2016-12-28,230.01405334472656,234.36366472868957,229.44433356279757,234.00210644555725,9637310
2016-12-29,233.46524047851562,234.19931286977828,229.97021628755195,230.0797895919845,8772325
2016-12-30,237.1793670654297,237.74910140510195,232.95028537724681,233.32279948323998,15711974
2017-01-02,237.77102661132812,238.84473089473974,234.9771925990686,237.5299828959129,7097888
2017-01-03,238.71324157714844,240.3785919379455,236.8945236994614,238.811859011471,6434204
2017-01-04,233.83775329589844,239.50209777108125,233.21325421257254,239.48018603578305,10392483
2017-01-05,236.08377075195312,236.6315787758402,234.18836171787427,234.68139040210534,8734164
2017-01-06,235.5469207763672,237.74912338755868,235.14153903183325,235.38258275587793,7845839
2017-01-09,236.14952087402344,237.96825357477653,234.68140522386673,235.99613871329947,5228980
2017-01-10,238.8118133544922,239.80881172861464,236.65343474403497,236.65343474403497,11349916
2017-01-11,237.9791717529297,240.09371257161257,237.52996658319685,239.94033043518084,11475958
2017-01-12,237.3765869140625,238.92140804330162,236.609646969281,238.18733569952568,4371992
2017-01-13,238.93235778808594,240.48813474446288,237.65047749973726,237.65047749973726,7234429
2017-01-16,235.83177185058594,239.71025126028096,235.3277873282119,238.83376725026284,12013154
2017-01-17,228.16244506835938,234.02399495866607,227.55985774115555,233.36662829510973,39234251
2017-01-18,226.25608825683594,229.64155397291037,225.42341300644165,228.4582763075089,15867619
2017-01-19,226.508056640625,229.04989088764037,225.91641057579744,226.82577677942345,15284274
2017-01-20,224.77700805664062,227.32979858945265,224.36067042049487,226.56287315640773,8784907
2017-01-23,222.60763549804688,225.9163948215097,221.92835717307346,223.90047157877163,13708502
2017-01-24,225.1056671142578,225.43434312766897,222.84868535220502,222.84868535220502,9419288
2017-01-25,222.9144287109375,226.28892344795148,222.662429147312,226.13554131281234,23856654
2017-01-27,224.62359619140625,225.4562713535853,223.2869365105033,223.5608478179369,21861796
2017-01-30,228.94032287597656,229.30188111786623,224.5578590141721,224.59072661549607,15678126
2017-01-31,229.02798461914062,230.91245239284694,227.9542803184922,229.38954288440448,15125194
2017-02-01,230.00308227539062,230.2769935935583,226.8367487653081,229.22520104607534,11312284
2017-02-02,228.6554718017578,230.25507229179027,227.50507649336802,230.079778416935,9099129
2017-02-03,226.49713134765625,230.1784054991747,225.71923544128683,229.20330396279314,13219481
2017-02-06,228.25009155273438,228.9622375512274,226.1465065316754,227.23116664395107,9991907
2017-02-07,225.89451599121094,228.40348282813298,225.0837671550574,228.32679175432503,9905562
2017-02-08,224.6345672607422,227.5050924264882,223.94433295283355,225.89452132915633,16230826
2017-02-09,226.29991149902344,226.57382283519578,224.99613391026708,225.2590747507581,9861688
2017-02-10,225.7301788330078,226.91344180233384,224.722209747337,226.79292725732088,12518554
2017-02-13,225.66444396972656,226.57381024722392,223.94432885176462,226.35467826499502,8565757
2017-02-14,230.03594970703125,230.7152427544646,225.67539737347482,226.79292512592764,18244623
2017-02-15,230.36463928222656,231.72321074339212,229.03893542378324,230.71524167192365,15236663
2017-02-16,233.91444396972656,234.3417374346383,230.63855178428076,230.63855178428076,19655195
2017-02-17,235.66744995117188,236.2590961163073,231.93139632888574,233.69534970092332,14847356
2017-02-20,235.64552307128906,236.40150721853405,233.69533468378376,234.58277461980435,11650581
2017-02-21,238.45028686523438,239.0528741668724,235.13055683183404,235.60167373180388,14186476
2017-02-22,264.591796875,265.50114867340045,239.2830068919795,239.50213890992825,127323130
2017-02-23,259.1684265136719,267.76903096665285,258.42339828626336,265.9283867599504,62249698
2017-02-27,271.4722595214844,275.3945481700876,260.8338041381545,260.8666571160054,83422197
2017-02-28,271.2859802246094,273.4662710516185,269.1933363399269,269.96027633993856,36111716
2017-03-01,270.5080871582031,272.6774073952574,269.5220298454828,271.7351735517845,24385665
2017-03-02,271.0010681152344,274.93432617917864,268.8755717215396,271.2530383917314,18063590
2017-03-03,275.7779846191406,282.18735700396303,272.052902055084,272.052902055084,84305639
2017-03-06,286.0329284667969,287.4901024625044,277.2460902851319,278.0677948262167,66724743
2017-03-07,285.9452819824219,290.7769503286814,284.016991139202,288.9911003647229,42071555
2017-03-08,282.93243408203125,286.54795859991003,281.8149061943482,286.54795859991003,43336972
2017-03-09,281.9573059082031,284.42244945434976,280.8069250897717,282.669481241822,31094457
2017-03-10,280.8397216796875,283.98415769531164,276.35864072240764,282.72418919033964,24785585
2017-03-14,282.55987548828125,289.02404227048964,281.62861209829543,288.9692483041829,27765035
2017-03-15,285.9452819824219,288.43233659518233,282.757051975507,282.8994636001208,24107889
2017-03-16,284.3457336425781,287.1395528565999,283.4582645360172,287.0519059208385,15924023
2017-03-17,285.01409912109375,289.2322109317713,284.43342345681197,286.6136851945283,22727289
2017-03-20,280.65350341796875,286.23020059316633,280.11665131037563,286.1754066311194,12869337
2017-03-21,276.92840576171875,281.33278151653013,275.94234843179726,280.9602820214286,22596181
2017-03-22,276.0299987792969,277.3885556210907,273.1485324538092,274.34273665370296,20291685
2017-03-23,279.0101013183594,279.94136475761,275.6575178314708,276.78598690148164,11807911
2017-03-24,281.9573059082031,283.1077159812901,277.9473410234483,279.18539804442884,16282523
2017-03-27,274.1455383300781,280.2043234504644,273.2909513769059,278.5280025205822,32452615
2017-03-28,272.9732666015625,276.9722610914353,272.1734442998629,275.6575275851925,21707345
2017-03-29,275.3616638183594,276.0957215443711,270.2560834557331,274.2769890890697,18924345
2017-03-30,278.429443359375,279.32785387791427,274.5619191857531,275.0001539486225,27862325
2017-03-31,289.4403991699219,293.1107177030367,277.41050386414764,277.41050386414764,45390562
2017-04-03,301.2182922363281,302.50017278951555,292.97924472262855,294.0639196340926,44886623
2017-04-05,310.05987548828125,310.71725677243865,302.4124754291378,305.7212350749376,40323877
2017-04-06,315.2093200683594,317.4881992411718,307.25515470066495,308.74518208145594,50620850
2017-04-07,308.2192077636719,314.22319803599214,307.33176796427006,311.4403494809205,31875272
2017-04-10,302.6864318847656,312.2292422677198,301.7989626305786,308.96430560354895,30768410
2017-04-11,300.7142333984375,306.87160547616696,300.2212048124963,304.1106395439666,32249647
2017-04-12,296.6933288574219,303.8039058521224,296.0688298197195,303.0040836901894,27448279
2017-04-13,299.0599060058594,300.944344498031,295.2361765465829,296.6933508273416,12713918
2017-04-17,304.9871826171875,305.79794605557015,299.10372095088104,299.10372095088104,11837502
2017-04-18,300.2431335449219,308.96423721057937,299.5419288427577,306.7620641887551,16016414
2017-04-19,299.93634033203125,302.94930597735765,297.4711972602732,299.9801637975447,11572557
2017-04-20,300.10064697265625,303.880522685304,298.9064138384233,302.1713785375089,8393496
2017-04-21,307.3208923339844,311.3746807571274,302.0728703448234,302.500163849925,30230907
2017-04-24,310.5857849121094,314.4423671524225,306.8168496086532,308.75608196859093,25512511
2017-04-25,313.96026611328125,321.6186362985289,312.4921507300193,319.92043308868165,36764315
2017-04-26,310.3775939941406,315.54890929511157,307.342745813705,314.4423521427872,16763153
2017-04-27,308.8547058105469,312.06487733084526,307.2551199250543,310.49814442003,12571594
2017-04-28,305.7212829589844,311.22127540721726,304.800960718878,308.90954319273345,11848658
2017-05-02,300.31988525390625,307.2113170814899,299.3886217519409,307.2113170814899,18591411
2017-05-03,300.22119140625,302.5548345881354,299.1036638953057,301.71121833596004,9500038
2017-05-04,297.5589294433594,302.30295212389257,296.7043424503725,301.2949829727436,14365934
2017-05-05,291.0509033203125,299.6186546877648,290.33875733120516,298.3586860887891,15598448
2017-05-08,289.54986572265625,293.51600608618975,288.8815432941128,291.43433311407915,16066733
2017-05-09,291.5110778808594,292.23416510698564,289.29790497027534,290.11963888194185,21106150
2017-05-10,297.8108825683594,298.79693992560635,291.57683288581313,292.48618454108714,22906024
2017-05-11,297.9095153808594,300.1445710380613,296.1784296687702,298.90651403004057,13783848
2017-05-12,295.9154357910156,298.8845487243172,294.5130556360903,298.0190206507285,7523427
2017-05-15,294.5240173339844,297.21924842162235,292.2013149847593,297.21924842162235,6738085
2017-05-16,297.1973571777344,301.7112917813672,293.8447445741302,294.95133111651575,12655992
2017-05-17,296.49615478515625,299.3118860013444,295.3238330256958,296.47424304912863,9844573
2017-05-18,290.853759765625,295.8169002686978,290.1416136245824,293.68046184557,9790379
2017-05-19,288.99114990234375,292.68337961136086,287.05191748849916,292.0917627711307,12813204
2017-05-22,290.1524963378906,292.22322838132334,288.1913522214276,290.6674367251093,8801430
2017-05-23,286.07684326171875,291.4015711307474,285.29896193435496,290.4921901205517,9223001
2017-05-24,284.3566589355469,287.8626531879912,283.78695388504707,286.5040672505766,14326531
2017-05-25,285.3975524902344,287.57781410067895,284.08278982305876,284.86070033177816,25922008
2017-05-26,293.03399658203125,294.58975900892256,284.860685456852,285.72621360957874,21430443
2017-05-29,297.3288269042969,299.2023241970798,292.6614809058712,292.9682744617091,24022633
2017-05-30,297.86566162109375,299.0379832996835,295.4881652894662,297.10969215296217,9658309
2017-05-31,293.77899169921875,299.7501295143908,292.7052874525053,299.54195340901197,16423338
2017-06-01,291.0509033203125,293.6256052264595,289.90052264703195,292.0260193745756,9534069
2017-06-02,290.28399658203125,293.34078624517196,288.5857931045776,292.5300227320339,11495005
2017-06-05,291.2919616699219,293.84475209840235,288.33381874517136,290.612697841191,10835031
2017-06-06,287.6654968261719,292.2999612050616,287.2710855297523,292.2999612050616,9591064
2017-06-07,293.4064636230469,294.0638448496006,286.83276837610674,287.3148264888366,11199223
2017-06-08,291.806884765625,294.6774098288396,291.0070918068265,293.62561728896316,7903123
2017-06-09,292.683349609375,296.4632258702231,291.65346892359497,294.74311098093506,13836547
2017-06-12,289.12261962890625,291.37961607434136,288.5857674996751,290.67841130699674,8432435
2017-06-13,288.0050964355469,290.7770040644326,287.2710386818134,289.37462376231554,6025338
2017-06-14,297.46026611328125,298.008059450785,288.34472168536126,288.34472168536126,52939271
2017-06-15,303.2560729980469,305.6773926263451,297.81084645782664,298.0080520544335,28290813
2017-06-16,304.31890869140625,305.852759619744,300.0459734700102,304.38464390599256,32710880
2017-06-19,308.7999267578125,310.23518932991914,304.6256387105091,304.6256387105091,15236956
2017-06-20,309.47918701171875,311.6156541552572,308.40548282026117,308.74512931535196,10142474
2017-06-21,311.5937805175781,312.90851393722255,307.7043157168712,308.4822262298051,19992472
2017-06-22,313.9274597167969,316.7212792589446,312.842784877381,313.2262548937001,22118609
2017-06-23,314.62860107421875,315.97621660526784,313.47822040500256,314.6614833027415,31143289
2017-06-27,314.9134826660156,316.1953631129135,312.2511335868611,313.78501362683903,32591540
2017-06-28,306.44439697265625,315.52706085745007,305.79798608719454,315.52706085745007,15567803
2017-06-29,305.1734313964844,308.9642786871054,304.60372626889966,306.77304661016433,12898245
2017-06-30,302.3905334472656,305.1076467400709,301.30585882510167,305.01999981157064,7814271
2017-07-03,302.6206359863281,305.6116902473523,300.4184627057501,304.18736894293255,9195278
2017-07-04,311.5827941894531,312.71129242237436,304.36268736167807,304.5818047113755,18816782
2017-07-05,316.1186828613281,317.1704754386472,312.0320124721136,313.22624596003726,27209010
2017-07-06,316.0967712402344,317.7292394465279,315.09974337494833,317.44435762521533,13590313
2017-07-07,326.7461242675781,328.19232790036995,315.5379656631537,316.19531765321807,35845310
2017-07-10,327.11865234375,328.8826201413536,326.29694765696473,327.6116810067517,3504540
2017-07-11,327.4473876953125,329.64956113889144,325.83683114887873,328.9045620832272,20995547
2017-07-12,331.11773681640625,334.16355629708335,328.13765255263644,328.553975593049,17104482
2017-07-13,336.1794128417969,336.81993408746405,332.6566049650539,333.23086844260513,23010262
2017-07-14,338.75250244140625,339.2494504545176,334.73274649033704,335.71561429862214,20530867
2017-07-17,342.72808837890625,344.46187758149114,339.4703115005978,339.4703115005978,18749450
2017-07-18,335.6935119628906,342.7390980071215,333.72780592964097,341.6347724194457,19640167
2017-07-19,338.57574462890625,339.6911277437129,334.08112752274866,334.08112752274866,11790198
2017-07-20,337.6813049316406,342.3415524384327,336.5327780092869,340.07767170765715,13626050
2017-07-21,350.07183837890625,351.55162454929496,341.2261765195144,342.34153025566445,97142371
2017-07-24,356.7530212402344,358.8843568144316,350.0718385746833,353.3848151348352,43429394
2017-07-25,353.8597106933594,358.8954485161936,352.8547569774608,358.84021896571454,20063064
2017-07-26,358.40948486328125,359.98867237737886,353.62775048089657,354.3124434895297,21954323
2017-07-27,352.2363586425781,360.34209887458707,350.8117723641074,359.56909156190886,18409364
2017-07-28,352.15899658203125,354.6989658778993,348.525759487821,351.4522176452941,14331863
2017-07-31,356.74200439453125,357.5371271164533,352.5013891938987,353.81554585430666,16567422
2017-08-01,354.179931640625,358.409488578495,351.50744682573736,358.409488578495,12311920
2017-08-02,359.8340759277344,361.26969023783977,355.1737992973622,355.5934612712648,20786240
2017-08-03,364.45013427734375,367.7189682862611,357.1505462736136,359.3150253418695,19707381
2017-08-04,358.27703857421875,367.29938929768093,356.7199366792824,367.29938929768093,18579866
2017-08-07,356.9959716796875,360.36414834799587,356.1566771950295,360.36414834799587,9537088
2017-08-08,353.9480285644531,358.0340419238002,350.4693927800025,357.3604065854902,10961296
2017-08-09,353.11981201171875,357.8021753882954,350.07189549111354,353.7161614536204,10436651
2017-08-10,349.9283142089844,354.85362263924844,348.5147856023607,351.84984854886034,10188164
2017-08-11,341.5133056640625,348.96749581420147,338.58681786909625,342.55137345857304,16996281
2017-08-14,347.4324645996094,349.9613762091734,344.7710374673446,344.7710374673446,13440617
2017-08-16,345.89752197265625,348.08408734717625,342.3857422297132,347.20062093063217,13576650
2017-08-17,346.11834716796875,352.8657877190801,344.8041906340024,346.5379796681342,15828719
2017-08-18,347.9515075683594,348.4815991602277,343.03725744731616,345.4336535968152,7935890
2017-08-21,345.5220031738281,349.88410534358263,344.6054226919537,348.30491773237475,7573558
2017-08-22,344.5612487792969,348.9454073569074,343.67778244122997,347.2005900892563,9533641
2017-08-23,349.42022705078125,350.4141228747241,343.0372196538361,345.62136059097054,8320052
2017-08-24,346.3281555175781,351.8608410324256,345.5440905608026,351.1761774659957,12654347
2017-08-28,345.9968566894531,349.39817696337917,344.8152156926778,348.7576852584667,12316426
2017-08-29,338.39910888671875,346.2067034193985,337.92424682305705,344.9588046033179,15164812
2017-08-30,345.4557189941406,346.4937867079667,340.40895364676396,341.8003960760341,10334911
2017-08-31,352.17010498046875,352.82165446664675,347.6423432316171,347.86320246638684,25104625
2017-09-01,355.6156005859375,357.0512151115949,353.16400408432133,353.3517196918951,15431918
2017-09-04,356.3334045410156,361.3691425267271,352.4682499860751,356.8082666390844,21560532
2017-09-05,360.5850524902344,361.08200047729855,358.0340547891191,360.010789032804,25216776
2017-09-06,363.4121398925781,364.9802994554052,358.420603169383,359.215696425472,48745984
2017-09-07,361.380126953125,367.74107855025056,360.01077037712145,363.54463565188126,16205339
2017-09-08,360.8500671386719,363.6550675580082,358.72975975527726,362.21942372334445,13248413
2017-09-11,361.2917785644531,365.2452762826746,360.6954587109712,362.79368013282823,12690592
2017-09-12,363.8759765625,364.4281246612297,360.89428836771503,363.43422859630135,6500191
2017-09-13,375.0296325683594,379.84448116849643,363.1028816956903,363.9863479996521,29377106
2017-09-14,372.75469970703125,380.55126562556444,371.93752063969015,378.03341168690326,11867640
2017-09-15,371.84918212890625,376.7302886289489,368.7349787997664,371.9375258130909,28595395
2017-09-18,373.50567626953125,375.9352161800743,372.4234365914427,375.47138232534337,5061995
2017-09-19,370.43560791015625,374.91919712132307,369.7288584677731,374.8971112012486,7718697
2017-09-20,374.2124328613281,385.4103191373645,373.3068806155662,378.1659306584799,24942703
2017-09-21,371.6504211425781,376.2223547492776,369.3975979681299,374.14621896306625,12950541
2017-09-22,361.0709228515625,371.0098820444893,359.21564653725477,371.0098820444893,12294087
2017-09-25,362.90411376953125,365.7312000865037,355.6818112754915,360.01076969032425,14229631
2017-09-26,362.26361083984375,365.3336424397479,358.7739467246368,362.9703898265132,10564143
2017-09-27,353.00933837890625,364.73731653879764,351.3970366226274,364.69314469580945,18448855
2017-09-28,347.3993835449219,354.665858475459,344.6385547641164,353.23024402227946,29547622
2017-09-29,344.94775390625,350.46938144823713,344.152631283785,349.7405165870434,16666208
2017-10-03,352.6559753417969,355.0854857612182,346.91345863943957,351.1761890653594,18345748
2017-10-04,361.7114562988281,364.4059976915527,351.4412079471208,353.0314237795595,18907611
2017-10-05,364.0526123046875,365.9520604692661,361.62310204053017,364.4280729585558,10631751
2017-10-06,369.7509460449219,370.7669278601106,363.3679087043247,363.98634395639124,12997688
2017-10-09,366.9238586425781,370.9656999703981,365.75327538987113,370.6122957615288,8850408
2017-10-10,372.46759033203125,374.2786948439745,367.0784781257912,367.0784781257912,14732024
2017-10-11,371.12030029296875,379.18189700421595,369.2871099554636,373.39520903121735,15420644
2017-10-12,385.5207214355469,387.3097398794139,371.9816695243942,371.9816695243942,18642942
2017-10-13,387.1551208496094,393.44978498836514,385.78576431902826,388.4140772671283,21509701
2017-10-16,387.3097839355469,394.0240811128242,380.4629417397284,388.28159398583864,32009221
2017-10-17,386.2275390625,390.4902398782278,383.06913432627505,387.83984082578587,13898844
2017-10-18,403.96307373046875,405.4649460283783,386.5146927353355,387.5748465595112,36671941
2017-10-19,401.93109130859375,407.23186018590815,398.88314551823635,404.5372891583006,8014767
2017-10-23,415.1167297363281,417.3033244832035,401.57767617174875,403.2562652237301,27455320
2017-10-24,412.6872253417969,418.6285153892324,410.01476975761955,418.6285153892324,13857773
2017-10-25,415.1830139160156,417.83338351959236,410.58899472275726,415.271357603654,10011782
2017-10-26,418.4959716796875,423.08996117733466,411.2515832114826,415.22716692371387,16840049
2017-10-27,410.7436218261719,422.60411647883706,408.9104312187717,419.64451429649296,11498547
2017-10-30,416.33148193359375,417.6787525621229,411.07488545436416,412.57675752533976,7823263
2017-10-31,415.6026611328125,417.76714053093895,411.78167855844833,417.4137657678859,9504986
2017-11-01,420.7708740234375,423.0899546574313,417.76710036464516,418.65056667454996,17571371
2017-11-02,418.142578125,422.5157380123426,417.1045103286451,420.88132084905544,10277678
2017-11-03,417.5683288574219,422.27274790714154,415.29342005487695,422.27274790714154,4798537
2017-11-06,411.9141845703125,416.3315164424044,410.3681405304897,416.3315164424044,9757496
2017-11-07,400.51751708984375,413.01850266325226,398.90521531277113,412.2896672445481,20447574
2017-11-08,392.1688232421875,400.2083350873009,390.534435457974,398.66229099481717,17752793
2017-11-09,397.7787780761719,401.9310490507787,394.0461395882117,395.23880877431213,15007224
2017-11-10,390.4239196777344,397.97751006406236,388.36987032391465,397.97751006406236,13923102
2017-11-13,386.62506103515625,393.97987886685445,385.8520243415109,390.9319334198506,9088619
2017-11-14,391.68292236328125,395.34927393272386,385.631202719894,386.5146691005536,12481463
2017-11-15,390.35772705078125,393.4056432257304,387.81775758870765,390.7111017986682,15272059
2017-11-16,399.25860595703125,400.20833011854813,391.15283644375705,391.15283644375705,15160866
2017-11-17,402.81451416015625,408.55700087016976,401.31261260639195,405.92871738189723,12219276
2017-11-20,406.76800537109375,408.31407885291696,399.7665913214557,400.2966534382785,9231195
2017-11-21,411.9362487792969,415.07253802520114,408.8220454544086,409.39630888803543,13082246
2017-11-22,411.1411437988281,414.63080768063,407.91648147438605,414.1007161042799,11058315
2017-11-23,418.3193054199219,419.6003183844171,409.3300697720086,411.2516039623576,16031638
2017-11-24,420.13037109375,423.8409238591258,418.49598341354334,419.6444808201569,13987125
2017-11-27,420.2408142089844,422.95747110575553,416.9940951785287,418.42973909834956,10237135
2017-11-28,416.70697021484375,420.2408061667508,414.38788944992933,419.57822851232504,10153618
2017-11-29,417.8775329589844,419.6444655914432,415.6688819120161,416.0443425643491,8038351
2017-11-30,407.0772399902344,415.8676727067371,406.1716877151554,415.8676727067371,20637767
2017-12-01,402.0194091796875,411.36201925477985,400.95925547231275,408.3582455026828,11114967
2017-12-04,398.2646789550781,403.6537911003411,396.38731670080915,403.5212755747048,10103208
2017-12-05,403.6095886230469,406.7237917007528,395.5480216815991,398.02170361347004,18306627
2017-12-06,409.3300476074219,410.94234931494526,401.4451379747825,401.975229561822,24078081
2017-12-07,411.4944763183594,413.46018200505335,407.71766637178,410.8318692876872,12095301
2017-12-08,406.83428955078125,413.87990538815984,405.97293855501806,412.51054867691244,12224184
2017-12-11,404.6918640136719,409.04293793006826,403.5433666230206,407.4747785490257,10792248
2017-12-12,404.4489440917969,410.36814827100136,401.09179539545335,404.60354554997406,15782031
2017-12-13,404.029296875,408.5791147133835,402.28445007886097,405.02319284293577,9147866
2017-12-14,407.0551452636719,408.5570173909573,401.4230584401265,405.9508197175826,10983157
2017-12-15,406.2821350097656,412.1129955038648,405.376582695266,411.2516150345987,24408414
2017-12-18,406.83428955078125,411.98045703846,381.05930975366454,402.8366490318806,18581421
2017-12-19,409.0208435058594,409.4846478418375,406.3925304736846,407.98277574288807,8891691
2017-12-20,405.5753173828125,409.66133062672145,405.0673412109932,408.99875301130504,10443493
2017-12-21,403.2783203125,408.13737023314025,401.9752215226045,405.7078305292151,9071450
2017-12-22,406.5692138671875,407.4526801762004,401.6659920701318,404.0292740300846,10658428
2017-12-26,410.7214660644531,414.7412213683618,405.5752993771338,408.5349010562319,11596338
2017-12-27,408.0490417480469,414.1228175160323,405.95082025895795,412.13505512018963,9520350
2017-12-28,408.2478332519531,412.7534793280383,405.9950102139105,408.71163761799204,15511891
2017-12-29,406.8563537597656,411.8258335984762,405.72994226128617,409.26380769646346,11089700
2018-01-01,401.8648376464844,407.5852391130104,400.87094162888235,407.5852391130104,9453202
2018-01-02,402.4832458496094,406.19379886702285,400.3850241876042,403.3004544888271,9499419
2018-01-03,404.09552001953125,409.0429135135487,403.32248333576393,408.60116562830615,13507800
2018-01-04,406.5250244140625,407.1876314889184,404.49306083752754,405.5753003845597,9008932
2018-01-05,407.82818603515625,409.4405173881011,406.5030011683391,407.18769426834785,7441284
2018-01-08,410.1693420410156,411.2515816485914,407.93860506339274,409.08710243343984,8827020
2018-01-09,415.6468200683594,416.949918953857,408.15948609823374,409.9926471118475,14294571
2018-01-10,416.2652282714844,418.4959652231692,413.2393686921782,416.55234523885497,11727682
2018-01-11,414.2333068847656,416.3977862956731,413.0185221551711,416.02229612049877,7849171
2018-01-12,419.20269775390625,420.88128662363533,414.4541070749141,416.5523284184709,15071161
2018-01-15,419.2690124511719,423.3991979401541,417.52419507267405,419.6445026238514,11120925
2018-01-16,407.69561767578125,418.62847250038965,406.3925189007881,418.62847250038965,10825151
2018-01-17,408.38037109375,410.368163174072,400.6500620064502,409.0429782829287,13204016
2018-01-18,406.2599792480469,410.63310912324124,404.2280157421897,410.3680780974011,9381821
2018-01-19,411.3840637207031,412.753420187635,407.3201366707548,407.71768321325516,9973533
2018-01-22,429.14166259765625,430.37850360430576,415.22714967023234,418.76098533026095,45700733
2018-01-23,434.3320007324219,437.73332086860324,430.6877354766296,430.6877354766296,22526810
2018-01-24,426.8667907714844,433.6694316398229,425.23237357649236,433.6694316398229,14289485
2018-01-25,426.66796875,429.3625098884614,422.3610670353615,427.55140552509636,13669901
2018-01-29,426.049560546875,431.7037037022086,423.752565811496,426.8005113405526,9897064
2018-01-30,419.8211669921875,426.623837213525,419.20273170398895,426.623837213525,9182956
2018-01-31,424.63604736328125,426.04957583102106,415.911842957929,419.64448165223286,12551686
2018-02-01,416.9278259277344,429.6275847106691,413.7252788299651,425.4974289045024,16524809
2018-02-02,399.4794616699219,416.9720135440018,397.9996753776233,413.0185154741004,28965593
2018-02-05,398.5076599121094,403.07959339364197,389.5184533839458,394.9075660137017,19191099
2018-02-06,394.0682678222656,396.6744951650226,384.74774304894396,387.39814223714365,24062503
2018-02-07,395.0842590332031,399.94330958207723,393.1406388136535,398.6843824701822,15532284
2018-02-08,399.56781005859375,402.2623810925237,394.17869747794714,396.63032336191645,13825894
2018-02-09,396.60821533203125,398.4413763031294,391.37367501501336,392.6988892789931,11580639
2018-02-12,404.4047546386719,405.5974238941796,398.4634647955566,398.88312679383546,11877059
2018-02-14,412.4221496582031,416.33147544800437,406.8342349735693,407.71770126099653,22247829
2018-02-15,413.3056335449219,417.76710752483655,409.9926274541938,414.18909986996863,13363743
2018-02-16,406.9668273925781,416.375695795918,405.55326937313083,415.0504814667845,9628162
2018-02-19,409.4846496582031,411.6933007185078,403.5433600239128,406.834250693511,8941900
2018-02-20,406.8784484863281,410.6110872983851,405.86249606202347,410.36814215344265,8458450
2018-02-21,410.5227355957031,411.91417815860615,407.3422743896304,410.8098525795759,11917390
2018-02-22,408.3141174316406,411.2516337348806,406.3925831021823,407.27604953423787,11196908
2018-02-23,412.6872253417969,414.34372849582064,407.60731575496516,408.777899129094,10610664
2018-02-26,414.6529541015625,417.39169709001646,413.725315823009,414.78546964318235,8435611
2018-02-27,419.86529541015625,422.20646181760696,414.49826961347975,414.7853865628141,14021366
2018-02-28,421.6543884277344,422.7807999923601,416.6407364510283,417.85549170800005,56650480
2018-03-01,418.9377136230469,424.01762315313385,417.8554739505857,419.53406300825355,8956590
2018-03-05,408.2036437988281,419.71073312398624,407.0993182496366,416.5523579250889,12325694
2018-03-06,402.3506774902344,413.5485633542669,399.81073770113363,410.36810239425415,16019726
2018-03-07,393.0301818847656,401.6439272474934,392.27923105957655,401.6439272474934,15853546
2018-03-08,402.6157531738281,403.9630534254239,394.5983568680487,396.5198616194217,13283967
2018-03-09,403.3446350097656,406.10546390917676,402.43908265896334,404.13975774305715,10638527
2018-03-12,410.9423522949219,412.1792228445798,405.31029500734587,406.3925346228884,8315150
2018-03-13,411.6270446777344,413.46023509110705,406.9888833291356,411.6491305986856,11148731
2018-03-14,410.39019775390625,411.71538247925685,406.0391534398378,410.27976815072793,14724464
2018-03-15,402.77032470703125,410.56689069499276,401.97523155334886,408.6011847573007,12711836
2018-03-16,397.5800476074219,401.8427486428174,391.3958123202465,401.53351623740934,30814962
2018-03-19,395.57012939453125,400.6058372127639,394.0240559865256,397.9996396217284,12630833
2018-03-20,393.05224609375,399.3248244347961,391.8374909798561,394.5983195021315,15192983
2018-03-21,396.1885681152344,398.5959926221546,394.5983522212361,395.2830158130466,14715126
2018-03-22,401.1580505371094,402.836639617899,395.68059433291023,395.79102394517105,22129723
2018-03-23,394.8634033203125,397.5579449540399,392.7430956959439,393.4056733990502,23469999
2018-03-26,398.0438232421875,399.4573516819354,394.2449268584004,394.88544805847977,13227705
2018-03-27,397.4695739746094,402.3065383113062,396.2327328598373,400.7384083677235,15179544
2018-03-28,389.91595458984375,395.72472856594,388.72328540357233,395.702642645587,19160609
2018-04-02,394.44366455078125,397.97752956204283,391.59452200728197,394.46575046992143,12494499
2018-04-03,397.359130859375,398.30885495689813,391.04238048147505,393.5823498776638,13922126
2018-04-04,395.3050842285156,402.77033205135723,394.04615722501836,399.6340427596775,14214534
2018-04-05,401.18011474609375,401.97523739854904,399.103979173534,399.8107581409622,8527915
2018-04-06,402.4169616699219,405.72993836820274,399.7665921061819,401.09177688805187,9664888
2018-04-09,404.6256103515625,405.95082461261825,403.10165228472334,403.10165228472334,7813897
2018-04-10,405.0894470214844,408.11530674208717,403.8084340815711,405.68576690463857,8455132
2018-04-11,411.18536376953125,412.0246288422403,404.6477241610922,407.187693763826,13140816
2018-04-12,410.2356262207031,413.7473763194558,408.2478342441375,410.7436024323613,10822592
2018-04-13,414.71917724609375,415.97810427358496,410.235617180111,412.0025204080658,12616816
2018-04-16,413.9240417480469,415.22717006588465,410.1472607826156,412.775544364944,8934275
2018-04-17,417.1045227050781,418.407651084965,413.4602570925726,415.2271898371154,9599816
2018-04-18,414.34375,418.8493963511984,413.04062153665893,417.5462973750717,7360987
2018-04-19,416.2431640625,417.4358333225374,413.0185015426797,414.82960609806076,9802587
2018-04-20,409.8821716308594,416.0443201038607,406.922599439,414.3436748125996,7326696
2018-04-23,413.46026611328125,417.14870365051263,410.14728926039163,410.8098669386417,7674482
2018-04-24,428.5011901855469,430.996987890017,413.01851620279723,413.3719204500571,19921115
2018-04-25,428.6999816894531,433.6915179925618,425.6299500807275,430.09142425772006,14079382
2018-04-26,430.8423767089844,436.4302624121801,425.05568822053596,429.8043088875614,34096999
2018-04-27,440.09661865234375,446.5900562795913,435.3259123317311,437.22536049167144,25518647
2018-04-30,425.51953125,438.4622356704007,424.06180139183044,433.77990215558435,19406069
2018-05-02,429.6717529296875,432.5429814945542,426.29248923209184,427.15386959643564,13381914
2018-05-03,424.7685546875,431.9687713909612,423.7304869065152,431.9687713909612,8634812
2018-05-04,421.3893127441406,426.1379036539284,419.6444660305814,425.3206950990202,8302649
2018-05-07,428.92083740234375,429.91473336789875,422.44948540897167,423.5538109832315,7683268
2018-05-08,427.19805908203125,433.7798699024677,426.3587646029462,431.79207805255453,10792648
2018-05-09,431.43865966796875,434.7958079868842,425.05565183184376,426.6679829745652,9831044
2018-05-10,433.4043884277344,434.9283759705078,430.3564428293989,432.89641223828414,8781584
2018-05-11,436.9823913574219,437.8879140589123,431.9024824252109,433.4485262808182,8774740
2018-05-14,435.81182861328125,438.175110737556,431.4386980924482,438.175110737556,5642499
2018-05-15,432.43255615234375,441.7309939178403,431.4165743385117,434.2436605785683,10501479
2018-05-16,422.3610534667969,430.24596232889513,420.7266659981654,430.24596232889513,18840763
2018-05-17,417.5904541015625,424.06180638800646,415.88977907606545,423.7746893923712,10353948
2018-05-18,412.510498046875,421.1905006057685,411.693289510136,417.70083674344704,11440117
2018-05-21,411.40618896484375,413.32772307835273,407.3201756052975,411.1411579111766,14491208
2018-05-22,409.3742370605469,412.5767841797532,408.6012003111627,412.20132350955527,11310073
2018-05-23,402.9691467285156,409.0429521991626,401.5997605906833,409.0429521991626,9991028
2018-05-24,404.55938720703125,406.8342962848471,402.041532972543,403.74217855646435,11632489
2018-05-25,406.74591064453125,407.8944080266636,403.94093969597446,404.625603248716,17782410
2018-05-28,406.5692138671875,409.48464384076686,405.5532320349043,408.5570056906639,11369679
2018-05-29,405.26611328125,409.92636044455554,403.91884264673007,407.05513181193413,17878384
2018-05-30,404.6697692871094,407.80605849373967,400.473326397776,404.11762126862374,13105124
2018-05-31,406.9888916015625,407.408524108165,403.98511782951005,406.8342606645501,37080158
2018-06-01,411.0528259277344,413.34982076599186,405.707855936696,406.3925489987045,19174278
2018-06-04,415.6026611328125,416.99410374954715,411.05284310965135,412.31177019024113,12250151
2018-06-05,418.6064147949219,421.85313373477703,415.66889875775433,416.46402142330567,17436812
2018-06-06,421.5881042480469,422.29485374254074,416.397765211798,418.319299374377,9164022
2018-06-07,429.0754089355469,431.12945848865303,421.61016149716374,421.8089347789721,14999572
2018-06-08,434.8179626464844,435.7897432192137,424.3268252860924,426.8667947900904,14289325
2018-06-11,434.0669860839844,441.7089210907855,432.47674081206156,436.0326920094839,15018718
2018-06-12,440.4720764160156,441.7310033783938,433.0289147576214,434.3982713230844,16285583
2018-06-13,442.83538818359375,444.3372899610448,437.09290061831894,441.7310625176865,12962502
2018-06-14,445.2427673339844,446.94341264998974,436.16518888890295,440.6045767284937,11997529
2018-06-15,448.00360107421875,452.1117004349542,441.39973360172974,444.3814214752195,24705890
2018-06-18,448.5999450683594,450.7644243306372,444.82313457641976,445.6182572305983,12363932
2018-06-19,439.9862060546875,448.26866255819596,438.9260228427197,447.87108648190514,13881382
2018-06-20,450.234375,451.846706381027,439.456149519363,439.9641257570585,15735681
2018-06-21,455.84429931640625,457.6333177816928,451.13985099696606,452.08957502871027,22988909
2018-06-22,447.2526550292969,454.6295588363348,445.4636365066074,454.27615462354066,35370008
2018-06-25,443.69671630859375,449.01957069756395,442.74699221982524,446.7667477845637,11369371
2018-06-26,432.43255615234375,444.3813927967452,430.7981685744807,444.3813927967452,17649122
2018-06-27,429.4979553222656,438.1915151045293,428.09718161759685,435.1231946488491,19595831
2018-06-28,420.2040100097656,430.6763127931449,418.136229723001,427.7858611664616,18770484
2018-06-29,432.43280029296875,433.78910673648994,422.0049644642282,422.04943158143715,17425606
2018-07-02,427.1632995605469,432.38833426741104,425.5624536526587,432.38833426741104,14570004
2018-07-03,431.9214172363281,435.1009050872301,427.0521196066898,429.1198998718936,11084063
2018-07-04,440.281494140625,441.12639907146564,431.7880370826304,432.1437740285319,10938521
2018-07-05,428.8975830078125,448.4192118099807,426.2739636774319,443.34981193687685,40946479
2018-07-06,434.7007141113281,437.12423137783117,428.89757718574947,429.00874497922905,20039239
2018-07-09,443.394287109375,444.68386323899347,437.34658084618684,438.9474564917528,11309207
2018-07-10,456.1122131347656,457.35732207415697,444.6838377303352,445.90671311160025,22846197
2018-07-11,461.9375915527344,462.871430694699,452.62146337592776,455.8009512965808,18953870
2018-07-12,481.3035888671875,488.7075721588302,463.6274039826492,464.40560826922024,52736376
2018-07-13,489.0633239746094,493.1544176396645,480.25856729725484,480.4809325754795,39301408
2018-07-16,478.5687561035156,493.10991858331136,477.1679825840221,489.06329229912666,14427529
2018-07-17,485.7503967285156,487.3512425641995,475.6338311509926,479.5025889207394,14150770
2018-07-18,485.83935546875,491.1977915562139,479.05791225075416,488.44074121459187,10241565
2018-07-19,491.3089599609375,495.82249113607037,483.0823057277265,486.1728594548824,11885426
2018-07-20,501.89251708984375,506.2726177218478,494.4440365747556,495.11107309852804,17538801
2018-07-23,498.1793212890625,502.40381631461236,494.97762936510736,502.40381631461236,12779803
2018-07-24,494.02154541015625,501.0475281307351,492.4429033591059,498.9353103502395,9775749
2018-07-25,495.8891906738281,499.37997813581995,491.0199225689629,493.59907475330965,13014255
2018-07-26,493.8881530761719,498.7130138430537,492.62081043482885,493.6435839090284,14053674
2018-07-27,502.42608642578125,505.78344299583443,494.5551688118055,497.8235911429957,14610585
2018-07-30,512.0090942382812,514.6327140449583,501.60348989504956,502.49283241641143,30344461
2018-07-31,527.3950805664062,529.351693278489,510.1191586214534,511.83117248128076,30350826
2018-08-01,530.2188720703125,534.9103021600745,527.1283178425945,529.3517334520661,21227054
2018-08-02,519.54638671875,529.840851084874,518.4791758845154,529.840851084874,13668930
2018-08-03,523.3706665039062,526.2833517301588,520.0799810975606,522.5035280351705,14536058
2018-08-06,530.3299560546875,531.8418379748372,522.6591708754345,523.2594472476418,8785462
2018-08-07,526.5946044921875,534.2431858687016,523.3928534238551,531.3527046103314,8879612
2018-08-08,541.491455078125,543.6259358086047,526.9502939701116,526.9502939701116,17307566
2018-08-09,541.602783203125,547.7171609592524,538.9569003653997,543.1813957338118,14976885
2018-08-10,535.4882202148438,540.2908464147048,534.6433450872064,538.5121025668275,7833494
2018-08-13,528.1510620117188,533.5984326141039,525.9276466509217,532.5311623692227,10211072
2018-08-14,538.3342895507812,541.2691786123656,526.6390816837095,529.173766696257,11592139
2018-08-16,533.976318359375,540.7355573527685,531.6195018821965,535.0658517360988,13086024
2018-08-17,535.2882690429688,540.4688371828257,533.6429261586562,537.6228226346489,8379864
2018-08-20,549.14013671875,549.9850119964649,537.0224606552896,537.1336581393147,16639535
2018-08-21,554.609619140625,556.5217643467043,545.6270249413508,550.1850523940565,15923396
2018-08-23,564.50390625,566.5271896535445,550.6964812369201,554.2094426675111,17429373
2018-08-24,568.0836181640625,569.173092197335,560.3238985823036,562.6362479976997,14550512
2018-08-27,574.3091430664062,576.2434921424017,568.6394378071352,568.9284443537545,12188510
2018-08-28,586.5380249023438,588.3167689804493,575.8656198023589,576.3102909797232,19018790
2018-08-29,575.5098266601562,590.984858666815,573.731141940907,585.3373565772522,24230135
2018-08-30,566.727294921875,576.821626333055,564.9485510478639,575.242954781577,21545859
2018-08-31,552.1417846679688,564.7485403277129,549.8961059459455,564.7485403277129,33479841
2018-09-03,546.5831298828125,559.3678113787188,545.2045899451549,553.6313754210861,26686176
2018-09-04,552.2752075195312,557.9893813609275,546.5165665542459,549.2513243577563,19333815
2018-09-05,545.6270141601562,557.033154818187,537.4003610359101,552.5195945671645,22584608
2018-09-06,560.92431640625,562.8364622572454,544.8934716789304,547.0279531674066,24487897
2018-09-07,568.5728149414062,569.7956904493466,557.8559419711983,562.4806412778075,23389269
2018-09-10,558.4562377929688,567.8613003399703,555.8992894737322,566.9718986178387,15440786
2018-09-11,550.3851928710938,564.0370136791685,548.851047615597,559.8569858494014,23787332
2018-09-12,556.9664916992188,559.723512027222,546.4496931250934,556.6551625448432,17642490
2018-09-14,557.2555541992188,567.2386890601483,554.8098034113691,560.0348380467377,17233514
2018-09-17,545.1380615234375,556.1884690505967,543.2259157041547,556.1884690505967,14773803
2018-09-18,541.2470092773438,551.1412709561027,540.0019297976493,545.1824981973072,16660044
2018-09-19,538.4009399414062,544.2929810817415,534.0653071897559,544.2929810817415,24642640
2018-09-21,541.402587890625,550.2517816901769,526.2833524583987,542.0695946487879,41713856
2018-09-24,547.872802734375,551.3635607528108,535.6217251185999,540.0463520378486,22098277
2018-09-25,547.22802734375,553.6314711353804,531.397256671615,549.406975730444,21250513
2018-09-26,556.4773559570312,557.6112971297255,545.6938128793007,550.9633146880527,13992341
2018-09-27,557.5223388671875,561.6356954516958,550.2962248448159,558.078207492442,23642923
2018-09-28,559.3900146484375,565.504450762396,554.6541184706492,560.2571530768485,24220992
2018-10-01,547.7171020507812,559.278908851697,535.3993542498139,559.278908851697,16039441
2018-10-03,535.8884887695312,551.2301191999461,533.6428696596937,546.738821611623,16135428
2018-10-04,499.0464172363281,529.3516169759419,491.8203032533818,528.9514129406544,50774608
2018-10-05,466.40667724609375,495.9559090483925,461.64854708088967,488.9299261248213,47998260
2018-10-08,493.332275390625,496.7118653974098,456.0455284684863,466.9180653014089,53983473
2018-10-09,484.7276306152344,499.51336225851844,480.79217211386884,498.7796251605546,24042005
2018-10-10,490.0860900878906,496.20049693497,482.17070558841056,486.43966766497186,20784941
2018-10-11,483.7271423339844,495.7113578938818,463.80530825210366,473.14367076089087,28926389
2018-10-12,500.95855712890625,502.0480311197184,489.99711654895816,491.35339322707404,19814528
2018-10-15,506.8284606933594,510.0079488528521,497.22329553432496,502.4483009152021,19406012
2018-10-16,517.5231323242188,519.1239486657785,506.9396014097709,509.6077473830085,16358598
2018-10-17,511.964599609375,524.4379543290318,506.9396365276437,524.2823490804824,27967162
2018-10-19,489.7303161621094,494.04377497684607,475.9228902961787,489.1522436351969,55606079
2018-10-22,472.5433044433594,495.73355945369144,470.1864878290243,493.5990784285721,28798142
2018-10-23,469.0080871582031,473.45491775221717,464.0943221349092,468.1409486618189,23128845
2018-10-24,465.0281066894531,478.4575608156033,458.64689781862086,477.990626441167,29869514
2018-10-25,458.380126953125,462.7602866268105,451.97668366649805,460.69250621023355,30833933
2018-10-26,464.6501770019531,470.03087663847646,454.4669393430194,459.313974169843,20085933
2018-10-29,483.7271423339844,486.41746250580826,465.1393515578372,465.1393515578372,16781215
2018-10-30,470.0308837890625,482.7043694186667,467.85190581865646,482.7043694186667,19263668
2018-10-31,471.92071533203125,473.96626203573976,465.58397319899746,470.9201755381668,35999348
2018-11-01,469.69732666015625,474.87789438563414,466.9180723860056,474.87789438563414,20552752
2018-11-02,477.99066162109375,480.70324478770397,472.7656269969736,474.4776703553768,36739798
2018-11-05,484.83880615234375,485.90604663719756,473.58829910252797,477.34588920002255,16585905
2018-11-06,490.9754638671875,494.4884552638269,485.4168959769588,486.4841364998654,18886485
2018-11-07,493.9103698730469,495.82251539264945,492.1316553971387,495.82251539264945,2808599
2018-11-09,486.23956298828125,495.28888863484895,482.482002474835,491.9315321822815,23712291
2018-11-12,480.2585754394531,488.61863138641775,477.8350580562082,488.12949307154554,12690610
2018-11-13,488.9076843261719,490.4862967119038,475.8339656351982,477.59047617865275,14899604
2018-11-14,488.24066162109375,494.7775063085712,482.70435680899146,491.397916165827,17034346
2018-11-15,487.75152587890625,490.48631311752206,483.149030554167,487.7959929987431,14943663
2018-11-16,501.33660888671875,502.47055010879194,487.862685894898,488.2406564074806,24131016
2018-11-19,511.38641357421875,512.1423545090967,502.93742447454,503.7822996370506,15987574
2018-11-20,505.783447265625,514.0101019045014,502.4927616626139,509.16306710824983,12511640
2018-11-21,494.888671875,509.38539806480344,492.28728602135544,505.82790977537366,16422494
2018-11-22,490.41961669921875,500.42501559270096,489.1967412087544,495.6001846268527,12670591
2018-11-26,493.4878845214844,496.93417502494316,487.9960473368308,493.1543811553079,13969873
2018-11-27,501.6923522949219,502.4927604495133,491.5757857200251,492.665259836989,14896607
2018-11-28,512.5648193359375,514.8327014984241,500.8474083735428,503.582165544558,17507771
2018-11-29,519.6130981445312,524.6824681597061,515.833274507063,516.2779456717894,27640198
2018-11-30,519.1906127929688,527.3950032870343,516.8560002063974,521.3028304362663,23443212
2018-12-03,514.254638671875,522.459029076167,510.71935465234606,522.459029076167,12182825
2018-12-04,512.4091796875,514.9438646549513,507.91788225758813,514.9438646549513,11358720
2018-12-05,513.6764526367188,515.2995911955201,506.6282079512435,508.6070833880381,12729759
2018-12-06,499.6690673828125,510.9417493566612,497.26775387222006,510.9417493566612,12831451
2018-12-07,504.18255615234375,505.5833000677131,492.86534798030004,502.24820681562403,15779984
2018-12-10,484.8165588378906,495.51119694132535,481.6370710318878,493.5990516093164,20521072
2018-12-11,488.0627746582031,490.08608789212525,469.1414816662142,474.0329833745023,29518062
2018-12-12,493.8214111328125,495.1554840289615,483.7048747236817,488.7075441891058,27572962
2018-12-13,492.28729248046875,501.60342127626643,486.95108966063515,501.60342127626643,20337275
2018-12-14,494.577392578125,495.7780344633259,485.50583323480475,490.5307660526879,15795834
2018-12-17,502.4482421875,503.8267821265199,494.26608520534006,496.2449311992006,11077711
2018-12-18,505.3387451171875,506.494890161356,498.26823602633556,499.51337467331854,12841994
2018-12-19,505.5166015625,510.1857674825031,503.91572601692445,507.60661538435954,16118419
2018-12-20,501.80352783203125,503.6044757854226,496.3338942422521,498.49057913768144,12609700
2018-12-21,489.2411804199219,503.04860635781375,487.3735021084379,500.26932244943106,18115814
2018-12-24,484.32745361328125,490.5752622459267,483.1712787781089,489.5524887743134,9065704
2018-12-26,488.4184875488281,489.1522246426674,473.8773251251652,482.8377161033165,15771193
2018-12-27,498.1348571777344,501.15874001330144,490.93100577885446,492.35398327412855,27294221
2018-12-28,500.5139465332031,504.82737590371954,498.57953776326934,500.4916832889124,16768547
2018-12-31,498.6017761230469,504.20481106054626,496.3561273100057,502.9152052782862,15799099
2019-01-01,498.4906005859375,501.29214786232393,493.64356580482286,500.3805422248043,9746670
2019-01-02,491.99822998046875,501.15872336812794,489.5969165762727,495.60015556027656,15628818
2019-01-03,485.9282531738281,495.6445847889244,484.7498449627818,492.48733062662166,16288287
2019-01-04,488.55194091796875,491.13112295781303,480.74775348639315,487.99610191217863,18516544
2019-01-07,491.26446533203125,497.3566382099471,489.5968891462382,492.2650051066426,12060290
2019-01-08,491.22003173828125,493.57684836932714,487.3735072802789,491.4201337699942,12304389
2019-01-09,493.9325866699219,496.7118706154236,488.5741504955051,494.4884553327521,12614237
2019-01-10,492.48736572265625,494.04377419977465,490.4862860716892,492.59853351611844,8925160
2019-01-11,488.2851257324219,495.2889048168985,484.082864218601,492.531854365571,14139060
2019-01-14,487.729248046875,489.3745610158149,483.10451958201276,486.9288102781438,8994060
2019-01-15,502.3371276855469,503.38213462554216,491.37565675274993,491.37565675274993,22011407
2019-01-16,505.1164245605469,509.1630510728316,502.64841043601535,504.7161611262395,13961606
2019-01-17,504.4716796875,510.452656222767,502.492803637814,508.9185107769511,16379077
2019-01-18,526.661376953125,529.1293914034493,504.8274252468556,510.85286900794665,56181172
2019-01-21,550.3851928710938,551.3857327105305,528.5734481188317,530.9525279850722,48206814
2019-01-22,549.2512817382812,554.4985800560028,542.3364367197829,548.2285379681914,36207430
2019-01-23,545.3157958984375,553.2756471049843,543.4036505494876,548.428553374555,19313542
2019-01-24,554.7208862304688,557.2778345730263,542.5588029080949,544.7377510626503,28775487
2019-01-25,554.0761108398438,562.3916998081567,549.3624773520974,556.0549867456017,18703992
2019-01-28,546.7610473632812,558.5007230218457,543.5815592935013,556.0771759770403,18744303
2019-01-29,538.3565063476562,547.6948978925816,534.2209456710425,547.4058319436815,20405845
2019-01-30,531.7084350585938,544.7377153830962,529.662888392258,540.290885129087,17164298
2019-01-31,545.69384765625,546.8277889012099,534.0653692421624,534.5100404424111,22279301
2019-02-01,555.83251953125,558.0781978668495,545.649312834436,548.7398663456796,20187323
2019-02-04,574.0424194335938,576.7327691603633,552.3196086388238,554.5207606926173,25528059
2019-02-05,574.3314819335938,580.0457150170757,568.572841095863,574.5316136709903,20479210
2019-02-06,582.64697265625,585.9376579308329,575.5320560913038,576.42139839868,20586783
2019-02-07,573.820068359375,587.5162967228948,571.9079229435836,582.6469989486654,20150710
2019-02-08,568.1725463867188,578.3113456353781,565.7489995219256,571.3297709781081,14230054
2019-02-11,557.300048828125,567.4166449072653,556.2995089683704,567.3721777883574,16457901
2019-02-12,558.7008056640625,565.7935190840021,556.5218574185877,556.5218574185877,13998153
2019-02-14,544.3819580078125,551.8526713645188,541.6249373017182,551.8526713645188,14496604
2019-02-15,553.3868408203125,555.8103879290705,539.846216795909,546.8499960317938,20994460
2019-02-18,542.5587768554688,556.9665380020092,540.2908945736532,555.8548007347506,21106139
2019-02-19,540.780029296875,551.274565434073,538.6010812612611,541.6249044942708,13658461
2019-02-20,548.8955078125,551.4079890010752,542.0695974945315,544.2263417435522,13776558
2019-02-21,554.4762573242188,559.3233510379694,546.6720707342224,549.6292229791139,23142949
2019-02-22,548.0062255859375,553.764866348381,545.1824742654557,553.4535964921212,19152470
2019-02-25,547.9838256835938,552.7419846915055,542.8032588032829,549.6291681678757,17176522
2019-02-26,542.6255493164062,549.0957236865192,536.2888356877302,537.8451850368259,22160532
2019-02-27,544.0707397460938,553.5870008173056,537.622828868863,546.0940828755768,24308835
2019-02-28,547.427978515625,551.3412031944829,545.4268990632237,548.6286499345227,24688859
2019-03-01,545.20458984375,552.4529670830805,543.5148394691456,550.0738873711305,17329606
2019-03-05,550.3629760742188,551.3190487732026,541.8917231342477,544.0262041170199,15577500
2019-03-06,562.4361572265625,566.1270468840365,549.2290665171735,551.3190805032713,26332276
2019-03-07,564.859619140625,569.1063174675843,559.4789203838766,562.0803355366173,17738092
2019-03-08,563.458984375,566.7274068521014,561.1911018140993,562.9920499157988,13211934
2019-03-11,579.9122924804688,583.4252544303251,563.8591867487826,564.7707924193708,21258869
2019-03-12,592.0299072265625,593.2083156201982,584.4257920428238,585.6042004364595,24561597
2019-03-13,599.1226806640625,604.7701243458075,590.584755084466,594.5424479954376,24577591
2019-03-14,596.5656127929688,605.6594053107309,594.1420658815271,600.2120350971369,22753310
2019-03-15,587.7164916992188,604.2364728473176,583.0695290116515,598.0998318829954,34764353
2019-03-18,600.345458984375,603.8584800704158,590.9848634151969,591.874205781967,22104063
2019-03-19,612.1295776367188,613.6637228437745,597.2548818688533,604.7700026803525,21448030
2019-03-20,611.6404418945312,617.2212140144412,606.5488081067413,612.6854489247503,21639437
2019-03-22,596.6546020507812,614.0639844657932,594.4089827675687,610.3286275838059,25078643
2019-03-25,588.9614868164062,594.4755872811774,585.5151962891665,591.6963034908932,17394088
2019-03-26,607.9940185546875,609.9283678159212,591.4295129464958,591.5629142966276,20734876
2019-03-27,599.98974609375,612.7521657804966,597.7663307190293,612.7521657804966,22079870
2019-03-28,604.77001953125,609.1279751855097,597.1214971568348,600.4343864888832,22930248
2019-04-01,618.9332275390625,625.5812099242753,605.9040061008697,609.2168953564346,22088854
2019-04-02,617.9771118164062,623.9358831604546,613.7081501622587,621.6680009922289,17526740
2019-04-03,611.5292358398438,623.8914503447172,610.106228754018,619.3334225165113,17169813
2019-04-04,601.6795654296875,615.3091238561211,599.1003536850377,613.2191098091031,18320845
2019-04-05,602.0574340820312,606.5042643677637,597.2103997569392,605.1924547766507,14717266
2019-04-08,591.0960083007812,603.6583552715974,588.6280535203862,602.9913484888758,19081843
2019-04-09,593.4083862304688,596.1876106976699,587.4273512674519,590.940372210303,20774977
2019-04-10,592.0521240234375,599.4339037627425,589.8731756730381,594.9648095724252,16651949
2019-04-11,598.9003295898438,601.6573506712888,590.9849439720497,592.7414250701705,12558520
2019-04-12,597.2549438476562,603.3915846813426,594.3867254762824,600.3232345801729,12948769
2019-04-15,595.9431762695312,599.8564019507799,593.6530303118567,598.0998614854599,9285737
2019-04-16,597.5439453125,604.7700001515543,595.8763393939673,598.0997545833641,17360317
2019-04-18,616.3095703125,617.9993206473149,606.9934427550846,611.4402728997795,39286534
2019-04-22,598.2554931640625,607.8828922174837,596.4544856735463,604.7700749461642,23607922
2019-04-23,606.4820556640625,610.5508857514487,598.5444678230537,599.4338101256589,19807450
2019-04-24,617.88818359375,620.2450000123143,607.5492530264631,609.3502602024813,16101112
2019-04-25,610.2841796875,628.0715628737009,605.926282977455,617.7104265646376,30469914
2019-04-26,619.3555908203125,620.7563939519315,609.5281212383547,611.4402664921453,15069884
2019-04-30,619.3555908203125,620.9564662788464,607.7938444389966,620.9564662788464,22348580
2019-05-02,624.8031005859375,628.7385297006279,614.5975701695064,618.9999337216068,18992003
2019-05-03,626.492919921875,630.3394745889589,623.7358988512833,626.0927158038522,14240262
2019-05-06,615.8427124023438,623.8025642845884,612.8188295325302,621.668083175341,15832114
2019-05-07,597.432861328125,620.3340836873815,595.9653868390153,620.2451494376572,19417647
2019-05-08,577.8444213867188,595.8763417992864,574.6204663806473,595.8763417992864,31958919
2019-05-09,558.7230834960938,573.1085830669476,556.633069435921,573.1085830669476,42670173
2019-05-10,556.3662719726562,568.1726192629694,553.6314549463908,562.5251167243712,24557430
2019-05-13,547.872802734375,560.6574264284468,545.8494596950486,554.9210491364415,17603659
2019-05-14,560.5017700195312,564.4594621270546,547.6281538909506,549.8515690855692,28438234
2019-05-15,558.9232177734375,568.3060782074135,556.1217294653811,566.0826625376454,24419559
2019-05-16,562.6806640625,565.5933489677834,559.4567093714724,560.2793806324029,14451308
2019-05-17,563.5923461914062,567.8390450416779,556.7441724991771,563.414477718221,17276949
2019-05-20,589.6063232421875,594.8536213108704,579.6453918934102,584.1367489505126,26979100
2019-05-21,595.7874755859375,607.882888892431,591.4518421700133,592.4079149702712,30343560
2019-05-22,596.0542602539062,604.6366519509965,593.697443508096,598.3888731238807,24689918
2019-05-23,593.163818359375,618.9999268330204,589.2061260447321,610.1062655891104,38766006
2019-05-24,594.4755859375,602.012969838323,585.4262607343491,599.4338177592781,22269265
2019-05-27,582.824951171875,594.7647597991761,581.2018714701064,594.5868913041141,16076686
2019-05-28,588.6502075195312,593.5639721575324,584.0255088138755,586.8937267895313,42594251
2019-05-29,583.8921508789062,592.8970095110765,579.934458605217,587.4273758435999,15558515
2019-05-30,591.3184204101562,596.7657910486324,585.3151810856352,585.3151810856352,23494381
2019-05-31,591.496337890625,596.7213733612587,587.0717106487731,594.9426290397537,25724066
2019-06-03,604.8590087890625,607.9940296272227,587.516298638274,593.6529389620333,18556942
2019-06-04,601.056884765625,611.1067495489239,599.4782725066448,603.6360367914572,15442761
2019-06-06,590.2511596679688,605.6149951879042,587.4718755616177,605.6149951879042,16764835
2019-06-07,584.71484375,590.2066814942485,580.5792828507242,589.6286089339727,14722419
2019-06-10,586.6046752929688,590.0954329656549,582.5803122261857,587.3828795103498,11768468
2019-06-11,591.0515747070312,593.4306547533242,586.0934016212589,587.8054154783434,11492074
2019-06-12,592.3855590820312,595.1648428048112,589.2060713267981,593.5195001916372,10297599
2019-06-13,590.2066040039062,593.5194930635028,581.9354832912998,591.4294793282596,15686169
2019-06-14,585.8932495117188,589.2061389915569,582.2690901931151,587.8275989083728,14942768
2019-06-17,570.2181396484375,586.9827186282585,568.5283297408919,586.9827186282585,14908257
2019-06-18,569.6400756835938,572.7306295845631,564.3483102839548,568.7062067925273,16797371
2019-06-19,568.016845703125,578.9783155821201,561.4577981158368,572.2636034150539,14492763
2019-06-20,576.6437377929688,578.0890081049911,568.3059458158605,569.1952881291243,10748848
2019-06-21,568.9729614257812,576.3102730992397,567.2164806453644,576.288009856738,23236832
2019-06-24,561.3690185546875,567.6167980724105,559.012201548363,565.7046523184758,11267228
2019-06-25,576.2435913085938,577.1996640751701,557.7447350271847,559.8125451650295,14966899
2019-06-26,575.4876708984375,580.1346335376018,572.0191166686196,574.0869268805968,11593027
2019-06-27,566.5939331054688,576.7104690943013,565.1931299068178,575.0429225698807,24905533
2019-06-28,557.2333984375,570.4627526979973,555.254522519952,567.9058042132716,18942165
2019-07-01,564.2371215820312,565.9268719949085,554.2761907260495,559.4344949342307,13478857
2019-07-02,568.5283203125,569.6400576488289,561.7691401630615,566.5050367269992,10146746
2019-07-03,570.3292846679688,572.085824960274,566.9941913005933,570.484949272235,8806492
2019-07-04,570.9740600585938,574.0868770445999,569.1953159763973,569.8179149947877,9351405
2019-07-05,561.7913818359375,573.8645912734532,560.3017035746956,571.4632479644022,10926753
2019-07-08,556.7664184570312,563.9035985122777,555.0544047714505,559.4123009664904,14009219
2019-07-09,569.23974609375,570.7516873706384,553.8537087411103,555.3878538911504,17535754
2019-07-10,568.6839599609375,573.3531259576268,564.1703991885711,569.2175653620112,12018196
2019-07-11,569.8845825195312,573.5532681405218,568.8840426899244,572.3081294799662,8608376
2019-07-12,569.4177856445312,578.0891122353905,568.3282520615583,570.5294637363561,15692436
2019-07-15,567.4610595703125,573.4197716904608,564.9041114164919,571.4186921559307,10659498
2019-07-16,574.9762573242188,575.8211919875307,567.8835437708728,569.1731496419003,10070773
2019-07-17,570.01806640625,576.7550434835489,569.1953949277995,575.5543717667138,9482233
2019-07-18,561.1243286132812,572.0413326152861,559.4123148851044,570.084720053663,11942908
2019-07-19,555.41015625,566.0602981891096,552.6086090736543,563.9480803959793,16336536
2019-07-22,569.4177856445312,571.196470591451,545.7605634266221,556.2995685804034,29092589
2019-07-23,566.3272094726562,575.3764765784953,560.4795751467659,571.4187839881948,20316348
2019-07-24,559.9014282226562,568.661687557077,557.4334142294794,566.3048710383226,15189179
2019-07-25,547.6281127929688,564.3260184263826,545.6270333311229,562.0803401577128,21805071
2019-07-26,539.7572021484375,552.5196199822482,538.0673924605115,547.6281187417748,20387504
2019-07-29,538.4898681640625,543.4036327227004,535.8884529209053,541.135750521582,17626045
2019-07-30,525.1271362304688,542.5143129866509,522.9259842937183,539.8239634029369,20853117
2019-07-31,518.6126098632812,526.950402820518,516.9005366560214,522.8371050851758,21229950
2019-08-01,524.8381958007812,528.3734210380151,511.54211079766753,517.3452186160949,22628222
2019-08-02,529.8226318359375,536.0408419669061,519.8690401403267,525.9530481643328,23766807
2019-08-05,511.4811706542969,522.0610382541031,504.61428752999774,522.0610382541031,30399133
2019-08-06,504.74853515625,514.2771836992629,501.9302310893103,507.6339701414579,29067994
2019-08-07,496.29351806640625,509.3338769283476,493.4751843934342,503.9432766269725,25349369
2019-08-08,515.5073852539062,518.034888146451,489.98587119323537,495.82381219461934,31198568
2019-08-09,519.8689575195312,525.8634965195398,515.4849032721378,519.7571523106718,21970009
2019-08-13,570.2633056640625,582.8115291963719,548.4548395699373,551.6534122080756,104827144
2019-08-14,576.3026733398438,583.5497663510162,572.7685650438011,583.3484930514089,31688983
2019-08-16,571.7172241210938,577.8906996066623,569.4804628342943,577.6222954192474,21977767
2019-08-19,578.2485961914062,580.1274853073897,572.6119288434555,573.0816660537041,16317602
2019-08-20,570.8001708984375,578.2485964535656,569.3015509257864,576.9960435256826,14969299
2019-08-21,568.5634765625,572.0081169703981,566.5727819905771,570.6660360929664,10677848
2019-08-22,557.7374877929688,568.585759842969,554.2257765227104,568.5634226883876,14031953
2019-08-23,570.7554931640625,574.4014068120105,548.6786185198689,554.2705523888193,21307915
2019-08-26,566.7069702148438,578.874926990228,563.2175958540626,578.874926990228,19202504
2019-08-27,570.30810546875,574.8486994909782,564.2017008121152,574.8486994909782,28401906
2019-08-28,565.14111328125,573.0592753026816,561.8978065959892,569.8159686174208,11605488
2019-08-29,555.5007934570312,563.7768296791069,552.6153583166974,562.0768764501095,18890222
2019-08-30,558.542724609375,561.1597553095268,546.2181691725724,557.1783066454112,24735240
2019-09-03,539.686767578125,556.0599009833398,536.8236700987924,555.724365883025,18730619
2019-09-04,537.3380737304688,539.1722285247764,530.5830566172879,537.0696695739849,32949395
2019-09-05,536.1973876953125,542.7287354271208,533.8264243161294,539.8656977046184,22995486
2019-09-06,546.8892211914062,549.7970532093376,534.6988669384035,538.1658445876508,23186819
2019-09-09,546.7550048828125,551.5864004741132,542.7064848250591,546.0615974259554,11747929
2019-09-11,552.212646484375,554.7178119472804,546.8891176163188,546.8891176163188,12127900
2019-09-12,541.4537963867188,554.9190983976177,539.3736340317583,552.4810637858907,11880005
2019-09-13,548.2760009765625,549.5732880390341,539.9104972253901,542.1919928188903,12947715
2019-09-16,541.6326904296875,545.3680714069599,530.6054238873454,531.9027704423286,20547730
2019-09-17,535.6829223632812,541.7445926965229,533.9158982485218,541.7445926965229,15640772
2019-09-18,539.3736572265625,544.1155842826566,535.5711448848785,539.03812210891,14933909
2019-09-19,527.4517211914062,541.1630927089793,524.5886828970018,540.3354831037566,13766222
2019-09-20,561.1372680664062,568.0936185993667,525.326692461689,531.4330367203619,48165560
2019-09-23,554.3600463867188,573.0594124826849,552.4811569966915,569.9950411796075,21610844
2019-09-24,572.0303955078125,581.0221752076171,555.9480624084689,556.3283315585267,34958974
2019-09-25,572.41064453125,579.32226155245,567.6239836297596,574.4013388291797,18192270
2019-09-26,580.12744140625,581.022122000913,574.177636276722,577.9801482540524,18350457
2019-09-27,585.6076049804688,588.26936977172,574.4014002150042,578.2039128132178,19058663
2019-09-30,595.9861450195312,597.5518958958941,584.0417998862946,586.0325539376727,25263770
2019-10-01,583.7510375976562,600.3478410067997,578.561710792839,598.1110797172258,17920384
2019-10-03,586.5023193359375,588.1351414776207,573.1935556971858,575.296115069358,13524851
2019-10-04,585.1826171875,594.3533936469322,583.2813907007979,590.4614128720777,14992253
2019-10-07,586.0772705078125,590.8639313350587,582.3194924065126,585.1825301515461,10061584
2019-10-09,592.6310424804688,594.9573319134045,578.2039269700573,585.4510800476256,17588647
2019-10-10,609.6304321289062,612.4263389969542,590.9534063442875,592.7428273528446,35006390
2019-10-11,605.08984375,610.9054477231147,597.9098217886772,610.0554412968428,16597126
2019-10-14,607.5055541992188,610.6146594170189,604.3069809057274,610.6146594170189,13394275
2019-10-15,610.2567138671875,612.8737443545717,605.8502623557373,609.518572468822,9672791
2019-10-16,613.9249877929688,617.1906316962651,610.0553448993284,612.8289741993957,19403660
2019-10-17,624.7286376953125,625.8470483684862,613.7684997782934,615.1105806410983,16038940
2019-10-18,633.6085815429688,638.7755119795819,625.7128152032572,628.0837788207052,28121951
2019-10-22,632.6244506835938,642.7793159767306,627.7929955153656,637.4781832827847,27786502
2019-10-23,622.8944702148438,637.9031875827602,618.7564822001889,633.5862634199051,18446160
2019-10-24,642.6002807617188,644.8147048380614,620.2774025030169,626.7416191617215,22642488
2019-10-25,640.2517700195312,644.8370980888827,631.3270614801404,644.6805588324969,13539957
2019-10-27,641.6162109375,646.4252690742446,639.7149248380822,644.635847926269,3014841
2019-10-29,656.2894287109375,662.082635948356,645.1279577348761,646.6489747529108,25768505
2019-10-30,661.6799926757812,664.1180871998608,653.2697550954862,662.0825989955799,16341366
2019-10-31,655.0814819335938,666.3995507299683,653.8960001863959,663.8719882562208,19463741
2019-11-01,651.7487182617188,653.9407456609271,644.6358276540866,650.8987716125406,13904301
2019-11-04,652.084228515625,658.0563711617599,646.4699581291821,655.7748757812135,14063434
2019-11-05,647.4541625976562,657.1393502221374,644.6358585848789,654.5223792352792,12685356
2019-11-06,641.9069213867188,647.0738515591739,639.0438835228734,645.3962954434453,14625505
2019-11-07,652.5092163085938,654.4775136905121,640.6990736670325,641.9516862714436,14084039
2019-11-08,646.6489868164062,652.9790026282728,644.7700974590806,648.2147379016807,12019353
2019-11-11,638.730712890625,646.0896700523681,636.382086667725,643.7857778606185,11357841
2019-11-13,658.637939453125,660.248424410004,639.7149054535805,639.7149054535805,25225749
2019-11-14,654.3657836914062,662.798358618493,651.2566785637106,660.2931928467199,14258133
2019-11-15,657.9893188476562,665.1246062674503,654.5446787993037,655.6630893679287,15691605
2019-11-18,652.777587890625,664.766606333952,651.0776350570546,658.7944641268749,14076051
2019-11-19,675.3914184570312,677.695311064439,655.3723685179723,656.2670493023915,30176255
2019-11-20,692.3460083007812,703.4180100751444,690.3553139483255,695.6564462284737,43538120
2019-11-21,687.8501586914062,696.0814605906284,683.8016386613623,691.1605969563176,14897371
2019-11-22,691.83154296875,702.1206693826493,687.8500945047838,689.8631857536991,22352865
2019-11-25,698.5642700195312,700.0181560781981,693.8446798240759,693.9118107417911,15146156
2019-11-26,697.9827270507812,705.1850861463569,696.0814409003852,701.4944385250221,35330983
2019-11-27,702.2772827148438,704.8048452673582,696.1261438952308,697.8484938217292,9642739
2019-11-28,706.9520874023438,708.67437747895,699.6378642088222,703.5297846773857,13747479
2019-11-29,693.9118041992188,707.6902457553092,692.4355212735608,707.6902457553092,18559594
2019-12-02,709.7256469726562,722.2291370961592,705.4757945873412,715.7649203188947,31225364
2019-12-03,706.3258666992188,713.0808857402927,703.5075625267885,712.5217401172043,12990426
2019-12-04,694.6051635742188,705.6995024548221,686.1277955034981,703.6864112318285,20987607
2019-12-05,693.7776489257812,706.7061446633726,690.7132776391448,704.1338478101695,19942460
2019-12-06,695.58935546875,701.4496933682179,689.4158793168318,694.7394087835282,13085234
2019-12-09,703.507568359375,705.6548619668907,691.831625773185,696.1486098703353,12642677
2019-12-10,698.7432250976562,703.954889839164,695.2538506823063,703.2614823873939,10173333
2019-12-11,698.9444580078125,704.357395282487,693.6656631029554,695.902424408401,12364641
2019-12-12,701.5391845703125,704.0667472788023,696.3722539219933,702.4562622023744,10326606
2019-12-13,708.115234375,711.2914703427954,703.4180412015133,706.8178876216022,12668303
2019-12-16,700.8233642578125,713.0360538117269,699.8168186594121,712.1861071903043,11892718
2019-12-17,699.0787353515625,706.3705624637059,695.8801621597299,700.8904936892386,20324601
2019-12-18,704.96142578125,706.8179181957141,698.7656122892895,699.2129526632548,14742077
2019-12-19,720.2161254882812,722.4305498496976,703.1496428791409,703.9995895600298,20507816
2019-12-20,715.3623657226562,723.6160040571339,714.0202849737523,722.4752563243196,21271510
2019-12-23,702.9706420898438,705.7218149032799,696.8866346005615,697.9155173301782,25107772
2019-12-24,691.8092651367188,703.2614774131188,690.0421810600255,701.8523253630461,18048449
2019-12-26,677.9188842773438,694.7169615393198,675.57025796671,689.6618963804922,29761019
2019-12-27,689.97509765625,691.6973879397483,680.5583141243674,683.1082139531873,17677571
2019-12-30,690.8026733398438,692.3460274000547,683.5779176956529,691.5855488098815,17123749
2019-12-31,677.31494140625,690.5789702805088,674.6308397260912,689.8184320015399,22203005
2020-01-01,675.3241577148438,683.1528519736394,673.4900624593615,679.0819357370663,14004468
2020-01-02,686.8212280273438,689.3487905881979,676.397899264457,676.397899264457,17710316
2020-01-03,687.6488647460938,689.6619561224467,681.3187895160008,685.7923126356704,20984698
2020-01-06,671.70068359375,683.5107670428088,670.13493269889,679.9767186772816,24519177
2020-01-07,682.0345458984375,686.4633346701793,677.0688889990518,679.5293205694625,16683622
2020-01-08,676.912353515625,686.440941615489,675.5032015883575,677.7399630034671,16047902
2020-01-09,692.5026245117188,693.3973052036212,685.0094646794911,688.2975058097518,14982742
2020-01-10,692.3460083007812,696.9537331994524,688.7671661721967,694.247234586273,12478359
2020-01-13,690.5790405273438,697.289325272827,688.2080768341074,691.182979891191,18282382
2020-01-14,684.1818237304688,693.3972733335526,680.8043146862556,688.9237506296278,15816535
2020-01-15,681.698974609375,688.8789956511123,679.19380913835,687.067237525864,15817859
2020-01-16,687.9842529296875,690.4223472080394,683.5554644082378,684.0028644434916,12847975
2020-01-17,707.2652587890625,709.0322829800654,694.8288390890643,694.9630411899628,29463471
2020-01-20,685.5015258789062,719.7911481994419,682.839761284159,719.7911481994419,32545850
2020-01-21,686.1949462890625,691.5408127343894,680.8714169985212,683.8239827310947,18922720
2020-01-22,685.9488525390625,691.9433921150559,684.9423069375898,690.7131763493682,10322817
2020-01-23,683.0411376953125,689.796156393504,680.2899048582964,687.3580618125278,11247739
2020-01-24,680.670166015625,687.2909825261135,679.3280852091012,683.1082008428737,14628445
2020-01-27,673.9598388671875,681.9674704241261,673.2664314282462,677.6952802850295,13387750
2020-01-28,658.3919067382812,675.5031818296184,654.7459935025485,674.8768456496997,24532236
2020-01-29,662.0155639648438,668.5245158029838,654.9473470644701,659.4208703121658,24746565
2020-01-30,645.8660278320312,661.9483606637074,644.1884717288344,661.6352224321117,22402689
2020-01-31,631.5060424804688,650.115939458839,629.5153479649114,650.004074503463,34750310
2020-02-03,619.8076782226562,626.2719547408867,609.7646194987522,612.8289902103342,30712290
2020-02-04,638.1044921875,640.8333280510134,625.3101998110101,626.2943485822723,25383901
2020-02-05,647.9908447265625,649.9144676381121,639.8490725294265,641.906837798755,18472100
2020-02-06,652.1513061523438,656.26695662953,644.2332031533095,650.4961469348968,15538577
2020-02-07,641.3477783203125,649.7132815022266,638.9544179355763,649.109342186217,12209212
2020-02-10,642.22021484375,646.6490042608419,630.969275278225,638.8203083482963,15142476
2020-02-11,649.8922729492188,655.9091502920886,646.4476326193693,647.4989123607826,13999816
2020-02-12,657.7432250976562,659.778713137917,650.8987390375679,651.4132102672503,13533565
2020-02-13,659.4655151367188,661.0760000110254,654.2985851368666,661.0760000110254,13565659
2020-02-14,665.4824829101562,671.6782959370149,650.0487633667867,660.8523610746443,21227841
2020-02-17,661.2997436523438,673.7808982963232,659.5327193324579,666.108801931165,13149130
2020-02-18,656.4458618164062,660.248373884015,651.9723392868693,660.248373884015,11127161
2020-02-19,672.7296142578125,673.9150960904617,659.8905874009041,661.7918138192991,14084409
2020-02-20,664.7443237304688,674.6084467350322,663.7825121618259,669.687583672214,16892268
2020-02-24,646.4027709960938,660.7404153655295,643.987073728272,657.4971087066476,21370214
2020-02-25,633.6309204101562,649.2882495489266,630.7678229370605,649.2882495489266,27745062
2020-02-26,622.7154541015625,631.8190982347916,620.6352917833475,630.7678186366056,29362748
2020-02-27,620.1432495117188,623.5207586374837,612.4263599498594,620.9260652375485,25054993
2020-02-28,594.3756713867188,607.0581581658521,592.7428492925397,606.1186837322065,39315769
2020-03-02,588.7838134765625,612.426378055896,582.0511321802886,606.2081680239584,29500495
2020-03-03,600.7280883789062,605.6713484615526,591.4007735026032,594.8454135797672,27398798
2020-03-04,599.3189086914062,605.6265863851147,585.0930684252744,604.8213738082619,22105261
2020-03-05,586.5470581054688,607.4831839260905,584.2431656944867,604.9108873026663,30510390
2020-03-06,568.5857543945312,576.2579099445863,555.2099199542964,568.1384140570675,33734039
2020-03-09,498.4184265136719,555.1651580471522,489.85162058131226,554.7401548853941,88187018
2020-03-11,516.0442504882812,527.1833252860168,495.66729762910234,495.66729762910234,59578576
2020-03-12,475.5363464355469,492.5357574215292,469.13920029845366,485.3781326945414,55970485
2020-03-13,494.4593811035156,509.98250923399024,421.58557799627334,446.45838815033005,73297403
2020-03-16,454.37652587890625,483.0071128058158,449.5898351157526,474.44030673011787,38482258
2020-03-17,450.93194580078125,474.19430109253625,448.7846523850041,468.4905324264047,45445979
2020-03-18,433.261474609375,463.4130789981454,429.90633253193516,458.6711221665263,44730415
2020-03-19,410.535888671875,432.59039199750924,399.1283828327535,411.6095352262922,61404010
2020-03-20,455.3830871582031,462.9657149231966,416.03836966442924,420.2882223245293,63360475
2020-03-23,395.4825134277344,424.98544483853334,391.72473514239124,409.86489349215907,40670949
2020-03-24,422.03289794921875,433.93247910305325,400.7389011910396,416.0383584084689,45734887
2020-03-25,484.14788818359375,515.1494403179707,430.91289363718744,431.15893082862937,73130298
2020-03-26,476.9678649902344,499.6486775382283,466.2984990986507,490.20952746231364,45744488
2020-03-27,476.699462890625,495.3540929516579,468.0208212280606,489.8516573515531,41657940
2020-03-30,460.9750061035156,480.815118140311,456.30017996614265,465.51565999753865,30229866
2020-03-31,498.239501953125,505.4194933506304,468.8260394087323,480.43484934010263,44292810
2020-04-01,483.3426513671875,503.093264271414,467.5734569491014,502.0419846435416,41597459
2020-04-03,482.0005798339844,507.4997254458984,472.5390630031507,507.4997254458984,41367807
2020-04-07,539.5526123046875,543.086660841312,492.08842686836795,493.0278714782651,54373624
2020-04-08,533.3119506835938,549.7969487728319,518.929571501776,527.8766166035285,49880330
2020-04-09,545.7484130859375,551.4968858405396,533.6922622821191,543.0866484415843,33032857
2020-04-13,531.9699096679688,543.5339847346166,527.8765966727111,538.5907251822866,23673784
2020-04-15,514.388916015625,552.9283884903713,511.32454531609477,535.50397581859,35321842
2020-04-16,522.5308227539062,531.2094648682425,512.2193584197375,514.3889890858135,37455706
2020-04-17,547.5601806640625,550.2443422338717,533.5356723756136,543.9813981126731,33269335
2020-04-20,556.4178466796875,562.3228590945811,537.7184814324796,548.4549490845818,36030932
2020-04-21,553.5324096679688,560.0860954670951,520.719067459836,541.2972622124873,61371628
2020-04-22,610.0106811523438,619.5393292310587,581.5590584712065,590.5061043699907,142683366
2020-04-23,613.2763671875,619.9643142606366,605.4029383592604,611.6882791292506,65464502
2020-04-24,633.8994140625,668.7705820869983,602.674159716329,603.993843697594,134986308
2020-04-27,639.6030883789062,659.8458058753123,636.5834515375906,641.5043146604703,58482901
2020-04-28,638.8873901367188,651.1000807620374,622.7826591494636,648.6620459031445,78453401
2020-04-29,638.3504638671875,650.294808910519,635.2413590168171,646.3804914740855,37494672
2020-04-30,655.8196411132812,668.770532341543,643.3161499559969,650.4290406318744,71345899
2020-05-04,642.0411987304688,655.3722993617022,634.100638844068,644.1884921115068,53456868
2020-05-05,653.4262084960938,661.6351717003255,647.4093321949724,650.3171635725639,44903763
2020-05-06,653.4710083007812,664.2969422025669,646.6488596777011,654.9248941405343,40489094
2020-05-07,674.1387939453125,677.1360939711861,646.4253105657003,650.8988338602702,50026966
2020-05-08,698.676025390625,706.7730639573823,687.6263616828003,691.1604694861131,84262770
2020-05-11,705.3863525390625,722.475230772329,703.3732613494101,706.817841580586,67085063
2020-05-12,661.7470703125,701.6062908611085,655.372320874391,700.0181429966896,100683202
2020-05-13,675.7871704101562,689.5833490177412,656.6169951579172,689.5833490177412,66430125
2020-05-14,648.4658203125,675.9001491489479,645.8014275181612,663.3909829522006,49266771
2020-05-15,659.0556640625,662.3523056062347,639.0500542508714,652.101104371265,62152260
2020-05-18,650.6333618164062,669.2615916574534,644.8755724678133,663.8425028264256,62796089
2020-05-19,636.2500610351562,660.0942539879958,633.6986088181669,657.9717467574862,42315854
2020-05-20,647.44970703125,653.3881649537279,629.0698124523583,636.7469251931129,55320985
2020-05-21,650.8592529296875,659.981412669229,643.5208404585119,648.0367682176926,39167981
2020-05-22,646.478759765625,658.4234038155449,644.1982199074185,655.6235549779989,37828973
2020-05-26,643.0918579101562,654.6752261523151,639.5919719683144,653.9752489639468,33216635
2020-05-27,652.8010864257812,656.61703698639,637.6501047337907,646.2303793438942,35667956
2020-05-28,664.8587036132812,668.2456498737008,654.3591642334784,657.0687092968097,40126278
2020-05-29,661.3135986328125,664.7456963541632,656.007389810822,662.9393134152917,40022527
2020-06-01,686.580322265625,694.7090163146383,666.5295595380629,668.3585186853417,39943702
2020-06-02,693.5122680664062,695.454167278361,686.7835281692161,689.1318561237848,22153960
2020-06-03,696.1991577148438,704.4858827598387,692.450876102865,697.7119921008509,25381289
2020-06-04,713.427490234375,717.8079613810611,695.905665372641,697.2604077785676,34202350
2020-06-05,714.2854614257812,730.6783035409757,710.6726957536978,720.2916470274907,33076685
2020-06-08,708.7761840820312,730.8591525260737,706.7440402167933,730.8591525260737,31414953
2020-06-09,694.1670532226562,714.8726404733965,692.29294201313,704.6214390965813,25857161
2020-06-10,709.972900390625,713.3146942802665,695.4767428311673,696.8540614537437,22132647
2020-06-11,694.4154663085938,708.0761301554923,691.3897970340737,707.1955445300772,20385805
2020-06-12,717.4918823242188,719.3885695925972,676.0355556331963,677.3903578499011,38548899
2020-06-15,729.120361328125,734.7201185977291,704.9826774658966,706.7439083037186,53107403
2020-06-16,730.5428466796875,744.474480971934,715.9111755811775,741.9681807809915,51187003
2020-06-17,729.481689453125,738.5586972066078,723.4980791176175,726.2753520321108,41782053
2020-06-18,747.7937622070312,751.9032611106536,725.0786081018418,725.7108570793259,40471557
2020-06-19,794.5338134765625,807.810625482609,750.5486065093829,754.1613131856782,105804173
2020-06-22,788.5501098632812,814.7650899304879,783.5148135515716,800.8560305108304,60198705
2020-06-23,777.1473999023438,796.4981855618333,774.9797401799827,790.2887548472605,37962078
2020-06-24,780.285888671875,800.5398941664224,772.9926883895107,783.9212306484618,51586221
2020-06-25,775.7925415039062,789.8371168459703,773.6023058840819,779.9020403666149,39679374
2020-06-26,786.5179443359375,791.191964274281,775.3861571652835,780.7150021666101,30921913
2020-06-29,778.1635131835938,785.6599583746296,774.7314151012546,780.3763250508288,25621946
2020-06-30,769.5606689453125,786.2244265425657,765.69950630874,784.4181031225515,30276420
2020-07-01,784.6889038085938,789.8370801059237,771.3443062214384,776.7408788298266,28464103
2020-07-02,798.19775390625,801.4851428535685,786.7259244633,790.3307243392775,28789533
2020-07-03,810.689697265625,813.0022452904714,801.6664242784979,807.0168938963399,29434266
2020-07-06,839.6639404296875,842.4751826446228,812.5940628292079,818.4433464240967,47016185
2020-07-07,826.8092041015625,845.3545651080822,819.0329064848479,843.3821557977242,35189589
2020-07-08,815.2694091796875,832.0236438535034,811.6419416064408,827.0812567649883,26204095
2020-07-09,827.1719360351562,832.0463193953086,809.9415548565688,820.257139626406,36418942
2020-07-10,851.5665893554688,854.5365672443328,827.1719444149811,829.0990778284718,43759967
2020-07-13,877.3895263671875,883.1480789947044,861.519399808991,863.0383906975433,69608392
2020-07-14,869.2277221679688,880.4274760561808,855.7608159923657,876.9360759259316,67331128
2020-07-15,836.1272583007812,897.2498214760561,815.2694681656544,878.7271275560773,139669773
2020-07-16,835.855224609375,847.463061457531,821.8214999600007,837.4875551151266,60961724
2020-07-17,866.8245239257812,870.5879989548259,833.4066071401047,836.5806561826539,49726765
2020-07-20,870.5426635742188,876.0292010321696,861.3607145700907,869.5904907729887,36592938
2020-07-21,893.9623413085938,896.4335647635958,878.0696081666921,879.2031842537095,42173371
2020-07-22,908.6762084960938,911.396779069445,889.0426086044159,899.154121537288,59771457
2020-07-23,933.0708618164062,943.0009721388485,902.9403320698102,908.6535486923683,58333751
2020-07-24,973.1314697265625,980.771759562493,933.0708309814001,933.161502678431,120597372
2020-07-27,977.6884155273438,997.0046048083541,964.8563318326538,987.9359961186242,80304827
2020-07-28,987.437255859375,994.8281988813131,975.1719293046234,977.688488793748,55114422
2020-07-29,950.6867065429688,989.7497800002742,938.8067942555714,987.5280233959866,72663399
2020-07-30,956.218505859375,970.2068340349582,939.5095470108182,951.7522051350378,72857444
2020-07-31,937.2877197265625,965.3551074174673,930.8036739652497,958.7803899595893,74958061
2020-08-03,910.9434204101562,932.7081063612384,908.2681255398212,930.1235431581412,46715383
2020-08-04,975.1492309570312,982.5855095976556,906.9758674005031,916.2032119273854,92041055
2020-08-05,964.1988525390625,995.7349719814191,960.5033812650585,983.492374105097,74549993
2020-08-06,967.6675415039062,982.9028443670852,955.7422950931725,978.0511292868257,49322975
2020-08-07,973.2675170898438,978.41397565965,961.3649973579197,965.7178986420788,32984416
2020-08-10,961.206298828125,981.6787342996001,955.8784966522267,979.0034992486231,26958997
2020-08-11,967.5316162109375,979.4115277857607,952.3643158271037,967.9850346750636,46828306
2020-08-12,964.7203369140625,972.6100942320181,955.2889807683499,961.727691023823,30264617
2020-08-13,962.203857421875,969.8441477839456,956.7399877786922,964.9017603707093,24830322
2020-08-14,958.4630126953125,978.0512181796919,947.331262509623,962.4304992398274,33224635
2020-08-17,948.2835693359375,954.4728728160779,938.6481413156387,954.4728728160779,30979066
2020-08-18,960.6168212890625,967.7583570068861,944.2026051100721,945.4041850307872,30547672
2020-08-19,966.5114135742188,976.6909912734272,961.8864371354927,970.7963711289713,34087543
2020-08-20,950.8680419921875,963.0426971858464,946.7644877423543,961.2742991196269,22537845
2020-08-21,943.9758911132812,962.1811736813316,941.7767425366628,960.3674398053548,25280895
2020-08-24,950.278564453125,954.2460509640609,938.8294034471639,948.3061551600297,32717218
2020-08-25,944.0892333984375,957.3294607463159,942.2301636663344,954.9262408658594,19388008
2020-08-26,969.11865234375,973.9477001185352,928.1738418761494,945.404223995661,59870421
2020-08-27,957.0120239257812,974.8772272109728,953.6792992534803,973.9703303109421,28085062
2020-08-28,959.5285034179688,967.1234569866326,955.0395350457942,961.2741733617809,27166900
2020-08-31,943.4544067382812,985.7595292256586,934.2270624878475,985.7595292256586,62076132
2020-09-01,946.4243774414062,962.362446519786,935.1565603111148,952.205597527122,38616258
2020-09-02,964.992431640625,969.4360647157956,945.4042254030269,948.5782147606872,26949439
2020-09-03,957.6921997070312,969.7761228830589,953.5659776492615,964.9017393534515,18586429
2020-09-04,941.8900146484375,950.8226158672919,939.6001945341707,944.746652794342,28475945
2020-09-07,944.3385620117188,954.8128218318382,926.9267781694189,944.9507158856927,21926473
2020-09-08,955.425048828125,961.7276915670202,943.3637335909106,948.578195976428,27397082
2020-09-09,980.0236206054688,982.948262646231,943.7944599093832,945.4041824088742,55310877
2020-09-10,1049.2398681640625,1063.2735913062183,986.3715829983507,989.8857107486725,140304404
2020-09-11,1051.8472900390625,1060.054399431229,1037.0428539822522,1048.3332813865745,59470807
2020-09-14,1044.048095703125,1070.097737564955,1034.7300199764575,1054.2276724587873,44063445
2020-09-15,1051.439208984375,1054.5678626798037,1037.5188229090886,1048.3105552889465,27178393
2020-09-16,1054.023681640625,1074.3373820752818,1047.675702726847,1051.9605405191994,33952295
2020-09-17,1042.3250732421875,1058.1724701146538,1039.19630018031,1051.960379773106,25828669
2020-09-18,1045.4764404296875,1051.7110790333331,1032.2588818564082,1049.3532551234189,33074915
2020-09-21,1022.873046875,1059.2154905008208,1019.0187796989217,1042.8919445959598,33627381
2020-09-22,1002.6045532226562,1032.4629482711289,998.2515919553894,1032.4629482711289,34792254
2020-09-23,1011.5143432617188,1032.3495230627832,999.9519032941756,1024.7545693680095,42988708
2020-09-24,989.0243530273438,1009.3379933129081,986.689136840463,1001.1309446575593,29826318
2020-09-25,998.319580078125,1003.3526989604931,982.7215890510984,992.561027630643,28374935
2020-09-28,1004.9169921875,1014.7791583315967,1000.7454344947183,1009.7913754651387,19666849
2020-09-29,1017.9758911132812,1026.5683543037608,1004.9170669476492,1008.8846136182149,25842539
2020-09-30,1013.1241455078125,1027.928578554187,1008.8845241351473,1024.754589473698,24465159
2020-10-01,1008.9979248046875,1026.4776536649397,1003.8968020817645,1026.4776536649397,20783227
2020-10-05,1003.0806274414062,1019.8348626021702,1000.2693849664739,1017.4997065200467,18922799
2020-10-06,1002.2417602539062,1012.9200316663944,998.2968817912705,1008.9978810960307,18412175
2020-10-07,1023.62109375,1046.9727737786616,1006.6173920088511,1013.4188487180892,53170865
2020-10-08,1015.3458251953125,1028.3820400322443,1007.5695280889473,1024.3010941935845,21077808
2020-10-09,1012.7160034179688,1021.5806008725526,1005.3023929613358,1013.4188289931045,18545499
2020-10-12,1014.348388671875,1022.8275119437076,1009.4513972409951,1013.4188838080661,14226473
2020-10-13,1034.1407470703125,1036.4305673579886,1009.2699549272937,1011.423767661742,23112012
2020-10-14,1037.22412109375,1044.7057362892785,1028.6088696874467,1033.324638008591,26742011
2020-10-15,1000.49609375,1038.3575863716283,995.2816312959982,1038.3575863716283,20036197
2020-10-16,986.5757446289062,1012.285249528179,985.1474254749343,1004.3502763795697,21583600
2020-10-19,986.757080078125,1010.5622392043457,977.2123844835455,993.0371147391401,31200385
2020-10-20,977.552490234375,994.3747895538761,975.8974318290545,988.0267509433463,18482288
2020-10-21,963.360107421875,993.9213889927784,951.1854522370077,983.0390454596967,34082321
2020-10-22,955.35693359375,966.9421018379,948.1247264007278,964.6296137675083,30802210
2020-10-23,958.1229248046875,968.0757029274415,950.5733065108839,954.9262077062731,23422125
2020-10-26,920.0573120117188,953.0897537107387,915.2509326492706,953.0897537107387,37324416
2020-10-27,922.5059204101562,934.0003573150689,909.129685940206,922.6872638083931,36478896
2020-10-28,912.0542602539062,933.0254473288481,910.2178586428503,925.8158484232022,29924017
2020-10-29,919.059814453125,925.9066672658702,902.7816655110513,905.5022363151312,30655304
2020-10-30,931.5745239257812,936.3809035347286,916.7473024873174,922.0524364064571,34021563
2020-11-02,851.2944946289062,919.105110257612,842.9967150587656,919.105110257612,99366895
2020-11-03,839.0292358398438,865.6003029117848,832.0917710410919,856.9851117444604,88691623
2020-11-04,867.5046997070312,874.6689636295238,832.9532636853438,832.9532636853438,80180117
2020-11-05,886.4581298828125,889.1560327894556,876.0292050636682,886.4354619573483,37205373
2020-11-06,920.0800170898438,924.9997362683603,896.955016187128,902.3282137896616,66674086
2020-11-09,929.8514404296875,938.1492199552745,923.1859913130511,935.0205666821017,35838510
2020-11-10,945.2001342773438,947.6713579150476,925.5439246746041,941.7767378395364,36934242
2020-11-11,905.5928955078125,949.9384928452779,896.9323689240059,947.2179220787752,56724780
2020-11-12,897.7938232421875,910.6939707303043,890.9923666961812,898.2473016530297,40046527
2020-11-13,905.2301635742188,923.4807818666762,898.5874420075651,898.7007816340105,45388670
2020-11-14,907.9053955078125,913.8000155522184,904.7540741586882,913.6186721505104,5226220
2020-11-17,903.8018188476562,945.4041769988106,900.0610116001939,945.4041769988106,46542562
2020-11-18,901.05859375,909.8098520291383,888.7705994600573,903.8018324500739,30402290
2020-11-19,894.6878662109375,911.6008364153229,892.4433818817643,901.0585724391551,27796343
2020-11-20,861.292724609375,899.5169641211087,859.2522514859126,895.5267495451352,57471248
2020-11-23,884.5084228515625,893.2596216864068,873.4220078266853,884.6444304096374,45327567
2020-11-24,890.5617065429688,895.0733434410346,876.0292271989675,890.5390386169317,30936268
2020-11-25,883.1934204101562,903.6658556142215,880.6542529167381,897.7939033535697,32637879
2020-11-26,885.3699340820312,890.9924794007771,875.1450800459091,885.574005389529,25838637
2020-11-27,875.0315551757812,886.9568018403075,871.2227443709401,879.8832703592948,47336811
2020-12-01,886.4127197265625,891.5591779283297,875.1449626736697,879.8152745444881,19750687
2020-12-02,887.8864135742188,889.6321436054803,877.3894853981996,888.0450890461269,22188887
2020-12-03,890.5617065429688,898.2927286508155,888.1131507545629,894.1665064634373,27785372
2020-12-04,882.7173461914062,892.806192431299,879.6566964271353,892.806192431299,18464552
2020-12-07,887.9091186523438,890.9924362657266,879.9287495447478,879.9287495447478,18242188
2020-12-08,904.028564453125,913.3239128258733,884.1909519390108,889.2467387240156,43403061
2020-12-09,919.08251953125,922.1885651259229,906.5225094998519,911.3742252800819,29175254
2020-12-10,910.0364990234375,919.7852655926706,907.3159283447815,916.6566123106188,16065507
2020-12-11,909.492431640625,924.0929139357568,895.1866323672836,912.7570925495094,26944202
2020-12-14,902.917724609375,913.6640608558669,900.6732400750604,910.4673435033312,17312747
2020-12-15,895.2319946289062,902.1921266922071,889.2239753376022,902.1921266922071,18551265
2020-12-16,896.2294921875,904.5726673464999,891.3097731763147,901.421286250231,18561011
2020-12-17,900.3331298828125,909.1297243018021,896.5016507528353,899.8343755485606,20252358
2020-12-18,903.031005859375,909.0843613071538,890.9924186751066,897.8392714360722,18466344
2020-12-21,879.5206298828125,916.8380330457733,841.228385961526,911.396891229463,44135540
2020-12-22,878.1603393554688,888.2265172786522,856.2822534289644,883.7375484737753,28140001
2020-12-23,881.4024047851562,884.8484691755272,870.8827482738318,875.1223699613015,19501410
2020-12-24,904.2100219726562,906.3184389463692,882.3319351071959,882.8306894509022,20776988
2020-12-28,908.3589477539062,915.0243977332622,904.7314797444484,909.9006066659106,17221499
2020-12-29,902.3508911132812,912.4397367118075,898.9501027379986,910.943413813905,18611939
2020-12-30,904.8220825195312,910.1272165991579,895.7761410801606,904.7087428928894,22043630
2020-12-31,900.1970825195312,912.2583374556028,897.1591008607796,903.9152218564029,18781189
2021-01-01,901.1947021484375,905.5022677403856,898.7008105101149,901.4213814086115,10015175
2021-01-04,902.7136840820312,906.3637598470406,892.352762889534,904.6407576146281,24513534
2021-01-05,891.4912109375,899.4262438413816,886.9115106039434,892.80613046262,24123091
2021-01-06,867.9807739257812,891.4457932255564,863.854552119663,891.4004573776713,46401468
2021-01-07,866.5751342773438,881.9237776804218,863.854563591743,870.8146957594764,32325918
2021-01-08,876.800048828125,878.9311936650147,867.0059456976594,869.6811807226603,27540187
2021-01-11,860.2723999023438,879.1124426510808,858.1185873709477,879.1124426510808,33307825
2021-01-12,887.3876953125,888.7252828199374,861.4740587259083,862.87970997784,41161546
2021-01-13,879.112548828125,895.5040980209848,869.8852636562669,890.3349713085404,26619458
2021-01-14,888.9973754882812,891.8540138996398,879.2259402439199,881.9238432057263,21553242
2021-01-15,878.5003662109375,894.9825854452455,870.6106693815333,888.9972940596249,20593268
2021-01-18,899.5850219726562,905.5023104311074,872.1071166758358,883.7829581350744,35100458
2021-01-19,914.298828125,920.9188817318542,904.4366615381475,904.4366615381475,32006615
2021-01-20,931.6652221679688,933.1615451092317,907.4973158868203,916.5659852036083,30924537
2021-01-21,951.9335327148438,961.2742166156673,940.869846715687,944.0438358240183,39087742
2021-01-22,929.352783203125,959.1659039809861,922.8006730227185,957.1934345680818,30532660
2021-01-25,880.1100463867188,922.7099125187834,876.0291603627637,922.7099125187834,54207104
2021-01-27,859.2522583007812,872.8552326609131,856.0782689298538,872.8552326609131,42370131
2021-01-28,850.8864135742188,872.084340959147,847.9164357485394,852.5187439949068,34067814
2021-01-29,835.19775390625,867.4593698333902,829.7792200753853,858.9348503983574,43712383
2021-02-01,859.3883056640625,863.7865428347654,837.9409701152957,843.110096652801,34180952
2021-02-02,873.2179565429688,879.6566667876373,841.0923491274965,867.9808262438378,41470034
2021-02-03,875.4171142578125,885.0978176672972,861.5193971120666,874.3515418529886,30301696
2021-02-04,872.537841796875,879.6567100873364,863.7865829635437,872.4017742702679,25626981
2021-02-05,872.288330078125,881.7650813571979,870.5879959278572,875.1449682096818,20248046
2021-02-08,884.8484497070312,892.8061507159327,874.691600163488,876.5052740367894,21183400
2021-02-09,886.9795532226562,902.1468540671391,885.2338830875444,889.6095123241837,19604141
2021-02-10,895.2093505859375,899.9477267102546,873.8980819416108,885.8913937556059,21234156
2021-02-11,932.11865234375,935.9728593397923,894.2798277886045,897.7938959649373,42539278
2021-02-12,925.7252197265625,942.2301071014969,913.8453084946966,932.0279220969353,30497029
2021-02-15,921.6444091796875,934.6578975884943,918.1983447144302,928.6499377082844,15791099
2021-02-16,933.8416748046875,942.8649480322981,922.7325927047402,924.8864053509033,21421660
2021-02-17,944.6107788085938,950.3693317941866,929.8062237379862,934.0684536675998,23742994
2021-02-18,937.559814453125,956.014443525895,933.6602717704307,945.4041756996926,18646877
2021-02-19,943.27294921875,954.450034127703,931.0302920410015,932.7080181575017,23403483
2021-02-22,910.5352783203125,947.6260001116775,904.5727145749872,943.1370313830363,23804335
2021-02-23,917.495361328125,930.8489262991976,913.0290610563624,928.6271101243701,25644108
2021-02-24,934.5217895507812,936.4488628942796,918.7196681979915,920.4653981529497,10807663
2021-02-25,972.3153076171875,975.7840397521635,939.9629623775807,941.3232777095965,34855693
2021-02-26,945.7669067382812,967.576928004242,938.9200542247918,959.9139702500598,37481215
2021-03-01,952.9765014648438,957.6468737146039,935.2019693603648,956.8306484903325,17680764
2021-03-02,954.9262084960938,965.8085514456496,947.2632505723379,962.1811437745009,17150760
2021-03-03,998.5009765625,1006.572077071357,955.4703590572257,961.750393670414,31924461
2021-03-04,986.5983276367188,992.9917014235936,978.3685522339485,988.4800650989264,21435754
2021-03-05,987.890625,1002.9672532884404,976.260120871694,977.5977682721734,25511666
2021-03-08,993.5132446289062,1012.0132094952947,983.0389843818929,983.2656636273797,19506841
2021-03-09,993.4905395507812,1003.8061245628406,973.3355758572837,997.5487577867862,15154484
2021-03-10,989.3643188476562,1004.3956118787131,984.0591848216625,1000.7228083320849,11519358
2021-03-12,969.2546997070312,1000.4507422731192,963.0426687169551,995.2816157511662,16864952
2021-03-15,956.2412109375,974.3784296324053,943.3637304935054,970.3656071763525,16698099
2021-03-16,952.4777221679688,963.9948870594851,950.165234013291,958.553685547253,13873801
2021-03-17,931.9599609375,953.5659717866566,922.7779520359184,951.321487384943,19210236
2021-03-18,910.9887084960938,945.313461898209,907.3159051912041,939.9175965589106,20647480
2021-03-19,944.0438232421875,950.3238575711216,899.0634664039354,902.7816055754887,41787429
2021-03-22,935.1565551757812,940.416353017528,921.9163888767762,939.0560976937982,18572478
2021-03-23,946.5377807617188,956.6039587366939,932.2547090305418,934.9526119187763,17421165
2021-03-24,928.3097534179688,943.0235744782575,925.181100240172,943.0235744782575,16822814
2021-03-25,902.9857177734375,931.3478510950881,900.0610755416413,931.3478510950881,22001648
2021-03-26,904.4366455078125,913.0745041101142,894.937285828174,912.3036747318539,20180202
2021-03-30,920.1480102539062,929.0352757477536,903.0309690022071,910.4899154033928,20441701
2021-03-31,908.2681884765625,929.4887857349338,906.4091186742177,915.0243699268892,16250796
2021-04-01,916.77001953125,920.4654911265429,908.2908359953475,915.0243493680184,11723312
2021-04-05,903.5071411132812,918.1982951252521,889.677488179083,918.1756272004715,14875099
2021-04-06,899.7437133789062,909.107066008566,892.8061886370579,908.6763154469585,14009194
2021-04-07,908.15478515625,928.1284651595439,903.8245518752842,906.8625335398098,24266353
2021-04-08,909.288330078125,916.8379481306634,903.6884533297169,911.850225266319,15369188
2021-04-09,898.7235107421875,909.7418622564089,897.7939458378843,906.159790104371,14037885
2021-04-12,866.5751342773438,889.3600561933767,861.632747207554,888.2718159255257,20901482
2021-04-13,875.9385375976562,879.9287521472845,869.6131669055775,872.4017415275625,19411189
2021-04-15,881.6063842773438,889.1786704861084,867.4139846330557,873.4446120904353,19723716
2021-04-16,876.0745239257812,884.1456245317884,873.5126286216039,878.1149969863354,15656948
2021-04-19,862.290283203125,868.9557331768007,856.9851487238521,863.333187750963,18478808
2021-04-20,862.0408325195312,870.1345408290238,857.1891171314771,866.2803940149797,17203668
2021-04-22,864.42138671875,868.0715224771913,850.9544798546892,858.0053442180699,14490954
2021-04-23,863.4918823242188,870.0892682363567,859.4109960022909,864.2400438171045,11828857
2021-04-26,878.6817626953125,889.6321696188024,866.7338471259807,870.5880540621903,20846778
2021-04-27,901.7161254882812,905.5929405224553,878.8631979839778,879.6566953316482,19992524
2021-04-28,905.6382446289062,910.4899602170952,897.861946907099,905.8876517747103,17122437
2021-04-29,917.7675170898438,927.0401972486708,910.1725631547909,917.2460348994038,17412606
2021-04-30,904.36865234375,923.1860285256435,901.2173310194296,910.7166908105166,19828769
2021-05-03,888.29443359375,897.3403740884293,881.0622267762088,891.445754629743,23640186
2021-05-04,869.0462646484375,892.2619961748394,866.507097421783,884.1908961551087,21849830
2021-05-05,870.6334228515625,878.976538945821,865.1695531457119,872.1070779189138,12393609
2021-05-06,875.5757446289062,877.3894784194164,864.5119984908221,871.4268548191382,14624666
2021-05-07,875.9158935546875,886.7529013481309,873.308662266205,878.6364644741296,12288548
2021-05-10,873.3992919921875,882.7399763357812,871.0188000480982,879.2032403073009,13941237
2021-05-11,876.5507202148438,878.999216065306,866.0537312569095,868.3209436649042,13478264
2021-05-12,867.4819946289062,876.4372641804301,864.6934200952072,875.1676804843173,13177961
2021-05-14,878.4324340820312,880.563518938135,864.2400338075389,874.2381482108096,13291616
2021-05-17,888.8839721679688,890.2895633789483,875.3036666921718,878.4323799585411,11873078
2021-05-18,901.3986206054688,908.0414016691675,894.3930927948095,898.2472994692848,12064918
2021-05-19,905.52490234375,914.3214965481937,894.1664727852633,897.7938805270868,16317002
2021-05-20,900.2424926757812,911.8049942540358,898.247415294268,905.9103738478551,11422532
2021-05-21,908.0187377929688,911.2153947907652,900.514455659808,903.235026290113,10785605
2021-05-24,900.3557739257812,911.3061808075764,898.7007755187158,910.4899555985552,8551760
2021-05-25,890.153564453125,905.5022080454436,888.7252453359569,905.2301329831129,14780102
2021-05-26,893.2822875976562,897.5672452840586,891.1285347593667,895.5267721091835,7480204
2021-05-27,896.0255126953125,903.6884705135559,889.7454781714291,893.395613685115,26819294
2021-05-28,949.8477783203125,954.4727544116488,902.3281938924274,902.3281938924274,56469931
2021-05-31,979.5475463867188,993.7852821100847,945.4268620793822,953.1124880356037,59124142
2021-06-01,983.4470825195312,998.4556475299046,973.2901730558312,982.1321030027278,28013832
2021-06-02,998.1155395507812,1001.8563467317178,978.0511883191928,978.0511883191928,24630162
2021-06-03,1001.9243774414062,1020.220331233519,995.7804103170117,1007.0707759680465,23974257
2021-06-04,993.2412109375,1005.007723278059,990.4072405064371,1004.2595618006808,14468646
2021-06-07,1009.9727172851562,1016.5928305525485,990.747259262441,998.4556127916534,16336573
2021-06-08,1004.1688842773438,1009.8594330639162,996.7099374722953,1009.6100858849402,9674735
2021-06-09,986.2130126953125,1007.0708023507111,978.4819907883092,1006.1639653966724,11409161
2021-06-10,989.8403930664062,1011.151659285564,987.3691696343178,994.5560407600096,14155653
2021-06-11,1007.0098266601562,1013.7668141971928,991.9716855769274,993.2457554895082,13762778
2021-06-14,1021.4564208984375,1027.530819009634,998.7740423359074,1007.8515792569079,20332436
2021-06-15,1023.7772216796875,1035.1070101753917,1019.3635904431443,1028.7823940791782,15174215
2021-06-16,1006.3045654296875,1022.434740881434,1003.6882448935254,1021.456501659872,10797349
2021-06-17,1008.1473388671875,1016.9518526581879,991.8806822040291,1001.0264002407747,15745975
2021-06-18,1012.697509765625,1016.9519117351164,993.9055193524756,1012.6292689125116,29369026
2021-06-21,1017.9756469726562,1022.6394940703871,1001.0947614747922,1002.6190479059233,12186448
2021-06-22,1012.7430419921875,1028.782290874014,1009.8309507322007,1025.5971158370016,12871913
2021-06-23,1003.4607543945312,1024.0499936427696,1001.7999261642769,1023.7770302436452,16653951
2021-06-24,979.868408203125,1007.6696350296437,973.7257686881059,1004.143316081599,91461975
2021-06-25,957.550048828125,979.8684182931346,946.9255377961272,979.8684182931346,55355022
2021-06-28,949.1550903320312,967.5830690553377,946.8800342020979,965.535542609245,20277042
2021-06-29,949.9740600585938,959.6203313338768,948.2905450727716,950.7475767024226,27144063
2021-06-30,960.37109375,965.8312041148121,951.4528452867432,953.8188890996875,19762858
2021-07-01,954.592529296875,966.0587979305755,953.2502184775107,963.715500911565,12534407
2021-07-02,968.7433471679688,970.4951632609226,952.317400936898,954.1602048328318,14086620
2021-07-05,978.3668212890625,979.8911076185376,969.8580780772137,972.1103871470752,11702287
2021-07-06,966.8095092773438,977.7752841489311,964.7164890232146,975.9780344174737,10070124
2021-07-07,960.09814453125,968.1518891821571,954.6152867923088,968.1518891821571,10454892
2021-07-08,952.1581420898438,963.2377120648708,946.880007204719,963.2377120648708,11185460
2021-07-09,942.4208984375,951.7486525291566,940.1003484340649,950.0650773140198,9037675
2021-07-12,948.29052734375,956.207729408689,943.9223909587707,946.3111816946794,8585292
2021-07-13,955.3887939453125,956.9130803745411,950.0878516924769,955.5252756516485,6717133
2021-07-14,949.1550903320312,958.6420731903104,946.9937689554591,955.6844881859736,8532544
2021-07-15,947.494384765625,953.2502663224025,945.7425685626396,953.2502663224025,9448356
2021-07-16,961.1674194335938,962.2367066615387,949.8831264283724,949.951367281346,8828185
2021-07-19,955.0474243164062,966.4454508536942,951.9988517937092,955.5251704130839,8354449
2021-07-20,952.7041015625,959.1653183707836,948.2450375383125,955.2976750301373,6741464
2021-07-22,964.9439697265625,966.4000152300578,954.683470529445,964.1704530749702,7972397
2021-07-23,958.1188354492188,971.2004383163171,956.4580071605648,971.2004383163171,9937030
2021-07-26,944.99169921875,965.0804452589716,942.3753787545852,959.1653356602167,12389668
2021-07-27,935.0496826171875,948.1085383406385,929.1345728588083,944.9689777697635,10824523
2021-07-28,927.0186767578125,936.414671001328,917.4178997988275,936.414671001328,12897848
2021-07-29,934.25341796875,943.8769425785124,929.7715466212894,934.5946824013536,13765738
2021-07-30,926.0859985351562,940.9421040230186,924.1748936428288,936.4147387774315,11350608
2021-08-02,943.012451171875,946.1520117827725,928.7478263645152,934.7312372274596,10925104
2021-08-03,949.9512939453125,951.4300863540562,939.2357958963441,950.9750871922383,11817299
2021-08-04,957.2315673828125,961.8954143261994,949.6100753022611,952.9771655453944,13169800
2021-08-05,971.1094360351562,980.4598768953389,957.4590392491626,962.0318984025091,21252078
2021-08-06,950.5429077148438,976.8880893431025,945.8562535112904,969.1528622918455,16620987
2021-08-09,945.128173828125,950.8841149123823,940.2822912594686,946.8799898333923,7494143
2021-08-10,950.0877685546875,961.4403616289129,943.5811181110125,947.3349664779623,11919198
2021-08-11,963.3970336914062,964.6255496425972,947.9721328249349,954.1375197102308,9184963
2021-08-12,960.3028564453125,967.4465419866664,957.8002707488877,966.8550009426898,8137612
2021-08-13,976.2965087890625,978.2303606065249,959.5975996548036,963.3969420853272,12780901
2021-08-16,988.9686279296875,1002.3914951366927,968.3338340297282,977.980105672493,21935444
2021-08-17,984.759765625,994.2922421974579,977.2975624086582,986.8528461084586,12658169
2021-08-18,988.5819091796875,995.0203194571639,979.4589373887336,989.1961972236583,10075860
2021-08-20,977.4796752929688,988.2861624618475,972.3607686087786,975.0908240910231,9426282
2021-08-23,983.8953247070312,989.1962069315948,970.2221801850279,989.1962069315948,9854395
2021-08-24,993.6098022460938,997.3863978639248,980.8239096504693,985.123805492856,11864472
2021-08-25,1002.20947265625,1010.1267354530132,991.9717199859176,994.3833180171741,13380559
2021-08-26,1014.8815307617188,1021.4564824929126,1003.3014677332652,1004.666525440298,18589616
2021-08-27,1013.4937744140625,1020.4782919319844,1008.3294342208058,1017.8619111430866,10480636
2021-08-30,1032.9910888671875,1035.539228921763,1017.7709708130757,1023.7771290070833,14027062
2021-08-31,1027.4854736328125,1039.1337183154053,1020.2507393885751,1036.016904489164,26485463
2021-09-01,1031.5576171875,1043.296968181422,1029.6921267178896,1034.242238504605,11145486
2021-09-02,1043.9796142578125,1050.0767599227504,1026.052128476792,1026.052128476792,9956770
2021-09-03,1086.79638671875,1089.7539721580104,1047.665367387848,1051.0778919074535,30664428
2021-09-06,1103.67724609375,1128.4299004209945,1097.4889922462605,1097.944051619568,33641710
2021-09-07,1110.638916015625,1118.4195769224002,1097.4890117544835,1105.6792381399396,17349882
2021-09-08,1106.29345703125,1116.5995103115172,1095.054658449374,1115.6895119598441,14301651
2021-09-09,1103.67724609375,1109.2510915570197,1099.35460328716,1104.7237261918483,8963249
2021-09-13,1079.0838623046875,1107.0443192185294,1077.4913349676583,1107.0443192185294,16311160
2021-09-14,1077.6732177734375,1089.2987144742633,1076.5583765209813,1080.6535496243034,8908356
2021-09-15,1082.1551513671875,1090.09504087413,1077.6960268089388,1077.6960268089388,9071075
2021-09-16,1104.8603515625,1108.7506824525951,1077.0136268677215,1083.6340736441837,13448882
2021-09-17,1087.7291259765625,1117.441461923606,1080.9267035759578,1112.9595898822733,34882133
2021-09-20,1089.4580078125,1100.3782281549334,1078.3784384748346,1079.3339306750968,11779819
2021-09-21,1094.16748046875,1099.5820973964808,1084.7486779581968,1094.3039621775245,9915736
2021-09-22,1105.9068603515625,1111.139381442334,1091.2326692117995,1095.6690469817631,10995912
2021-09-23,1132.9345703125,1136.1651189116335,1112.7320273834348,1113.5965319131858,15748397
2021-09-24,1129.6583251953125,1140.009872555042,1124.7897556991463,1139.1453680882425,15192163
2021-09-27,1148.655029296875,1151.134928281977,1126.2912870102596,1131.6149158288965,15373834
2021-09-28,1159.3934326171875,1167.0603586138618,1143.354184437372,1153.0004562253168,18035258
2021-09-29,1150.2022705078125,1169.380959813766,1146.6531442405346,1169.380959813766,9719875
2021-09-30,1146.2889404296875,1153.273457399079,1137.6892697076169,1148.9053210131074,13590654
2021-10-01,1148.3138427734375,1155.6395643825463,1135.2550471541776,1138.4173546931033,8958928
2021-10-04,1163.0791015625,1171.5877855440117,1154.3883216099566,1161.6458028718084,10918552
2021-10-05,1187.2171630859375,1188.491232783566,1159.0746171322119,1162.6009955698191,13533634
2021-10-06,1164.7626953125,1192.1088663326832,1160.7813766554293,1192.1088663326832,10258881
2021-10-07,1170.4730224609375,1182.4625914537355,1168.3344479778266,1180.7562090449592,6336665
2021-10-08,1215.450927734375,1221.4343385648037,1174.613532001241,1176.3197940015023,15772493
2021-10-11,1206.9876708984375,1237.632749168865,1203.666134554231,1229.1695592932124,14768666
2021-10-12,1213.881103515625,1220.797380462856,1201.8005463413256,1203.5069288032655,6682011
2021-10-13,1226.2347412109375,1237.405299921744,1214.5636292034492,1218.977260003142,9959762
2021-10-14,1228.7144775390625,1236.47251177523,1222.7083196035724,1228.6917305879201,8623469
2021-10-18,1231.99072265625,1249.0080910419072,1211.3786136242938,1214.2452110768702,13594479
2021-10-19,1243.024658203125,1251.8974138396732,1232.172677010528,1239.3617971163028,8833409
2021-10-20,1228.7144775390625,1247.9842743668398,1224.6649184645307,1247.9842743668398,12710570
2021-10-21,1193.26904296875,1241.2728114223185,1184.487275783306,1240.999848015025,20831669
2021-10-22,1195.49853515625,1212.5615152599457,1188.2638017444342,1192.1313848923699,11027475
2021-10-25,1183.8502197265625,1219.4322268467454,1169.3808726672285,1219.4322268467454,17198417
2021-10-26,1210.8096923828125,1214.3815653473446,1184.464511564794,1190.8119938799573,9750178
2021-10-27,1195.49853515625,1217.9761316670556,1192.1086379430944,1206.6918395131022,9896298
2021-10-28,1182.3941650390625,1200.2989032113676,1178.7086777178667,1192.131424255356,9886181
2021-10-29,1154.0242919921875,1181.2794715076984,1138.303621720808,1181.2794715076984,14233025
2021-11-01,1154.7296142578125,1163.0108284889366,1134.8455291099833,1154.0243384080532,15481114
2021-11-02,1137.89404296875,1159.3706543132414,1135.3687704240997,1158.005596587504,10569130
2021-11-03,1130.06787109375,1146.6302984409235,1119.7845647630193,1140.2828162204378,11989430
2021-11-04,1137.0067138671875,1139.7595760808606,1132.9799021702054,1134.3220924997154,1705656
2021-11-08,1138.4173583984375,1146.63033145871,1117.6915164906068,1146.3572476973713,20337183
2021-11-09,1147.40380859375,1150.6798507830363,1131.637644937905,1139.805123815544,15682497
2021-11-10,1160.235107421875,1163.920714976533,1139.1908094185892,1145.1287260147478,10253470
2021-11-11,1162.3509521484375,1169.6083122656398,1153.7056670416569,1155.7532535702464,10722478
2021-11-12,1179.8917236328125,1182.4626105860948,1163.465776749054,1166.1503984605802,8712341
2021-11-15,1172.9300537109375,1184.03237124433,1169.3809275416072,1183.0312646799675,4803269
2021-11-16,1145.6749267578125,1171.6560383638487,1135.2551376309032,1170.3137274678447,11337581
2021-11-17,1121.1495361328125,1137.0521803529896,1119.784478533251,1137.0521803529896,10202029
2021-11-18,1125.381103515625,1132.5248489990865,1114.8020873378032,1119.3294522857677,8505625
2021-11-22,1075.5347900390625,1114.3246032878988,1069.7333541956211,1108.4549265855226,24124307
2021-11-23,1085.59033203125,1092.5975959560926,1050.6227346718351,1061.5657022414562,25326999
2021-11-24,1069.91552734375,1096.5336766468922,1066.343653697293,1082.9288314081464,16820296
2021-11-25,1134.3221435546875,1138.4400635861748,1072.5315589664726,1079.7435455818988,42401936
2021-11-26,1097.761962890625,1127.33768989774,1092.7112978197426,1122.8785658449294,15763138
2021-11-29,1110.911865234375,1137.530130735484,1091.6193215192616,1109.819891228915,24325354
2021-11-30,1094.48583984375,1126.5642137673601,1086.9553960411952,1122.9695939867834,32172299
2021-12-01,1122.5146484375,1125.6997027555497,1103.4495757193315,1107.0441954788987,10104610
2021-12-02,1129.7265625,1135.800961053092,1120.0575440347766,1123.7431517479451,12720411
2021-12-03,1095.78271484375,1136.8475802217874,1092.028866217897,1136.8020863205188,19222481
2021-12-06,1075.0113525390625,1103.404119692969,1072.5315739182363,1099.309066908383,10332254
2021-12-07,1083.7703857421875,1093.8488493527543,1073.8284038337267,1081.1768723394634,11235122
2021-12-08,1100.2645263671875,1106.4981533356588,1094.8954038300121,1102.994641711683,8744178
2021-12-09,1117.7142333984375,1126.1091818377997,1103.4041151302852,1107.9542272517804,13213547
2021-12-10,1118.851806640625,1122.0596079618992,1105.8383850496557,1110.343003210938,8364414
2021-12-13,1096.419677734375,1125.7451889893634,1093.8487910647625,1125.4722255996962,12901733
2021-12-14,1082.996826171875,1094.758924705155,1079.925506579218,1082.9285853235253,12991523
2021-12-15,1079.834716796875,1094.3040660307108,1074.328991186542,1084.7487809045542,9366969
2021-12-16,1093.8033447265625,1099.0814796358936,1077.764217447417,1094.6223552854042,9761279
2021-12-17,1064.9329833984375,1095.669050195776,1055.627915388533,1091.1416846044397,21049821
2021-12-20,1036.2215576171875,1054.6494737766875,1022.4573675126571,1054.6494737766875,14325846
2021-12-21,1051.646484375,1067.4581418231853,1042.9785726603923,1051.6919782743073,12836561
2021-12-22,1076.6038818359375,1079.2430094666254,1056.5379426212896,1057.8573860824001,17658543
2021-12-23,1076.2171630859375,1082.9285964305648,1072.9411209146308,1080.1984810516549,9072401
2021-12-24,1079.652587890625,1088.3887407376528,1063.6133400712515,1078.3785179602155,7886494
2021-12-27,1078.4921875,1082.0185663686743,1068.413724480792,1074.5336166000147,4017223
2021-12-28,1091.3009033203125,1094.2357415301187,1079.7663934022717,1080.926608302519,6374613
2021-12-29,1093.1663818359375,1100.6740785888855,1083.884061988693,1087.9337410579972,15425312
2021-12-30,1073.4189453125,1094.2812707813944,1067.276305271878,1092.02896140955,29333171
2021-12-31,1077.536865234375,1084.7032384928461,1073.8285101886943,1079.7436806997002,9477290
2022-01-03,1093.7806396484375,1095.6462506930534,1075.4437086416906,1076.1034905748938,5421611
2022-01-04,1118.4649658203125,1119.7845295836617,1093.8487950722674,1099.2635318209977,10847728
2022-01-05,1123.6976318359375,1127.0647821675334,1107.021469888781,1120.2396140596422,11643813
2022-01-06,1099.53662109375,1116.5996031111947,1096.123976548564,1115.3255331004264,14447422
2022-01-07,1108.4093017578125,1118.4422714413886,1097.2842377517782,1106.111498715673,13112115
2022-01-10,1109.3193359375,1117.9646215781718,1099.3318598320666,1115.6895654128748,9246731
2022-01-11,1117.3048095703125,1126.1319502273575,1107.9542483452858,1108.409307707792,16205164
2022-01-12,1147.1307373046875,1148.8826135216357,1121.6045672988503,1124.4711644227355,14800442
2022-01-13,1153.5919189453125,1156.185552589028,1141.3521345231045,1147.199063341914,11856712
2022-01-14,1155.275390625,1168.1522095010407,1149.2919803342058,1153.4553940360954,19930176
2022-01-17,1161.3043212890625,1167.1057561240766,1154.3654186486065,1154.82047798332,8036453
2022-01-18,1147.4493408203125,1165.9000062324892,1144.6964783846606,1162.4419883292344,6215029
2022-01-19,1147.3583984375,1156.6405988874542,1141.6252038335633,1151.1804880553777,9755485
2022-01-20,1127.2696533203125,1142.0575796806486,1117.0545865844654,1137.5529609143537,16494486
2022-01-21,1127.4515380859375,1138.5538554378697,1115.6895591579548,1115.6895591579548,13338594
2022-01-24,1081.9730224609375,1139.6912967231897,1071.598729229798,1126.1545759538076,21868937
2022-01-25,1079.8572998046875,1086.8644436444313,1048.802657948011,1069.0734401117095,24510205
2022-01-27,1063.863525390625,1072.0537511885557,1051.5554999211186,1062.9080331478985,20020431
2022-01-28,1062.83984375,1081.0630398643073,1059.4500666597933,1076.103482458547,14667727
2022-01-31,1085.9317626953125,1094.9409997464795,1072.0993294430996,1073.91944662709,12143683
2022-02-01,1082.337158203125,1101.402112704543,1067.9587979070466,1095.6690383601324,13200509
2022-02-02,1084.5438232421875,1095.2138271372608,1080.6989871423398,1095.2138271372608,10017691
2022-02-03,1070.5294189453125,1092.6885576552872,1068.0041465713055,1088.3886622160464,9572839
2022-02-04,1060.76953125,1068.5730594354839,1056.1284310635565,1065.183161923649,11061241
2022-02-07,1054.308349609375,1072.3723159767667,1048.8026250078512,1065.638135750538,10714467
2022-02-08,1072.0311279296875,1073.8284982281216,1051.0778148959062,1060.4738708218974,12060849
2022-02-09,1084.5211181640625,1086.204633140618,1072.918368570495,1078.901658786714,11486225
2022-02-10,1083.406494140625,1090.0723137940836,1076.1490130370194,1090.0723137940836,12464491
2022-02-11,1081.2906494140625,1084.976257286365,1066.5937118273357,1079.857350777376,15943370
2022-02-14,1064.0684814453125,1071.5306852913075,1052.4428632313213,1064.841998172486,10719633
2022-02-15,1100.1962890625,1102.903657466319,1062.77153947328,1069.824176996969,11212671
2022-02-16,1097.9212646484375,1107.0442358991004,1090.1860980638264,1105.6791781831728,10392840
2022-02-17,1111.8218994140625,1117.0090469039765,1096.5790346237516,1101.174641012644,12853252
2022-02-18,1103.1312255859375,1117.6915612787002,1101.1973736454247,1112.2314504381943,6775458
2022-02-21,1091.9833984375,1109.091873871227,1085.021748188729,1097.4890031023695,11107193
2022-02-22,1087.0235595703125,1090.163240139031,1067.9813553988286,1070.5976154595025,13494914
2022-02-23,1080.22119140625,1095.009115283983,1077.468449525144,1092.529336789828,7310110
2022-02-24,1026.393310546875,1064.6826864402094,1020.7739713257805,1048.8026672886117,24846650
2022-02-25,1039.224853515625,1050.1450756675365,1035.7212210618118,1037.4729771115954,14570089
2022-02-28,1073.6236572265625,1077.172783570844,1020.5920864050885,1020.5920864050885,21297446
2022-03-02,1091.3690185546875,1092.4838597770897,1059.8139450476658,1062.2027357830907,21471786
2022-03-03,1082.1551513671875,1098.785820478749,1078.4013026500006,1092.0288927878125,10186748
2022-03-04,1058.1531982421875,1075.7848524224223,1055.787154408625,1070.643199306108,10805667
2022-03-07,1019.022216796875,1052.0333374144284,1011.0367133096933,1036.8358471079189,17983310
2022-03-08,1017.179443359375,1021.9571458487228,991.9262942983967,1006.2591610579486,21289374
2022-03-09,1071.143798828125,1077.01347494328,1016.565078233395,1017.406956117863,20414228
2022-03-10,1088.50244140625,1094.3038764083778,1073.8283721325647,1092.028820377732,17980493
2022-03-11,1091.6419677734375,1097.0339575128753,1081.1311923906428,1081.1311923906428,12257423
2022-03-14,1100.605712890625,1103.1311056498985,1080.1984500463022,1086.06812572994,8340678
2022-03-15,1075.398193359375,1104.7464533796308,1065.1148867530296,1104.7464533796308,15925769
2022-03-16,1093.5531005859375,1095.6234340578644,1081.609026403429,1083.8385885222203,11149828
2022-03-17,1129.203369140625,1136.3469946247096,1098.8994972340938,1106.9304944761457,21422098
2022-03-21,1122.6966552734375,1130.249846191458,1109.7743416930666,1112.0493977484434,11999466
2022-03-22,1151.7037353515625,1153.4327442921551,1116.417558596963,1119.3750232146147,22557065
2022-03-23,1155.366455078125,1167.0375661035232,1147.9953600851836,1147.9953600851836,15462187
2022-03-24,1173.316650390625,1175.8192962308133,1142.08015447494,1142.08015447494,13168266
2022-03-25,1181.1429443359375,1190.3114093068612,1172.5659000566366,1175.0685459381182,14222488
2022-03-28,1193.018798828125,1196.5678044575318,1176.8885634283017,1187.5813149251485,9891424
2022-03-29,1193.2918701171875,1200.321761515582,1186.3984604316122,1200.321761515582,8684065
2022-03-30,1216.224365234375,1223.0722800944307,1190.8119310722573,1201.1862248102987,15811550
2022-03-31,1198.8428955078125,1214.7456618708436,1196.0446595036312,1212.584340487485,13223718
2022-04-01,1208.443603515625,1212.6752582349072,1193.0415116671982,1199.4116203413212,7922880
2022-04-04,1212.015625,1217.1572786813153,1201.9826544660282,1208.2617761125623,7929162
2022-04-05,1194.8843994140625,1214.836726034793,1192.450114468768,1206.2824277666361,13149870
2022-04-06,1191.69921875,1198.7291094168588,1177.1616311168914,1177.1616311168914,12257215
2022-04-07,1170.677734375,1185.7613700217532,1168.015859682402,1180.8016922079776,15496499
2022-04-08,1190.1522216796875,1194.4066235414564,1164.8307737717014,1164.8307737717014,15152495
2022-04-11,1187.67236328125,1200.5719293490686,1175.2959770389286,1183.0311432189874,9254209
2022-04-12,1165.3087158203125,1184.214442712084,1162.7378287017318,1177.116189798847,13217742
2022-04-13,1161.0313720703125,1179.664132404293,1158.2330158892628,1171.4284128604863,10354235
2022-04-18,1157.4822998046875,1164.7397805103374,1147.4493300930017,1152.545489452205,9974224
2022-04-19,1201.595703125,1213.972089786732,1160.7584292751112,1163.920736701103,26141820
2022-04-20,1236.9273681640625,1244.0028730390352,1205.3722941596611,1209.0124078704498,25072240
2022-04-21,1265.8890380859375,1269.0285988217172,1243.092861615674,1251.6926535659309,21708633
2022-04-22,1255.287353515625,1274.9438501458906,1248.6441600419914,1255.3328474216894,15054154
2022-04-25,1226.25732421875,1255.1050288692284,1211.992700535726,1247.8249220370585,17063215
2022-04-26,1262.9541015625,1271.7586153913803,1232.0360622414871,1233.0825422871724,12227666
2022-04-27,1264.1827392578125,1286.7740721528176,1253.5808548135026,1253.9449263825297,19338945
2022-04-28,1283.065673828125,1297.239310503393,1267.7089550364747,1278.5610555725848,25614076
2022-04-29,1269.5975341796875,1299.5828338743643,1263.7051102296844,1299.5828338743643,18214862
2022-05-02,1265.1383056640625,1276.5363340584336,1254.9459860935513,1256.7433563845793,9467006
2022-05-04,1225.64306640625,1269.4835388914837,1217.7486714056079,1267.2084828840266,19247660
2022-05-05,1201.6412353515625,1242.18280014838,1197.591676403661,1239.2252151754037,17210669
2022-05-06,1192.42724609375,1209.8769247815503,1180.0963532492094,1188.582409796725,19649948
2022-05-09,1145.8568115234375,1181.711782557566,1140.715158224648,1171.6331985147315,18083752
2022-05-10,1125.9954833984375,1149.633416525882,1118.4195452683007,1135.2550569441219,19511677
2022-05-11,1114.4609375,1130.6821606199796,1102.0163098457965,1125.0854480941018,16643899
2022-05-12,1091.755859375,1107.8859741719987,1078.378486557952,1104.5416911448524,20490321
2022-05-13,1104.1322021484375,1127.5197990708434,1099.0132956252583,1103.8592387327842,19308778
2022-05-16,1104.4052734375,1128.8848441001169,1099.6048242868326,1107.7040627563247,13437911
2022-05-17,1150.7935791015625,1155.6850157625827,1106.5891549718588,1107.9997065605392,16551828
2022-05-18,1154.9798583984375,1169.380965753536,1141.2840269099977,1155.571399505029,17276788
2022-05-19,1128.361572265625,1143.2177387581737,1122.0824507846328,1130.2499303127915,14699118
2022-05-20,1194.15625,1203.2337272058603,1138.4400638194588,1143.2176453948912,21793091
2022-05-23,1186.1708984375,1207.3971730449673,1179.8461630484092,1197.364082975496,15252755
2022-05-24,1190.2431640625,1200.3216273375488,1181.984697463416,1186.2163522132455,13527818
2022-05-25,1188.4913330078125,1208.8303542214992,1183.713631415914,1198.9566141177693,12714544
2022-05-26,1177.16162109375,1198.9111951609145,1159.3706180239299,1194.1334932703796,17882023
2022-05-27,1171.7012939453125,1185.3743758914027,1155.775903113862,1179.8687720674843,16521973
2022-05-30,1212.5159912109375,1216.7020315446362,1180.392124401247,1189.8562993151577,13853398
2022-05-31,1197.887451171875,1218.8862574674567,1190.1750310186887,1201.8687694825662,70620653
2022-06-01,1198.274169921875,1208.1479107227306,1190.4024014083636,1198.638121118035,9776989
2022-06-02,1239.58935546875,1243.2977103658052,1198.501741229144,1198.501741229144,22126569
2022-06-03,1264.705810546875,1281.9280190654463,1247.6428306711036,1248.552949338414,23939791
2022-06-06,1259.2686767578125,1280.403966122388,1252.1021829834976,1264.9336309179137,11093152
2022-06-07,1261.6346435546875,1269.9840987331656,1252.2159612910536,1260.3378265980741,12358255
2022-06-08,1239.4755859375,1265.3884552322884,1235.949206752914,1261.6346065371608,12479250
2022-06-09,1273.4649658203125,1275.3986973973456,1233.082627965682,1233.082627965682,17278305
2022-06-10,1235.0164794921875,1269.4381532361936,1229.215044054509,1261.24792684013,18093057
2022-06-13,1211.6514892578125,1216.156107684235,1190.4479609930536,1205.7819334162448,17620803
2022-06-14,1195.817138671875,1215.7239712861199,1189.151198531051,1205.8047355842045,14714312
2022-06-15,1181.3475341796875,1200.0030396756413,1175.9329182849908,1191.016551311612,11195535
2022-06-16,1164.830810546875,1209.8997420887063,1162.1006949883244,1193.4965424947006,17111475
2022-06-17,1178.4810791015625,1194.3382305909047,1163.0562400137392,1164.830742811065,24457187
2022-06-20,1157.1182861328125,1190.81193373047,1147.1306905067754,1185.3062092078612,12066797
2022-06-21,1175.796630859375,1180.0281654943678,1150.4069416324683,1164.830795221328,11720049
2022-06-22,1140.078125,1164.057262227865,1137.985044485591,1163.966274425617,10617206
2022-06-23,1121.581787109375,1148.905326422505,1112.5043100555831,1144.3779613702993,19446323
2022-06-24,1137.5528564453125,1142.5351607614082,1122.9696539988313,1128.429884986889,14240234
2022-06-27,1134.1856689453125,1157.9828298757552,1129.1350035879693,1157.9828298757552,15474529
2022-06-28,1150.1339111328125,1152.9777615415514,1129.3854414043199,1129.3854414043199,13572847
2022-06-29,1173.999267578125,1181.6663139665932,1137.985067118919,1140.8061704616555,19205146
2022-06-30,1181.0518798828125,1190.2658381550734,1167.560773223342,1173.9308815535303,23112959
2022-07-01,1095.9874267578125,1179.3911062938287,1076.103462886294,1171.610445710058,81997149
2022-07-04,1098.2625732421875,1111.1393942579136,1076.6039843933402,1082.450913964659,41857728
2022-07-05,1107.1580810546875,1121.5591886498996,1099.8096118894064,1102.4942336887211,17647327
2022-07-06,1097.420654296875,1111.11648393539,1086.568674692882,1101.1745026432604,23943726
2022-07-07,1086.6142578125,1107.1580039571165,1080.6535938667357,1103.813720771296,23301033
2022-07-08,1088.11572265625,1100.2190253242575,1084.0887905138445,1100.2190253242575,19010108
2022-07-11,1102.9036865234375,1105.1331283386687,1078.3785026593284,1081.336087585235,13847467
2022-07-12,1101.333740234375,1110.0927598985188,1093.8487904297283,1093.8487904297283,10778989
2022-07-13,1081.8138427734375,1107.4993634434227,1079.7436294761944,1104.4507905221294,14224132
2022-07-14,1090.7320556640625,1107.4765795757364,1081.540843303509,1086.5687619025882,16970315
2022-07-15,1092.8480224609375,1098.8541810628644,1084.3393378929586,1098.8541810628644,9603210
2022-07-18,1102.15283203125,1103.4040345430283,1088.525123257814,1101.584037969047,15160908
2022-07-19,1108.909912109375,1113.4145306244031,1092.1653876854057,1092.1653876854057,16439888
2022-07-20,1138.89501953125,1156.8679986086788,1131.2735877067614,1155.730530749646,23924246
2022-07-21,1131.2962646484375,1137.5300117770723,1122.651100250388,1134.7998965175696,16523230
2022-07-22,1138.940673828125,1144.9468316984942,1135.2550660118313,1137.5301221641155,10969995
2022-07-25,1101.3111572265625,1122.7195298133436,1093.3940142099802,1122.7195298133436,23110452
2022-07-26,1101.8115234375,1112.003841391494,1097.1931707363617,1101.6295478483066,11303288
2022-07-27,1100.76513671875,1104.3141424256505,1092.938861823789,1101.1063409773997,8655086
2022-07-28,1118.0101318359375,1122.9469424061926,1101.5841851617515,1108.4093537574902,12496073
2022-07-29,1141.830078125,1145.3109639333989,1121.1498469277954,1126.018417314399,15130683
2022-08-01,1171.587646484375,1177.4573222630406,1140.9880650198957,1146.2434528105707,15700044
2022-08-02,1176.046875,1186.5803984650074,1165.5360984864087,1170.5185233262116,13917913
2022-08-03,1185.9205322265625,1187.5813002703721,1168.220637135406,1183.0311881851292,14250977
2022-08-04,1170.245361328125,1191.107684300821,1153.455464512121,1187.5813052958538,14467127
2022-08-05,1153.0003662109375,1173.384882192994,1149.7925649671015,1172.1109326876474,13942438
2022-08-08,1168.0841064453125,1175.546309977684,1151.6354129424305,1151.6354129424305,10165178
2022-08-10,1175.0684814453125,1178.435511229753,1163.4883590271854,1172.5203418043282,10724688
2022-08-11,1178.981689453125,1187.5358669102814,1174.0220116644236,1184.4418001629217,8198226
2022-08-12,1198.046630859375,1201.845973401522,1174.9321182963517,1178.6176057306407,12650587
2022-08-16,1206.3731689453125,1209.1032840649636,1195.4529491751475,1204.052619235297,6607378
2022-08-17,1212.67529296875,1218.0216687174445,1208.3071564277768,1212.6070521185068,6595965
2022-08-18,1214.87451171875,1218.3894546289891,1205.24240897424,1214.2810405952932,7410035
2022-08-19,1193.2137451171875,1215.0571053038057,1189.1508525921777,1209.7161065799955,9460724
2022-08-22,1189.904052734375,1201.1795211355932,1180.500282384016,1194.6517009933089,9471680
2022-08-23,1208.2552490234375,1211.1768414672938,1182.9424687305054,1184.1522321085429,9678484
2022-08-24,1205.0369873046875,1218.846089361482,1203.0284828486285,1205.1968562417935,10369622
2022-08-25,1201.52197265625,1215.6048071686444,1197.2080472965745,1209.2367351350583,7871946
2022-08-26,1195.108154296875,1209.716117387308,1190.0867726380989,1201.9555917154182,10742038
2022-08-29,1185.8184814453125,1211.9985882371661,1176.8711343003506,1180.0437597555986,19838975
2022-08-30,1204.2152099609375,1207.5477042577893,1176.2091689010513,1193.282179919688,23139054
2022-09-01,1168.8138427734375,1189.1507627907063,1164.3858118822848,1178.9709525719995,19909939
2022-09-02,1155.1646728515625,1175.638520959865,1152.9734784565321,1168.8139049237643,12999345
2022-09-05,1173.1051025390625,1178.446101569222,1155.3929766209455,1155.3929766209455,11327815
2022-09-06,1185.453125,1189.6301230359006,1174.1091938151708,1174.5657379013658,10899618
2022-09-07,1178.56005859375,1184.5629915454858,1173.196239070829,1175.4787180326446,7488501
2022-09-08,1180.226318359375,1185.978218827882,1173.6528558204227,1181.527366464761,7057077
2022-09-09,1172.8768310546875,1191.4561604892992,1170.4573041604863,1191.4561604892992,8314850
2022-09-12,1186.0009765625,1192.3691689901582,1173.447281793324,1173.447281793324,7435419
2022-09-13,1195.9071044921875,1200.4492419384865,1187.3478372720913,1195.1082427715635,8888657
2022-09-14,1181.572998046875,1191.4561336808906,1174.451706778856,1175.4787801044877,8678219
2022-09-15,1169.864013671875,1188.5118075681453,1167.147811442509,1179.1308576947656,10365600
2022-09-16,1140.8763427734375,1165.4359048168926,1137.133067391258,1161.213264147553,20217708
2022-09-19,1142.35986328125,1151.6038847358493,1132.7277612467549,1140.8762459554318,7580254
2022-09-20,1142.54248046875,1158.4514907194557,1138.8220264150539,1151.4898271317024,8411448
2022-09-21,1145.6925048828125,1156.3060391967588,1138.9591731329301,1139.7580348153278,9207309
2022-09-22,1134.896240234375,1142.6110027498532,1128.5053470017444,1134.8505978968233,10308170
2022-09-23,1113.62353515625,1139.3927402184245,1112.0714541784876,1134.394179751921,9528051
2022-09-26,1085.252197265625,1103.7175409409906,1084.2479451217905,1092.8756748841324,12479523
2022-09-27,1093.8800048828125,1107.4607728213189,1077.3776445528867,1092.8528108642224,16154822
2022-09-28,1064.755615234375,1085.5490819988559,1062.3133878058827,1077.4918807802046,16997059
2022-09-29,1061.49169921875,1080.7557852500533,1055.8767254588533,1077.3321267840065,14671827
2022-09-30,1085.434814453125,1096.5047707006538,1054.9636064469146,1054.9636064469146,18613024
2022-10-03,1081.6688232421875,1103.3294933419215,1078.7015883112226,1091.7117072217247,11852723
2022-10-04,1101.6175537109375,1103.808747936222,1091.0953054950355,1094.58754770497,8948850
2022-10-06,1105.6802978515625,1118.4165611455717,1103.8771842481965,1108.8302224863316,13352162
2022-10-07,1110.359619140625,1115.6321543527151,1102.2795971833257,1102.2795971833257,7714340
2022-10-10,1098.2396240234375,1103.6262649687026,1090.1139598954956,1097.8743645838504,6329527
2022-10-11,1076.373291015625,1101.982746487589,1073.2691292307711,1101.982746487589,9215177
2022-10-12,1084.2935791015625,1087.2379927529598,1069.6171531804475,1073.6800455545388,7417103
2022-10-13,1087.7401123046875,1092.8527780894253,1077.3776122421918,1082.5360411069073,7328492
2022-10-14,1082.216552734375,1103.0556611703817,1081.48615457156,1102.4393688537991,9106089
2022-10-17,1099.586181640625,1101.9827665257233,1069.845490552908,1075.0495620947684,16729355
2022-10-18,1118.9873046875,1124.3511243615108,1104.7902440911478,1105.634748048647,12415820
2022-10-19,1138.4569091796875,1153.9550179585947,1114.6277458530562,1120.4709308445554,19247142
2022-10-20,1141.5155029296875,1149.9150215278255,1134.3942113183082,1134.3942113183082,8717053
2022-10-21,1128.2769775390625,1148.9106943491454,1126.177188586748,1144.7565172867282,8243452
2022-10-24,1132.0430908203125,1142.382770547029,1120.836206695688,1122.9816380159375,3370033
2022-10-25,1114.559326171875,1140.785075413764,1112.9387816840604,1140.785075413764,12233241
2022-10-27,1118.9415283203125,1126.8389796677511,1110.5648325053564,1122.068510929358,12513059
2022-10-28,1153.178955078125,1157.218905475806,1122.730566891981,1125.2640787350124,17609592
2022-10-31,1163.8837890625,1169.065039404331,1155.9406944170403,1159.957944449031,12419943
2022-11-01,1154.8680419921875,1186.8912136799254,1144.8936213637878,1186.8912136799254,13963166
2022-11-02,1162.08056640625,1164.1576549471247,1148.0890168960855,1155.986348539346,8981896
2022-11-03,1166.417236328125,1168.4258612328554,1152.6767205686606,1154.8679148064807,6693449
2022-11-04,1183.5816650390625,1186.8912175642852,1164.568612402097,1165.8467186255812,12575815
2022-11-07,1189.904052734375,1191.5931814379082,1175.0223567357784,1182.7827614663586,11789748
2022-11-09,1188.7171630859375,1196.9112902936065,1182.3489707407007,1191.5931131291466,11254205
2022-11-10,1174.3375244140625,1185.3161961635597,1170.0007782161263,1182.3261403082447,5966242
2022-11-11,1201.407958984375,1203.3251787933696,1181.4133535308406,1186.8912796597394,12310132
2022-11-14,1195.58740234375,1206.0640083384951,1189.2420312652064,1200.9284005914947,9043112
2022-11-15,1190.2237548828125,1198.9427700567662,1182.3263018305277,1197.0711926191022,7086433
2022-11-16,1183.3990478515625,1194.1723297469184,1178.3775455967132,1191.4561277313167,9716161
2022-11-17,1186.45751953125,1192.825591205946,1177.7612057960014,1180.020863607493,6661451
2022-11-18,1185.8184814453125,1190.9997319984882,1173.6985088451027,1189.9725379072304,5303197
2022-11-21,1164.4771728515625,1181.4131345958851,1160.9164671915146,1181.4131345958851,6390268
2022-11-22,1170.9366455078125,1172.5115476255721,1157.9037056180239,1161.783907991267,6611488
2022-11-23,1167.28466796875,1176.80266503484,1165.0934735308952,1175.4787957552544,6413408
2022-11-24,1177.3504638671875,1184.1522586948402,1163.2446877659072,1171.3703518394527,9389439
2022-11-25,1194.925537109375,1198.2579106358316,1178.7198513447252,1181.8697762735126,7349922
2022-11-28,1235.9874267578125,1242.1501079495758,1142.1545139312134,1190.9540185279361,31527484
2022-11-29,1238.1099853515625,1246.9888680905747,1229.8017525224489,1234.3438891412923,11058913
2022-11-30,1246.8519287109375,1253.28858432772,1231.7190805205594,1238.2470208025131,26164986
2022-12-01,1243.1771240234375,1257.648037723801,1239.8447507387561,1251.6222838141432,9485801
2022-12-02,1242.6522216796875,1254.4526976676975,1232.8147284105949,1246.235748845341,11589592
2022-12-05,1224.5294189453125,1240.1872774344642,1222.4980932976318,1238.0189040182454,14828536
2022-12-06,1228.067138671875,1231.1713003979203,1214.737403586102,1216.6091015367565,8594245
2022-12-07,1209.9442138671875,1230.2583124986502,1206.1324752746186,1225.6933546542932,8462111
2022-12-08,1209.3736572265625,1216.5635327967686,1205.1967796428094,1214.281053698547,7757008
2022-12-09,1191.04541015625,1214.2811038799705,1187.7357368415526,1207.8900896926802,12655763
2022-12-12,1192.871337890625,1197.3906539089487,1180.0437880026634,1180.272120443367,9479842
2022-12-13,1198.3037109375,1201.9555809304147,1189.9497141999723,1192.8713067918438,8333348
2022-12-14,1193.967041015625,1204.6718603186412,1191.9127734525748,1204.07838914528,7268947
2022-12-15,1177.0079345703125,1193.738505954403,1173.6527401257097,1188.0323691325584,8688551
2022-12-16,1171.1876220703125,1195.4733287956508,1167.7867851451592,1173.6527911334736,15837349
2022-12-19,1186.5716552734375,1188.7172073020977,1171.6898388274747,1178.2177795852808,7729933
2022-12-20,1196.8428955078125,1198.76011514875,1171.3703661582176,1179.5416726679264,7467588
2022-12-21,1179.8155517578125,1201.9555872542346,1175.9809916475376,1196.477661489117,8527550
2022-12-22,1176.757080078125,1189.0139802290078,1171.7127563166528,1185.9782816535776,7451122
2022-12-23,1142.2459716796875,1182.5546798699038,1137.7038341837574,1170.137910188138,10257115
2022-12-26,1152.22021484375,1160.414342154975,1137.7721216907048,1147.9748739735228,5990242
2022-12-27,1161.6468505859375,1163.518427683626,1148.2030104259682,1154.9363410889032,5763271
2022-12-28,1161.5328369140625,1163.9750640999512,1151.0562304776126,1158.5884232916014,7459393
2022-12-29,1161.0079345703125,1163.5642678265237,1152.8822699122077,1153.567025752554,6930648
2022-12-30,1162.7880859375,1176.3916749175478,1160.0035413220228,1161.829476176333,7289476
2023-01-02,1175.8896484375,1177.3048023328713,1163.244668797144,1164.066351583663,5316175
2023-01-03,1167.28466796875,1174.565828259546,1163.0621480210023,1170.9366586985077,7658932
2023-01-04,1149.7095947265625,1169.1107276232437,1147.6325061253483,1167.2618507099899,9264891
2023-01-05,1147.6552734375,1157.858025867488,1143.0674942432397,1151.969198619059,13637099
2023-01-06,1158.0863037109375,1163.1306272948216,1149.5955006159752,1153.4072395784428,6349597
2023-01-09,1185.430419921875,1187.804304506264,1161.0307261466326,1161.920872492315,10722753
2023-01-10,1167.90087890625,1189.6301316742909,1162.2403842296717,1189.6301316742909,8047142
2023-01-11,1153.178955078125,1167.7183330231771,1150.873534164056,1165.207642347734,11509553
2023-01-12,1128.2769775390625,1156.077627831873,1125.2641003718309,1152.5855061360771,17688773
2023-01-13,1126.4510498046875,1128.870455871767,1111.3866638722207,1122.2512303793665,20618583
2023-01-16,1115.723388671875,1131.951774613395,1107.917221092014,1128.7791493112115,13623855
2023-01-17,1131.56396484375,1133.4811846812154,1118.690771838856,1122.0687880986452,10751000
2023-01-18,1129.692138671875,1137.178689301756,1123.1414974309203,1129.1444306357287,13448286
2023-01-19,1128.482421875,1132.6364779441453,1121.4522950704254,1128.8703817084495,11940054
2023-01-20,1115.0614013671875,1129.8289903822717,1112.5963531280504,1129.8289903822717,14930286
2023-01-23,1109.4237060546875,1125.811961602633,1107.004299933337,1117.960272105855,10954118
2023-01-24,1102.873046875,1115.51790607312,1089.8171651533376,1113.851719292168,16488755
2023-01-25,1087.6259765625,1102.302402806859,1086.461976225218,1101.2753294802073,12385018
2023-01-27,1066.992431640625,1089.817223588686,1055.260418546103,1088.4706538388855,25830975
2023-01-30,1077.218017578125,1082.764407064242,1050.3987961919847,1064.4132886312711,21772103
2023-01-31,1074.5245361328125,1089.9541811505658,1068.6585300710096,1087.3749062182637,22691594
2023-02-01,1068.156494140625,1086.43914786492,1052.2246622437708,1086.43914786492,19347800
2023-02-02,1062.244873046875,1071.8540341073915,1054.9637127057106,1058.1591593362568,13662663
2023-02-03,1063.1805419921875,1072.3104574781503,1046.7466458186898,1072.3104574781503,24699575
2023-02-06,1055.1690673828125,1059.528634971871,1052.5899131464937,1056.7896118119152,14837879
2023-02-07,1052.6356201171875,1062.4502927137798,1046.7467924098464,1055.4202857843334,15135435
2023-02-08,1073.6572265625,1077.2863960062462,1053.137736379797,1055.8766387784026,21160332
2023-02-09,1075.5289306640625,1082.2850839057578,1065.4632246870067,1074.3421090421186,13172763
2023-02-10,1066.6728515625,1075.0039060071294,1059.6655455942528,1075.0039060071294,10790445
2023-02-13,1060.6014404296875,1072.7670546240697,1056.127767130611,1068.293381324993,10352493
2023-02-14,1085.5947265625,1087.329376978281,1060.738487756277,1063.6144381671827,14321920
2023-02-15,1110.1768798828125,1112.5735854842064,1083.2664969637603,1084.6358877756606,33503591
2023-02-16,1109.3095703125,1124.7163944448255,1107.0270912647763,1118.1656324865594,17264487
2023-02-17,1113.9429931640625,1117.2754874405753,1100.4306882070916,1104.7217922905263,11809520
2023-02-20,1102.16552734375,1118.3026298698114,1100.2025445254703,1116.13425652598,8836937
2023-02-21,1111.158447265625,1116.9558691842672,1101.22954869757,1106.547846833629,13311592
2023-02-22,1085.959716796875,1109.2866925279875,1084.2022454513722,1107.4379365148654,11024335
2023-02-23,1080.755615234375,1093.1952035465454,1077.948249542989,1085.5489053785018,9851910
2023-02-24,1088.1510009765625,1093.8344379808216,1080.9840672539892,1082.8100022510873,9434053
2023-02-27,1080.91552734375,1090.8672478016565,1073.543202799622,1087.3750050988056,11199715
2023-02-28,1060.2362060546875,1080.5274845520237,1056.1734344203933,1075.5516247048565,21994038
2023-03-01,1069.982421875,1070.712820002187,1060.5557097259696,1070.0280642112666,11551145
2023-03-02,1061.833984375,1073.5203549354069,1059.802538079039,1066.8326656493814,9333535
2023-03-03,1088.927001953125,1092.6018137297042,1068.909698230002,1072.3789987479975,14643807
2023-03-06,1099.5633544921875,1106.8216933590497,1095.5918675399987,1095.5918675399987,10171916
2023-03-08,1103.5120849609375,1104.265304210858,1088.7443751303776,1099.5632986303585,15782657
2023-03-09,1076.98974609375,1103.3067824873158,1075.0953474005576,1102.8960014079455,16235128
2023-03-10,1060.3046875,1070.0280749321848,1056.8124450060086,1068.8868957671646,13334091
2023-03-13,1042.8665771484375,1070.0281154160118,1038.5298305140532,1063.1806779260546,12771592
2023-03-14,1038.9635009765625,1052.2018311560978,1035.8136967949142,1040.812257084253,16027522
2023-03-15,1021.2056884765625,1049.1660857467195,1016.8004787547293,1042.6839083296516,21728555
2023-03-16,1016.1157836914062,1028.9433330363881,1005.2968594074098,1023.921951504309,18363159
2023-03-17,1014.837646484375,1028.0075129528561,1010.0900587449327,1024.720781814394,34014213
2023-03-20,1004.8632202148438,1013.4225471579439,995.1626537042278,1011.1400680229121,19524589
2023-03-21,1036.1102294921875,1038.0732119172073,1012.0528577510236,1012.9430039303461,21400360
2023-03-22,1039.26025390625,1046.0392280531037,1036.2473765076484,1043.0948141638403,10920094
2023-03-23,1026.1131591796875,1036.2016854580306,1023.9447859117854,1035.3343603002547,16249370
2023-03-24,1005.7989501953125,1027.117362031003,1003.3795441878093,1024.9489888672188,12375945
2023-03-27,1021.4340209960938,1028.943393312628,1004.383950761555,1012.2813433372775,14054323
2023-03-28,1026.2044677734375,1030.0846702786253,1021.1829653124684,1024.8349561252708,12576424
2023-03-29,1020.133056640625,1024.7436572444662,1009.3597140789179,1022.0959186617868,18804065
2023-03-31,1064.116455078125,1069.7770709600845,1029.2629756900762,1029.3999027039445,28171201
2023-04-03,1064.299072265625,1072.3106311531849,1056.7896998650788,1070.4846960590223,10293043
2023-04-05,1061.74267578125,1071.8540232011114,1053.8453439607506,1071.8540232011114,16262928
2023-04-06,1068.8638916015625,1074.592970502133,1058.2275373074351,1058.2275373074351,18435046
2023-04-10,1061.2861328125,1072.9496819536614,1059.779694186431,1072.7671126043012,12961408
2023-04-11,1066.535888671875,1068.6586196822263,1060.9210357303307,1065.4631729553812,10542367
2023-04-12,1071.2379150390625,1080.8927189104256,1063.660079131172,1066.5359087914262,18179087
2023-04-13,1075.2777099609375,1079.9795947799273,1069.115028980157,1074.1364101327636,12378208
2023-04-17,1080.73291015625,1106.9814803229494,1072.333391852291,1106.9814803229494,17929479
2023-04-18,1068.3619384765625,1085.0925121063174,1061.8111761257844,1085.0925121063174,10405576
2023-04-19,1073.68017578125,1076.373436165099,1064.6415432193398,1067.7685265934954,12273475
2023-04-20,1070.9637451171875,1076.875393044396,1064.5956738732273,1074.638556551585,7007330
2023-04-21,1072.310546875,1077.7884724738815,1066.5586465106753,1073.0637661728558,7647317
2023-04-24,1076.4190673828125,1086.8727319946267,1071.8539885727766,1084.1794719407253,12936186
2023-04-25,1084.6588134765625,1086.7359021827194,1072.995384428631,1080.0710338352167,9236126
2023-04-26,1078.290771484375,1089.2467445727555,1074.6159592843226,1086.005534613959,8617834
2023-04-27,1085.1153564453125,1088.2879820525134,1079.158065119624,1084.1795677314856,9167125
2023-04-28,1104.9500732421875,1106.5022750107378,1087.2608896802224,1087.374995527852,15565210
2023-05-02,1114.3310546875,1116.4994278601828,1108.4194062766874,1112.1170391794083,12981805
2023-05-03,1104.7674560546875,1116.1342091904096,1101.549188303151,1116.1342091904096,7061872
2023-05-04,1117.503662109375,1119.717677582049,1102.2567073883076,1105.2467632974385,8635233
2023-05-05,1114.650634765625,1123.5979821409157,1112.0258380416835,1114.3083172243437,8746585
2023-05-08,1128.4139404296875,1133.7777597410543,1115.7461404298203,1118.4165791288924,9153782
2023-05-09,1131.9061279296875,1135.2158009724574,1124.4652198090143,1129.8290394334551,6464721
2023-05-10,1139.6895751953125,1141.173192717246,1132.659447469911,1136.6766978121202,10872255
2023-05-11,1132.2486572265625,1145.578272899187,1130.536707274967,1140.7622816578707,10557860
2023-05-12,1134.0972900390625,1135.4896227195354,1121.3838473257679,1127.455243721531,6955341
2023-05-15,1136.3341064453125,1143.3184701435996,1128.984483334697,1136.6309023578756,6833343
2023-05-16,1120.1514892578125,1141.0589403639667,1118.485181669263,1138.5026071786638,8717229
2023-05-17,1113.5322265625,1125.2641183192468,1108.830341392445,1124.3511508366894,8798967
2023-05-18,1111.1357421875,1121.6123498838558,1107.9858169299096,1118.21139175125,10525531
2023-05-19,1114.7418212890625,1116.5678769225615,1104.1967514891073,1111.1355938507186,8050447
2023-05-22,1120.69921875,1125.7207212869755,1110.3596592183865,1111.5693019532657,7434906
2023-05-23,1120.49365234375,1126.6335119735163,1119.0784985578177,1123.2783175836105,6092034
2023-05-24,1113.9658203125,1124.8076864197674,1110.861658447196,1116.545095308795,8112254
2023-05-25,1113.8289794921875,1117.9603357408223,1102.9187697829475,1111.0672556833676,11487863
2023-05-26,1144.2088623046875,1145.3500415058625,1118.7591533794464,1122.0687058844728,12626260
2023-05-29,1150.6453857421875,1154.9364899661489,1144.5283465169668,1150.8279550929283,10010304
2023-05-30,1150.3486328125,1158.451475420254,1147.7921790871794,1150.645307987406,11342504
2023-05-31,1127.5009765625,1145.7381091276332,1123.4382047768395,1141.2416143873527,27107927
2023-06-01,1124.4652099609375,1134.3484659204855,1122.068625138698,1132.1800927726736,14592692
2023-06-02,1120.7904052734375,1133.412563645759,1118.8731857024297,1128.003101699598,15800644
2023-06-05,1130.856201171875,1133.8234358683376,1122.2739934203582,1126.2684221252366,10908682
2023-06-06,1131.81494140625,1135.626680467698,1123.8947880782737,1133.6866395560062,7493309
2023-06-07,1140.3970947265625,1141.241598708449,1128.7335456658939,1135.3071289198083,10312545
2023-06-08,1141.081787109375,1148.9335976883083,1137.133121023714,1143.9805586437908,12071109
2023-06-09,1133.0018310546875,1145.1446246797914,1131.1985964976163,1144.4370477074842,5877018
2023-06-12,1134.006103515625,1136.311403822295,1125.2641468372988,1130.0574375493186,6391969
2023-06-13,1150.759521484375,1151.946463788879,1134.9647365494955,1138.9591656822827,11248016
2023-06-14,1164.910888671875,1166.3488637759137,1149.0019986007082,1150.827933567815,13277380
2023-06-15,1165.2303466796875,1169.7953042210922,1157.4470010964749,1164.8879084532837,11813494
2023-06-16,1176.574462890625,1178.856942021871,1168.72265257123,1168.72265257123,24171579
2023-06-19,1164.8880615234375,1179.5873088461865,1160.7111839901809,1179.5873088461865,6798554
2023-06-20,1167.3074951171875,1170.457299404325,1157.2189687814275,1162.9480481347903,6921096
2023-06-21,1170.5943603515625,1173.1278723617306,1163.1534517577868,1167.2618659292657,6961603
2023-06-22,1157.4471435546875,1174.702723824018,1155.8494202932393,1166.8053921892115,7619166
2023-06-23,1147.974853515625,1156.4884770186727,1146.7194478373872,1154.434209748897,6628570
2023-06-26,1139.210205078125,1148.2716583591261,1136.0832218598148,1144.437098137329,12641159
2023-06-27,1139.62109375,1145.578264166708,1135.1474200849475,1139.666736088607,9689466
2023-06-28,1154.708251953125,1158.519990797568,1140.2600374666351,1147.1760589375283,11354006
2023-06-30,1164.1805419921875,1167.1021346662303,1156.511421596289,1162.423070452648,11151555
2023-07-03,1194.0582275390625,1196.9341777415286,1166.5086096788432,1167.741194264735,12154387
2023-07-04,1181.7557373046875,1198.3037415268395,1174.6799673322103,1198.3037415268395,8061643
2023-07-05,1179.8155517578125,1190.9997357239995,1175.8440646341217,1190.9997357239995,10248062
2023-07-06,1204.5804443359375,1207.1824197013011,1175.958111582341,1175.958111582341,19117987
2023-07-07,1202.2294921875,1216.5406584496827,1199.6730384312104,1202.8686056265724,13375267
2023-07-10,1248.541015625,1258.1046546175523,1221.1284462814795,1227.4736968882496,33240016
2023-07-11,1262.076171875,1264.4955779542368,1249.705166712445,1256.6895309307056,20069348
2023-07-12,1263.468505859375,1279.103541836806,1260.683840337917,1262.806571231475,18733835
2023-07-13,1252.170166015625,1277.7339788902639,1249.545369524751,1270.8408996155135,14682934
2023-07-14,1251.1202392578125,1260.3414396091937,1243.9988277461352,1255.365580017741,15124144
2023-07-17,1276.6842041015625,1285.060901535764,1245.3228457945552,1253.9963391795925,22220040
2023-07-18,1287.5257568359375,1295.2861607810748,1274.9948839462775,1285.9508548808042,25867313
2023-07-19,1297.2950439453125,1303.754521961654,1276.8211937050912,1291.885581272737,39122156
2023-07-20,1295.7237548828125,1301.2135132047797,1276.0147195399904,1276.0147195399904,38717624
2023-07-21,1255.613525390625,1293.2757006107088,1248.1206953399467,1290.357730278342,30249238
2023-07-24,1230.2166748046875,1243.8423605772516,1221.2648606691866,1227.0514151401742,23727866
2023-07-25,1229.425537109375,1239.0203294862108,1226.5569523456327,1233.4810641733905,12026020
2023-07-26,1249.4063720703125,1259.6936470475673,1229.029726310642,1229.029726310642,12911012
2023-07-27,1237.7838134765625,1255.06933898356,1231.6758304667376,1253.2889256301971,17226898
2023-07-28,1250.2225341796875,1257.6412248805652,1236.7204929547063,1242.4081558253793,20827852
2023-07-31,1260.8065185546875,1263.1062644351005,1245.3261593927457,1250.222567835286,8551174
2023-08-01,1242.9769287109375,1265.6286894674379,1239.0697997346808,1263.6503718598296,9536632
2023-08-02,1229.697509765625,1242.383422770223,1218.4458286875906,1240.9985763343113,12748214
2023-08-03,1224.5291748046875,1236.8936606795558,1215.7010043381908,1224.23249959185,10168350
2023-08-04,1241.1717529296875,1244.3617658987635,1222.4024889169664,1235.8550243989196,22885610
2023-08-07,1248.2442626953125,1250.4945023600335,1238.92139273861,1246.8346631113916,5982870
2023-08-08,1240.7264404296875,1253.486611833248,1236.2258407843067,1250.2965991690858,9844072
2023-08-09,1248.9119873046875,1250.7914133404697,1227.1011062817865,1238.8473680717575,11486586
2023-08-10,1254.475830078125,1261.177404750792,1240.6276075945868,1248.788167272386,15470598
2023-08-11,1259.767822265625,1265.5544976220099,1242.5565564009414,1252.4975295128647,22179330
2023-08-14,1274.6546630859375,1277.1523130180672,1248.8128913733601,1255.737002454242,9575812
2023-08-16,1273.6160888671875,1277.3996937112483,1261.672044700447,1261.672044700447,10203112
2023-08-17,1255.2425537109375,1275.0752365265755,1252.695518025622,1269.6348629683328,13673744
2023-08-18,1264.5406494140625,1274.827925208279,1240.6771930744892,1251.9041214413387,18639978
2023-08-21,1250.74267578125,1268.3374245054665,1248.5836072167706,1260.6443643964944,9221746
2023-08-22,1250.44482421875,1259.6517042081298,1240.319812990251,1249.204008079304,7713044
2023-08-23,1251.8345947265625,1262.0838090060652,1249.2288807667073,1252.8272476636503,9517952
2023-08-24,1230.7904052734375,1260.6195534341234,1226.4227081001463,1260.6195534341234,14140020
2023-08-25,1225.1075439453125,1243.2978613921046,1212.3271367872899,1218.9778633049934,22222400
2023-08-28,1212.8978271484375,1232.8749678308823,1206.6193456890517,1226.9190501118926,12580826
2023-08-29,1201.2838134765625,1217.7121468384466,1195.2285336373561,1217.0173382536789,16876644
2023-08-30,1200.1422119140625,1212.5255327642963,1198.628391987628,1207.0659417448908,12168946
2023-08-31,1194.65771484375,1203.5915905675504,1191.133748727762,1202.5989377093504,21638600
2023-09-01,1197.4619140625,1203.9141576589248,1192.0023233270636,1194.4343955405523,18112842
2023-09-04,1196.494140625,1202.921543874001,1193.8140262826475,1197.4619529612135,9347626
2023-09-05,1202.8968505859375,1208.033756715794,1197.3627378820318,1201.1100268699734,8675876
2023-09-06,1205.4281005859375,1209.125708635972,1199.745186611218,1201.6560920331103,8200370
2023-09-07,1207.06591796875,1210.1679582595825,1196.6430625915527,1201.9537313347682,13652572
2023-09-08,1215.1064453125,1218.9778160313297,1202.5742018862823,1211.0365924741222,23109288
2023-09-11,1228.20947265625,1229.326207160582,1216.9924464989115,1216.9924464989115,13271074
2023-09-12,1210.4659423828125,1232.3787090583842,1209.0265228175713,1232.3787090583842,16255666
2023-09-13,1216.52099609375,1222.2783103355039,1204.2120756300537,1211.0365644667,12803338
2023-09-14,1217.6376953125,1223.8417758931353,1213.5181615722684,1220.9630582690309,9209636
2023-09-15,1219.8961181640625,1224.9337835939812,1215.7517434819517,1224.9337835939812,25468592
2023-09-18,1209.274658203125,1216.4962329024152,1207.0908701058952,1211.061482045193,7516300
2023-09-20,1182.323974609375,1204.8821081322808,1168.8487603007638,1202.623798606989,57081884
2023-09-21,1173.712890625,1186.2699748730859,1171.3304992731428,1178.750555955457,12226182
2023-09-22,1168.8240966796875,1182.47307577697,1166.3673046768697,1179.2717940052096,19176786
2023-09-25,1161.6273193359375,1171.6779308453931,1158.9720452955405,1166.5657437194718,14254884
2023-09-26,1162.6446533203125,1166.4663425671888,1159.2200494490667,1160.684188171601,10087782
2023-09-27,1175.7476806640625,1177.1871000752483,1160.6594050312615,1163.1410372849095,11722778
2023-09-28,1158.4755859375,1182.7459002555731,1153.9589668880435,1182.7459002555731,14518346
2023-09-29,1163.8856201171875,1175.847137006539,1158.475709840611,1162.2973995824232,12342014
2023-10-03,1150.55908203125,1159.220075299941,1149.492028660551,1156.415758225436,8859056
2023-10-04,1148.5738525390625,1150.981084388904,1139.1189302205564,1146.0178196869251,10286386
2023-10-05,1148.549072265625,1156.14276991832,1146.017758932428,1151.105104982258,10953682
2023-10-06,1150.4847412109375,1153.8597853939605,1147.5316229908371,1150.0132553057874,5431026
2023-10-09,1140.6822509765625,1147.4818990309532,1139.0691900320726,1145.5711149238573,7576878
2023-10-10,1145.719970703125,1150.435072150941,1143.4121010954177,1144.8018394410437,10236032
2023-10-11,1163.910400390625,1166.2182699823193,1148.0031129607796,1148.7227620999727,9814118
2023-10-12,1166.0693359375,1171.0078811502246,1160.485663265934,1163.3148210249558,12554450
2023-10-13,1166.0198974609375,1170.0897506197043,1156.0188455521982,1161.4040366702475,10150316
2023-10-16,1163.4140625,1168.6254903286665,1159.4186102633319,1163.885548402189,5929036
2023-10-17,1168.972900390625,1171.18152891328,1162.0491704758838,1169.3451452373686,7928180
2023-10-18,1153.4627685546875,1174.8048077319042,1151.9737890772074,1168.9729714451066,8918320
2023-10-19,1144.603271484375,1152.37085365543,1142.0472385636656,1147.5068298823098,12032556
2023-10-20,1141.104248046875,1148.846868358942,1139.7145096810816,1141.5508934053469,8913312
2023-10-23,1123.2861328125,1144.6530132953733,1119.3403612940447,1136.5877075106362,7853962
2023-10-25,1120.6802978515625,1132.219887961399,1113.2602415640138,1116.7593673158804,11620688
2023-10-26,1105.0709228515625,1120.7052071856403,1101.9937228681183,1117.2309217780673,15222534
2023-10-27,1124.5765380859375,1128.3982276638756,1109.761144511754,1111.7712909465938,11771084
2023-10-30,1147.7548828125,1153.958963260135,1126.6361687340607,1128.6463150337838,16813304
2023-10-31,1135.5452880859375,1155.4480281047179,1133.0636557231696,1155.4480281047179,12808438
2023-11-01,1140.2603759765625,1150.236586425296,1129.2419526519689,1136.1656826268284,10309190
2023-11-02,1151.57666015625,1153.6116471680004,1145.4966608528325,1148.4746196953226,10562104
2023-11-03,1151.3284912109375,1158.897469898072,1149.3680258840427,1155.0509397455937,8850156
2023-11-06,1160.9075927734375,1161.4039192346488,1154.256866662586,1157.5822297180116,10647304
2023-11-07,1153.3634033203125,1160.9572220726066,1151.2540159543112,1158.4507493206686,6960204
2023-11-08,1159.368896484375,1161.900209827792,1152.3459257444151,1157.4332718147846,7884494
2023-11-09,1146.787109375,1159.3689122452765,1143.6353879313751,1159.344192861405,14513610
2023-11-10,1148.946044921875,1149.6658152095554,1140.5830169850344,1144.3054653415224,7734954
2023-11-13,1148.7972412109375,1153.7605056745233,1147.3578218124285,1152.9166537769547,3854810
2023-11-15,1169.5684814453125,1172.2982770196893,1154.9516911953863,1161.4039352802765,12220648
2023-11-16,1171.6778564453125,1178.3534231349859,1164.8533675821152,1166.9131951067154,13134910
2023-11-17,1169.121826171875,1177.9067803474445,1167.3846835483773,1167.8064883385834,7758634
2023-11-20,1166.044677734375,1170.5363354915235,1159.617152805321,1165.647592311094,4490186
2023-11-21,1180.7109375,1185.227556641674,1171.4296571663483,1174.3083747965666,8214450
2023-11-22,1185.326904296875,1188.4289448727575,1177.3856804226161,1178.7754188353035,8534814
2023-11-23,1188.9500732421875,1191.1835423841578,1185.3268657327444,1185.3268657327444,8531542
2023-11-24,1188.1558837890625,1192.474021001291,1186.7414260587238,1187.0144298509326,6749486
2023-11-28,1188.404052734375,1191.034607263244,1178.899449291774,1188.1558894990753,13792174
2023-11-29,1191.5308837890625,1197.1145563492605,1190.2156671664848,1195.1540911072586,12531306
2023-11-30,1179.9913330078125,1191.530923348677,1176.2440439527552,1188.5529645510346,28439984
2023-12-01,1188.3544921875,1189.3967050711567,1180.0658643673892,1180.2643464861462,14342842
2023-12-04,1201.209228515625,1215.9997806950958,1190.4886500919326,1215.9997806950958,15590990
2023-12-05,1209.9197998046875,1211.4584602643838,1201.9288955146308,1210.540207865299,12693624
2023-12-06,1221.5091552734375,1227.3905513904704,1208.5549856031337,1214.560584514323,16422442
2023-12-07,1219.4990234375,1221.4346482742724,1212.0292855470004,1220.9631623446442,8142096
2023-12-08,1218.853759765625,1229.251775342433,1213.5182500771466,1222.874052744466,10204894
2023-12-11,1220.6405029296875,1224.7351961410227,1217.1909371644088,1218.9777608532804,7066138
2023-12-12,1203.1202392578125,1223.41994400905,1201.1844932637518,1220.9631521449135,9197124
2023-12-13,1208.03369140625,1210.2176004047437,1194.3103140708777,1202.102614795848,10031182
2023-12-14,1223.0228271484375,1228.3831772791464,1212.3518080035872,1217.9851619285064,16972354
2023-12-15,1238.6324462890625,1240.8162343922088,1225.951280138882,1229.8970515295573,15932152
2023-12-18,1251.239013671875,1258.1379030406688,1236.3243792186838,1238.6323699765335,14165188
2023-12-19,1269.6527099609375,1277.4945707453207,1253.3234974409622,1268.1140495332209,16820604
2023-12-20,1254.2913818359375,1289.8780864366483,1250.7426960684581,1276.080186427869,17736722
2023-12-21,1271.8614501953125,1277.2962009364337,1249.8741628164655,1254.2170195322976,13765454
2023-12-22,1273.1021728515625,1280.968874306117,1264.4660199985942,1270.3972179591544,16541784
2023-12-26,1279.554443359375,1286.453332624264,1271.935783794956,1274.5663382448713,7465664
2023-12-27,1283.922119140625,1290.3990823415181,1277.0976304877347,1281.514887400953,9204156
2023-12-28,1293.203369140625,1296.4046504171113,1283.9220890250845,1285.3862277761266,12302636
2023-12-29,1282.9791259765625,1297.397434632089,1280.174929799553,1295.9581362918193,10864584
2024-01-01,1285.6097412109375,1293.8488097378856,1277.1225094292433,1280.7953983035607,4030540
2024-01-02,1296.255859375,1297.8937610136477,1277.0480485996618,1283.0039664322292,7448800
2024-01-03,1282.16015625,1307.3238832997818,1279.132516403198,1295.412048372221,9037536
2024-01-04,1288.7860107421875,1295.337616733607,1280.0755785995668,1284.4928354763001,9612778
2024-01-05,1294.2705078125,1300.3009471094986,1289.456165302221,1291.8881165287519,8086406
2024-01-08,1284.17041015625,1306.3064992127524,1275.0379299096924,1295.412156841061,7734652
2024-01-09,1280.7703857421875,1293.8237954235035,1279.132484246134,1290.4487513775189,5403074
2024-01-10,1315.3148193359375,1319.7320764251056,1278.0654937339266,1279.0333061103788,11102740
2024-01-11,1349.9088134765625,1352.489686993197,1318.7394856296971,1319.7321386109766,23725852
2024-01-12,1360.6541748046875,1363.2350482099334,1335.8626919019084,1349.9087552154863,15012164
2024-01-15,1383.8822021484375,1386.190071634762,1355.9638397810568,1364.8977157386187,8610594
2024-01-16,1364.5255126953125,1386.0413130880693,1360.4308194226976,1379.7627106993223,9069024
2024-01-17,1351.5714111328125,1376.0900120502974,1345.0696069219948,1349.5117047016763,12197382
2024-01-18,1357.8995361328125,1360.92717605878,1341.3222805612156,1341.4712027363942,10279438
2024-01-19,1357.4031982421875,1365.890429247957,1349.015329468004,1365.890429247957,10422704
2024-01-23,1318.8138427734375,1361.6716823004633,1312.8332056966303,1361.6716823004633,20055420
2024-01-24,1334.00146484375,1339.5851376107455,1314.1980872328543,1325.4149927095905,21919128
2024-01-25,1343.1337890625,1354.1274927557365,1325.390118278632,1333.0831783387705,11808872
2024-01-29,1437.4111328125,1441.8283899094502,1350.1817560391485,1354.474931519067,23893438
2024-01-30,1397.2830810546875,1449.2484377227322,1394.1066401470152,1449.2235971647833,14093978
2024-01-31,1416.1434326171875,1423.7124109217216,1392.1956815880876,1393.6846609266845,15130226
2024-02-01,1416.1683349609375,1432.745590517861,1407.631543948549,1424.4569627393994,13349362
2024-02-02,1446.990234375,1464.0639387350582,1422.6455164089482,1422.6455164089482,19652588
2024-02-05,1428.452392578125,1459.6961190035063,1421.007495677393,1450.0177530325548,8814432
2024-02-06,1417.3099365234375,1431.256637826339,1409.3934322746634,1431.256637826339,9047984
2024-02-07,1431.554443359375,1438.8504181404362,1418.7491963623445,1425.3752031215413,9296568
2024-02-08,1439.4708251953125,1448.752105824393,1417.0368932886952,1439.3467435794867,14694634
2024-02-09,1450.0177001953125,1461.1602045826953,1440.2896534634558,1443.31729322881,12556798
2024-02-12,1441.679443359375,1450.2659153474917,1431.7529141646626,1450.017752117624,6674430
2024-02-13,1454.335693359375,1468.1335924657844,1443.3172707540573,1444.806250056761,7715594
2024-02-14,1470.4912109375,1472.749520552248,1446.7916226083244,1446.7916226083244,7117888
2024-02-15,1459.79541015625,1473.8166331337911,1455.7503978374216,1472.4517353218182,10006782
2024-02-16,1449.843994140625,1466.1483668657747,1447.8339689108675,1465.6271998466532,9767498
2024-02-19,1463.17041015625,1468.6300012389227,1442.8458657695369,1451.3082561823699,6729828
2024-02-20,1460.21728515625,1464.659382736365,1451.0600862084646,1464.1878968342883,7117496
2024-02-21,1456.916748046875,1477.5888193115914,1446.8414171157522,1463.170510366537,12720292
2024-02-22,1470.863525390625,1474.0399663973683,1447.2880175600008,1457.36346935178,18493728
2024-02-23,1482.6512451171875,1486.5474563697878,1472.4517119404402,1478.556551746289,14438584
2024-02-26,1476.3974609375,1483.5446346905887,1471.607959051116,1482.5768223248915,7513106
2024-02-27,1474.73486328125,1488.9297276070065,1467.1907251784094,1472.1291493159843,10826044
2024-02-28,1444.930419921875,1480.3185210789975,1439.5205099276588,1472.1042938560004,8647950
2024-02-29,1450.0675048828125,1468.1088998815815,1443.8385832706604,1454.2365988812116,23628976
2024-03-01,1481.1622314453125,1488.979373154373,1451.7548888255137,1452.7475417409498,12132926
2024-03-04,1496.3250732421875,1501.337897909408,1476.2982516112518,1479.5243736818861,10024420
2024-03-05,1489.177978515625,1496.3251528023525,1475.1320355384912,1494.712091681268,7107668
2024-03-06,1491.957275390625,1497.9131926576536,1467.6372798835923,1482.4773919378927,7805676
2024-03-07,1468.059326171875,1492.056638756749,1464.7091224345347,1491.9325571368477,8315726
2024-03-11,1455.8248291015625,1478.060279979328,1452.747629113329,1478.060279979328,11277130
2024-03-12,1464.5849609375,1477.0675227494196,1454.261346490045,1455.8247263461558,9432678
2024-03-13,1421.6527099609375,1472.2034859914554,1417.2850129833478,1468.9029635812572,13522134
2024-03-14,1420.957763671875,1437.8825438227764,1415.0266869213976,1429.1223094125826,18571102
2024-03-15,1407.80517578125,1422.694969713975,1402.5193474045138,1415.4733954219128,19223818
2024-03-18,1428.899169921875,1431.1326391984185,1406.1178317705178,1409.56727675182,9169392
2024-03-19,1414.778564453125,1427.0378036957165,1406.8373411480031,1418.252849649116,8275764
2024-03-20,1433.1427001953125,1434.3835163859578,1413.562644941621,1417.4587350761735,8488806
2024-03-21,1440.3145751953125,1447.1887452733042,1434.060934378195,1441.8532357214951,13006936
2024-03-22,1444.3348388671875,1449.2732629085037,1436.716179238339,1439.321893152815,19527608
2024-03-26,1430.983642578125,1441.7291835759677,1428.4276096750873,1434.3835274360674,11415906
2024-03-27,1481.8818359375,1488.979328303771,1436.368725370371,1437.3613782559069,16326644
2024-03-28,1474.933349609375,1494.8856495085238,1467.786296896486,1481.90676076149,21854364
2024-04-01,1473.8662109375,1482.9985690062601,1471.60790139039,1481.5095896793896,5013880
2024-04-02,1476.025146484375,1483.0233977342266,1464.1629930776332,1473.0968689675985,8910166
2024-04-03,1460.7880859375,1473.5436523631188,1458.1079713887636,1471.186101560143,7008292
2024-04-04,1452.1767578125,1468.8780939901114,1439.3466709144527,1468.8780939901114,14490272
2024-04-05,1449.3724365234375,1459.9938949751336,1445.3025839763254,1450.1417667351745,7442298
2024-04-08,1475.057373046875,1480.0206375610207,1450.2658910334067,1452.226356281804,8357118
2024-04-09,1452.896484375,1478.8543827139295,1451.7549092714805,1478.060211901015,7071414
2024-04-10,1468.7044677734375,1476.0749645358123,1455.5766564963697,1455.5766564963697,9138330
2024-04-12,1456.370849609375,1475.5538200544618,1452.3257159957793,1465.0317226594827,15551012
2024-04-15,1454.062744140625,1471.2356878788278,1435.6986653849476,1450.2658952456557,12902062
2024-04-16,1454.98095703125,1460.3661473678603,1440.2649265731254,1442.6720371000315,9366184
2024-04-18,1453.5665283203125,1475.0823301585979,1448.628103973215,1452.7476380801534,19005692
2024-04-19,1459.323974609375,1463.1705049395248,1432.4231028577299,1446.0720814485837,15741778
2024-04-22,1468.9774169921875,1471.9305352298081,1457.0160218672338,1461.6317610616636,10350362
2024-04-23,1448.603271484375,1482.5272357774581,1444.8561033979943,1468.1337674689391,14605554
2024-04-24,1439.5205078125,1457.7605053579202,1438.8504186169605,1452.7475596039474,10462776
2024-04-25,1449.2484130859375,1457.189636393573,1430.9091747445573,1431.9018276580116,15943926
2024-04-26,1441.8780517578125,1454.236532179651,1439.3467383348082,1453.194198141131,9413848
2024-04-29,1454.2613525390625,1457.1152296530197,1439.3467183436048,1439.3467183436048,7247974
2024-04-30,1456.221923828125,1472.178772035999,1452.1272302795285,1457.214576809603,11474262
2024-05-02,1455.775146484375,1466.4708844514234,1453.3679147531318,1461.1850562736174,14512646
2024-05-03,1423.46435546875,1464.1134460205978,1405.7455242326487,1460.1925152681529,17226958
2024-05-06,1409.095703125,1429.4202480421582,1407.5818831415143,1424.9533097670264,7394208
2024-05-07,1391.17822265625,1410.311631866643,1381.772860502106,1405.571689953147,14517472
2024-05-08,1408.1278076171875,1422.42191231512,1387.2324157830615,1387.2324157830615,9439002
2024-05-09,1383.8822021484375,1413.2895438420787,1379.7875090012217,1402.6185253372132,11009612
2024-05-10,1397.0845947265625,1399.6406275450738,1377.8766636438304,1386.4879762578594,10505096
2024-05-13,1392.394287109375,1396.6379028351905,1373.8317248456565,1389.6149314683873,8456620
2024-05-14,1409.6416015625,1416.5901722719507,1389.7389824487905,1390.681954289976,7188300
2024-05-15,1405.86962890625,1419.468926315315,1402.6435067088078,1410.063563528233,5046534
2024-05-16,1414.8778076171875,1417.0120356183081,1387.75361519461,1408.1278405018506,14711774
2024-05-17,1425.15185546875,1426.6408349602225,1402.8668442157614,1412.5948920294334,10916476
2024-05-21,1425.57373046875,1431.231803864575,1415.1260338425998,1415.1260338425998,11176128
2024-05-22,1449.91845703125,1457.9837617014118,1425.722543020764,1425.722543020764,10281604
2024-05-23,1475.1319580078125,1481.2615172416956,1444.3100355832012,1447.8340020088174,14608260
2024-05-24,1469.37451171875,1477.5638984586112,1465.2549777906743,1472.724715385057,7094776
2024-05-27,1455.4774169921875,1473.990419113941,1450.8119965034373,1469.3497180106694,6629010
2024-05-28,1445.501220703125,1467.637430621861,1442.0766163922278,1457.2145743340495,7820162
2024-05-29,1430.1895751953125,1447.287997987601,1427.8815843874524,1435.8724890871501,7383556
2024-05-30,1414.3814697265625,1429.817270893488,1409.6663684202383,1424.9532474164846,13206858
2024-05-31,1419.8907470703125,1431.653659822201,1411.800601617005,1420.7841589242364,31069832
2024-06-03,1499.228515625,1503.3728901534053,1448.2806515244756,1472.1043222829317,21527942
2024-06-04,1387.0091552734375,1487.0437791255476,1349.3131842665355,1487.0437791255476,36709098
2024-06-05,1410.3116455078125,1420.6352601794422,1373.9308915121778,1411.5524616660985,17464890
2024-06-06,1421.0819091796875,1433.0929853880773,1410.9072166555904,1424.4569533735907,17855722
2024-06-07,1459.1500244140625,1461.1850112482903,1416.0193060772324,1418.004611799037,18558696
2024-06-10,1460.5894775390625,1482.3781598703026,1457.2888339961758,1459.150058153404,9251760
2024-06-11,1445.9727783203125,1462.847878399236,1443.9874724286744,1458.20717740815,11774902
2024-06-12,1452.57373046875,1465.155654220818,1444.4837064170613,1446.7915758989445,10081742
2024-06-13,1454.4847412109375,1461.433311890669,1449.3725542618724,1461.1851486521073,9181160
2024-06-14,1466.6944580078125,1468.8038455887872,1446.518713499826,1459.199879544848,8157998
2024-06-18,1470.1439208984375,1476.4720837189377,1460.5399547367645,1476.4224025999808,7196766
2024-06-19,1447.9332275390625,1476.571240472528,1445.3026730272272,1476.571240472528,8725874
2024-06-20,1462.87255859375,1471.9553570393568,1439.4459739347105,1448.2806091505108,16113776
2024-06-21,1443.515869140625,1463.8652545834836,1429.9909727182371,1462.7982011333013,31170360
2024-06-24,1430.88427734375,1438.8503408924523,1426.9385064042085,1434.9045699529108,8878386
2024-06-25,1443.46630859375,1445.2282918111714,1430.4128980926341,1432.3982039886682,7045386
2024-06-26,1502.9013671875,1507.8149506909176,1434.5075565031482,1435.425808927042,22014882
2024-06-27,1519.3050537109375,1526.2039433921725,1494.935374795845,1502.6284353235128,28383030
2024-06-28,1553.89892578125,1569.3842873036351,1519.7764812043604,1519.7764812043604,28957336
2024-07-01,1548.6875,1567.7960689891884,1544.2454023527885,1551.0450507194453,7724306
2024-07-02,1553.675537109375,1561.939323957406,1545.5605512562322,1557.968712393485,7749246
2024-07-03,1541.019287109375,1563.4283787351976,1531.440162014497,1554.8170660210362,9049620
2024-07-04,1542.6075439453125,1555.983518377374,1539.4062623766438,1545.5606622734106,6837176
2024-07-05,1576.9532470703125,1586.755694667964,1536.6267221432645,1542.4088769403465,12269710
2024-07-08,1589.1380615234375,1596.9800437158895,1570.8980643748457,1577.325467706802,9500806
2024-07-09,1578.5911865234375,1588.7410386525216,1568.887979750272,1585.8623208770043,6960002
2024-07-10,1572.5855712890625,1585.7630632323035,1551.6654591589945,1583.2814308954767,7134578
2024-07-11,1569.036865234375,1592.4634499565013,1558.9614138424095,1575.8365135146928,11940946
2024-07-12,1584.9937744140625,1593.3569240772113,1562.9320865975437,1572.8586162043875,12924784
2024-07-15,1585.4901123046875,1594.0517441522056,1573.8512804915936,1592.6620057625546,5329688
2024-07-16,1564.669189453125,1588.24469666931,1557.5965372882695,1581.792452589091,9386838
2024-07-18,1575.0177001953125,1582.1895936713806,1546.3795650620239,1564.4210812674708,12298374
2024-07-19,1543.7242431640625,1578.293333314245,1541.3915329908289,1574.3475621142547,13140390
2024-07-22,1489.6495361328125,1526.203933085127,1488.2597977476694,1525.9557698439748,19674376
2024-07-23,1476.96826171875,1494.6870915999891,1452.2511804820083,1489.9719903646578,18052044
2024-07-24,1484.7109375,1498.4095963901725,1465.552808673545,1474.0895996286229,11913362
2024-07-25,1481.435302734375,1489.4509269223795,1466.2228234080762,1470.1190347480779,12519876
2024-07-26,1497.9381103515625,1501.3131545447015,1479.4002684339398,1481.4352554076795,9859940
2024-07-29,1508.931640625,1516.2772962786503,1500.6678537480493,1500.8414953005092,7538550
2024-07-30,1502.0328369140625,1513.7957501477324,1498.9059558839842,1505.8793670988641,8228208
2024-07-31,1494.364501953125,1499.3524857083617,1490.1208866802617,1492.9499231376883,10057346
2024-08-01,1504.1671142578125,1506.8472288436842,1493.2479314401046,1500.8913109431162,10764222
2024-08-02,1488.309326171875,1498.2358556077295,1482.303848567256,1493.9426800961044,10268248
2024-08-05,1436.69140625,1472.997761203301,1422.7198642160924,1469.126390399314,17046704
2024-08-06,1445.352294921875,1466.6446510309138,1440.6619130584993,1444.4588830824964,10236186
2024-08-07,1454.062744140625,1461.6814036613468,1450.7622216985117,1458.2071184913539,8174568
2024-08-08,1438.4781494140625,1454.2365143735713,1435.3017085687702,1446.8164580997684,12387192
2024-08-09,1463.46826171875,1465.6520496932055,1445.3026646483625,1449.2732763644294,6249776
2024-08-12,1449.8936767578125,1462.1777566892652,1447.0397996020206,1459.199797918004,8184584
2024-08-13,1452.8717041015625,1459.2742672925806,1447.28803114191,1450.0178268110735,6265064
2024-08-14,1451.109619140625,1461.1850703208015,1443.0194737625147,1452.7972017764512,6267466
2024-08-16,1467.339599609375,1469.5235088888628,1447.3377388233519,1457.8598362701878,9416902
2024-08-19,1482.4791259765625,1492.3397678065596,1474.6105280885965,1476.6025720306277,13797742
2024-08-20,1489.9990234375,1497.9423959482733,1484.0976661921165,1491.268975771349,8411808
2024-08-21,1492.7132568359375,1501.8766102174725,1484.072717714687,1487.30978907883,7769996
2024-08-22,1492.1654052734375,1500.5070892244864,1484.720165407205,1497.0210123494212,10445782
2024-08-23,1494.008056640625,1505.3128818837536,1492.4642955105633,1497.768063961028,9249654
2024-08-26,1506.5828857421875,1516.941539085057,1497.021098650585,1500.9802618699923,8816114
2024-08-27,1494.481201171875,1507.4544123852302,1493.485179145279,1504.4912711730515,6251156
2024-08-28,1492.33984375,1501.4782728482842,1487.0608784010915,1499.0131426615155,9610286
2024-08-29,1514.874755859375,1530.885760314005,1488.0568158159556,1497.1205913811584,38335358
2024-08-30,1503.6197509765625,1533.599989641746,1497.3447635789732,1527.89778785993,41620730
2024-09-02,1510.2183837890625,1520.7264647058682,1500.6316718721823,1504.8647654458696,11240852
2024-09-03,1503.1217041015625,1516.941509382377,1501.5031683479538,1515.1984708784905,10923800
2024-09-04,1508.525146484375,1511.4633627071519,1493.534966971581,1494.7301447200666,11983304
2024-09-05,1487.035888671875,1519.7054581926027,1481.1345314015284,1513.0072347057646,16264168
2024-09-06,1458.997802734375,1491.0448575756723,1455.8105811316245,1486.5627588054047,19394228
2024-09-09,1456.63232421875,1464.07768593117,1449.809597840599,1460.666261949736,9010298
2024-09-10,1455.7110595703125,1466.1942153054945,1451.7766997689328,1454.6901127162012,10768260
2024-09-11,1445.7259521484375,1462.9073318760024,1441.7917138302157,1457.2300550346945,9760202
2024-09-12,1473.913330078125,1480.088617533546,1440.1232367942907,1451.2039809867947,22349376
2024-09-13,1466.766845703125,1477.2500011980833,1463.6542770635715,1470.5268529366479,8711328
2024-09-16,1465.4969482421875,1475.0090069946318,1458.9232273463058,1471.6723576050656,5481774
2024-09-17,1466.4432373046875,1471.5975781970765,1460.790763828237,1468.1364260685732,5935328
2024-09-18,1457.6282958984375,1476.10455198121,1454.7399294679985,1464.1522884024148,8574714
2024-09-19,1463.82861328125,1470.6264144806405,1449.7598031867433,1460.4171894563083,16955902
2024-09-20,1480.0140380859375,1489.0528890965668,1465.5218693608433,1468.136427109257,30897320
2024-09-23,1487.434326171875,1495.5270047691104,1483.026880271187,1485.0687739665293,8832314
2024-09-24,1483.4501953125,1494.530939532627,1481.9561623839436,1482.5786761041754,17137444
2024-09-25,1488.0069580078125,1490.5468626388433,1474.3116560624171,1477.9970102640052,7069002
2024-09-26,1491.9910888671875,1498.017070530802,1482.1305684499498,1484.7202013028073,18818998
2024-09-27,1520.1038818359375,1527.3747692811157,1486.0647823070499,1493.0369361114394,20597478
2024-09-30,1470.701171875,1518.9086621673466,1468.5348969230117,1513.3558880158446,27008814
2024-10-01,1458.997802734375,1482.0308103038055,1457.0057588364782,1474.7599230273088,16431642
2024-10-03,1401.3780517578125,1443.634334423912,1396.4975195620746,1430.8602791168494,37757294
2024-10-04,1381.0093994140625,1411.711728297617,1376.2782950115372,1398.34020617394,37072876
2024-10-07,1365.272216796875,1390.9447078848398,1355.9594355150189,1387.9566419173104,22181340
2024-10-08,1391.791259765625,1395.4267642320656,1359.669551595401,1367.513224520688,17020808
2024-10-09,1369.1318359375,1395.4019165531051,1367.0402140253339,1391.9656892391695,14310610
2024-10-10,1365.595947265625,1380.4864268287754,1363.9774115920343,1374.5352199766685,22358646
2024-10-11,1366.6417236328125,1377.7723178051706,1363.3797273571677,1364.5501018082973,7980122
2024-10-14,1367.0650634765625,1374.5849563155427,1362.8070452852592,1373.962442591221,12221432
2024-10-15,1338.678466796875,1366.243302159234,1335.3666207605413,1353.1207855156183,33762794
2024-10-16,1348.6884765625,1358.5740438069333,1332.3039628645522,1334.6695151768993,20034438
2024-10-17,1351.0291748046875,1363.0062419523483,1346.6715786036464,1360.2671814831224,15543660
2024-10-18,1353.8927001953125,1362.9814005892638,1335.9891081789099,1346.796043723323,12082452
2024-10-21,1363.7532958984375,1368.5342502099143,1352.3239675798945,1361.686598848784,14067408
2024-10-22,1338.006103515625,1370.5262455038624,1334.8935348257999,1363.7532474009167,15831960
2024-10-23,1333.2003173828125,1352.0748848775756,1329.689315659354,1332.1793705575924,17214742
2024-10-24,1334.4703369140625,1338.3547254831988,1317.8616212723593,1329.9633130042932,22155934
2024-10-25,1322.5677490234375,1339.002111534351,1316.7410448137834,1338.1555171764887,18597496
2024-10-28,1329.0418701171875,1347.6177038778262,1316.8406011796387,1331.6813526124565,10824350
2024-10-29,1334.66943359375,1337.856655249044,1315.0478495098762,1322.8167478889227,12008361
2024-10-30,1338.553955078125,1344.62966480214,1320.0776988278842,1329.6893351932274,11984423
2024-10-31,1326.7510986328125,1337.6574904459744,1320.8745447599274,1334.6694245700712,9331650
2024-11-01,1333.3248291015625,1336.6116286385318,1327.6972806767253,1327.7471304089104,2127335
2024-11-04,1296.9700927734375,1334.6695017714562,1279.9878687625326,1332.5280301195805,19796890
2024-11-05,1300.1075439453125,1304.3406373759979,1281.0336986406933,1287.8564249120313,16267479
2024-11-06,1320.0777587890625,1323.0160966964434,1295.0277806900112,1304.7888451117578,21625209
2024-11-07,1300.4561767578125,1318.7331565363688,1297.4182609581876,1318.7331565363688,9611974
2024-11-08,1278.6431884765625,1296.4720058402277,1269.9279963447846,1292.4879180085577,19814406
2024-11-11,1267.6370849609375,1280.884225507143,1261.9598084895413,1273.8622221377802,9056552
2024-11-12,1269.1810302734375,1284.1712099692156,1262.4578817905294,1270.4759075040322,10671091
2024-11-13,1247.0693359375,1270.3761523895544,1244.5294313213271,1265.196886863478,14633633
2024-11-14,1262.5574951171875,1267.537605244334,1246.1231316976048,1248.613186761178,12612633
2024-11-18,1255.7347412109375,1267.8364328732807,1238.951794764919,1262.55746761959,13620611
2024-11-19,1236.710693359375,1276.4021442257297,1230.236550606767,1255.734688515481,14183746
2024-11-21,1218.1348876953125,1239.0014996478671,1212.407761281373,1236.7107220331202,19433843
2024-11-22,1260.3662109375,1263.8024380613526,1217.586994857739,1224.509420421979,20471957
2024-11-25,1281.8802490234375,1299.260783408558,1277.3483005192684,1284.868314871977,28923341
2024-11-26,1290.545654296875,1292.687125909721,1279.0914013187908,1289.7986377983043,9247557
2024-11-27,1288.0555419921875,1298.6632001168684,1280.8842325588682,1288.3543972122054,9572746
2024-11-28,1265.7447509765625,1291.442044503892,1264.0017125526565,1284.818474176107,15027412
2024-11-29,1287.0595703125,1294.3305794929802,1270.177046170391,1274.9081506356404,13202307
2024-12-02,1303.9422607421875,1306.133460567327,1271.9699779978703,1282.876370557777,11024152
2024-12-03,1318.035888671875,1321.5219654799555,1301.8006823317874,1311.7609017834461,16869482
2024-12-04,1303.742919921875,1323.1156203515295,1298.8625094957517,1320.7251432865569,19608540
2024-12-05,1316.7908935546875,1324.6593698468237,1300.9541199209712,1309.1214514378748,16858723
2024-12-06,1306.3326416015625,1318.6334884089777,1304.7887589399247,1318.6334884089777,9037514
2024-12-09,1289.9979248046875,1309.7689372979064,1287.9560310594236,1297.8166732313093,14650002
2024-12-10,1279.73876953125,1289.7488386952925,1275.107243177966,1284.121290398709,16043729
2024-12-11,1273.115234375,1284.8683422637005,1270.9738844056644,1279.8882324099652,11724373
2024-12-12,1257.876220703125,1273.1152845047754,1255.5853214463157,1264.9479526569407,20906813
2024-12-13,1267.78662109375,1270.1272485556606,1234.6688884780408,1254.9877622795104,28630222
2024-12-16,1263.2547607421875,1275.904191603511,1261.511722229068,1269.9280595585296,9486781
2024-12-17,1240.34619140625,1258.8721754853295,1237.8561365143116,1256.033537225462,17462791
2024-12-18,1248.2645263671875,1254.9378248920182,1235.714673937889,1235.714673937889,12670179
2024-12-19,1225.55517578125,1239.947766097918,1224.1109925687356,1234.0712121990753,14244653
2024-12-20,1200.50537109375,1234.5692750261348,1196.7204388413884,1219.1309339507777,20312896
2024-12-23,1217.437744140625,1222.3181546925216,1208.3738466363206,1210.1667348774333,10052824
2024-12-24,1217.8858642578125,1228.6429501715868,1216.1428258096823,1217.4377030050357,6734917
2024-12-26,1211.7105712890625,1222.8161189414398,1209.4196721335327,1219.3798917928577,10016178
2024-12-27,1216.1927490234375,1223.0154756156849,1212.1588111658666,1213.4536884394554,7000397
2024-12-30,1205.8837890625,1218.3340640862093,1203.294156174512,1211.5611874241417,8818766
